33II|nonneg_iff_matForm|Theses/A/VN/Basic.lean|ok|none|restatement of cstar.tex 33II part 1 (0 <= M iff 0 <= sum a_i* M_ij a_j) for CStarMatrix, which it renders exactly; parts 2 and 3 of that exercise belong to A/CStar and are not rendered here. Exercise, no thesis proof
34V|adPositive|Theses/A/VN/Basic.lean|ok|none|auxiliary bundling of cstar.tex 34V.1 (b -> a* b a is completely positive) as a mere positive linear map; complete positivity is not claimed by this def
34XIV|ncp_cp_cs|Theses/A/VN/Basic.lean|ok|none|specialisation b = 1 of cstar.tex 34XIV cp-cs (f(a*b)f(b*a) <= ‖f(b*b)‖ f(a*a)) in the form 45II and 61II use it; the general statement is Theses.A.CStar.cp_cs, which this proof calls, so nothing is lost. Constant is ‖f(1)‖ and not the ‖f(1)‖^2 that the thesis writes at 61III, so ours is the sharper of the two
38II|vectorNP|Theses/A/VN/Basic.lean|ok|none|bundles cstar.tex 38II (all vector functionals on B(H) are normal) plus positivity into an NPFunctional; normality is imported as Theses.A.CStar.vector_functional_normal
39IX|hasSum_omegaNorm_sq|Theses/A/VN/Basic.lean|ok|none|auxiliary consequence of cstar.tex 39IX bh_np, not a transcription of it: ‖T‖^2_omega = sum_n ‖T x_n‖^2 for a representation of omega as sum of vector functionals
39IX|usTendsto_zero_of_norm_apply_coord|Theses/A/VN/Basic.lean|ok|none|auxiliary for 43II parts 2 and 4, using 39IX bh_np plus Tannery; not a transcription of 39IX
42I|vonNeumannAlgebra_of_starAlgEquiv|Theses/A/VN/Basic.lean|ok|none|not in the thesis as a statement: transport of Kadison's definition 42I along a *-isomorphism. Both universes forced equal, which the thesis does not need but which costs nothing here
42I|VonNeumannAlgebra,dirSup,isLUB_dirSup|Theses/Common.lean|ok|none|Kadison's Definition itself (vn.tex:165-190), never rowed until now, checked clause by clause. Clause 1 (every bounded directed D ⊆ sa(𝒜) has a supremum ⋁D in sa(𝒜)) is the field isLUB_of_bddAbove_directed; clause 2 (the normal positive functionals are faithful: 0 ≤ a and ω a = 0 for every np-functional ω forces a = 0) is the field np_faithful; the notation ⋁D that clause 1 introduces is dirSup, with isLUB_dirSup for its defining property. The footnote (centre separating would already suffice) is a remark and is deliberately not rendered. Two deviations, both benign. (i) Lean adds D.Nonempty, which the printed 'bounded directed subset' leaves implicit -- and must, since ∅ is bounded and vacuously directed while no nonzero C*-algebra has a least self-adjoint element; cstar.tex:6337 writes 'non-empty upwards directed' for the same notion at 𝓑(ℋ), so the convention is the thesis's own. (ii) 'bounded' is norm-bounded in the thesis (vn.tex:105 'norm bounded directed suprema', cstar.tex:6410 '(norm) bounded') where the field writes BddAbove, which is the weaker hypothesis on D: the set of -n·1 for n ∈ ℕ is upward directed and bounded above by 0 yet norm-unbounded. The two readings of clause 1 nevertheless cut out the same class of algebras, because for any d₀ ∈ D the subset D ∩ [d₀,∞) is directed, cofinal in D (so it has the same upper bounds and hence the same suprema) and norm-bounded, d₀ ≤ d ≤ b giving ‖d‖ ≤ max(‖d₀‖,‖b‖). Unitality is the thesis's convention too (cstar.tex:131 Warning) and matches Mathlib's CStarAlgebra. The order is carried by the assumed [PartialOrder 𝒜] [StarOrderedRing 𝒜] rather than reconstructed. Definition, no proof to match. The other 42I row in this file, vonNeumannAlgebra_of_starAlgEquiv, is the transport of this definition along a ∗-isomorphism and not the definition|2026-08-27 A/CStar+A/VN unrowed pass: row added, graded from the printed Definition and not inherited. audit_check.py's UNROWED check found the definition of thesis A's central object named by no audit row at all.
42II|NPFunctional,PreservesDirSups|Theses/Common.lean|ok|none|the definition of an np-functional (vn.tex:196-205, def-np-functional), never rowed until now, checked clause by clause. 'Positive linear map ω : 𝒜 → ℂ' is the extended Mathlib PositiveLinearMap 𝒜 →ₚ[ℂ] ℂ, i.e. ℂ-linear plus monotone; for a linear map between ordered groups monotone and positivity-preserving are the same condition, so this is the printed hypothesis and not a strengthening. 'Normal' is the field preservesDirSups', unfolding to PreservesDirSups (Common.lean:37), which for nonempty directed D with IsLUB D s asserts IsLUB (ω '' D) (ω s) -- the printed ω(⋁D) = ⋁_{d∈D} ω(d), with the existence of the right-hand side asserted rather than presupposed, which is the reading the printed equation carries. The image supremum is taken in ℂ under ComplexOrder, but an upper bound in ℂ of a set of reals is real, so it is the supremum in ℝ that ⋁_{d∈D} ω(d) means. Two deviations, both benign. (i) D.Nonempty is added, as in 42I. (ii) The printed condition quantifies over bounded directed D having a supremum, PreservesDirSups over all directed D having a supremum, which is formally the larger class (IsLUB D s gives BddAbove D but not norm-boundedness). The two conditions on ω are equivalent: given directed D with ⋁D = s, pick d₀ ∈ D and put D' = D ∩ [d₀,∞), which is directed, cofinal in D, contained in [d₀,s] and hence norm-bounded, with ⋁D' = s; and since ω is monotone and D' cofinal, ω '' D and ω '' D' have the same upper bounds. So NPFunctional is exactly the printed class and not a subclass of it. No boundedness or continuity is bundled, matching the thesis, where automatic boundedness of a positive functional and the equivalence of normality with ultraweak continuity (44XV, p-uwcont) are theorems rather than parts of the definition. Definition, no proof to match|2026-08-27 A/CStar+A/VN unrowed pass: row added, graded from the printed Definition and not inherited. audit_check.py's UNROWED check found that the object every normality statement in both theses quantifies over had no audit row.
42III|omegaNorm|Theses/A/VN/Basic.lean|ok|none|def of ‖a‖_omega = omega(a* a)^(1/2), matching vn.tex 42III exactly (re of a nonnegative complex number)
42III|ultraweak|Theses/A/VN/Basic.lean|ok|none|least topology making every np-functional continuous, exactly 42III
42III|ultrastrong|Theses/A/VN/Basic.lean|ok|none|the seminorm topology of 42III, generated by the open balls {a : ‖a-b‖_omega < eps}. MATCHES THE PRINTED TEXT as of 2026-08-23 (vn.tex, commit 9a7c8ed, erratum parsec-420.30): the point used to describe the opens with CLOSED balls, '<= eps', which generates a strictly finer topology (at A = C with omega = id the closed disc would be open); it now reads '< eps'. The same erratum fixed the ultraweak convergence clause, which had omega(b_alpha) -> b where the limit must be omega(b) -- our uwTendsto_iff already carried the corrected form.
42III|uwTendsto_iff|Theses/A/VN/Basic.lean|ok|none|42III's embedded claim 'one can verify'; the thesis gives no proof
42III|usTendsto_iff|Theses/A/VN/Basic.lean|ok|none|42III's embedded claim 'one can prove'; the thesis gives no proof
42III|ultrastrong_ball_mem_nhds|Theses/A/VN/Basic.lean|ok|none|auxiliary: the generating balls of 42III are neighbourhoods
42III|continuous_ultraweak_of_forall|Theses/A/VN/Basic.lean|ok|none|auxiliary: 42III's ultraweak topology is the initial topology of the np-functionals
42V|complexIdNP|Theses/A/VN/Basic.lean|ok|none|auxiliary witness for 42V.1
42V|anonymous instance VonNeumannAlgebra ℂ (Basic.lean:666)|Theses/A/VN/Basic.lean|ok|none|42V.1, first half: C is a von Neumann algebra. The second half of 42V.1, that {0} is one, is not stated (the doc comment says 'any subsingleton C*-algebra is one too, trivially' but no declaration records it)
42V|inner_diag_mono|Theses/A/VN/Basic.lean|ok|none|auxiliary for 42V.2
42V|anonymous instance VonNeumannAlgebra (H →L[ℂ] H) (Basic.lean:735)|Theses/A/VN/Basic.lean|ok|none|42V.2: B(H) is a von Neumann algebra. Thesis cites hilb-suprema (37IX) and hilb-vector-states-order-separating; ours uses hilb_suprema_1/2 and the vector functionals, i.e. the thesis's own justification. The doc records that 37XI's bhSup repackaging would have needed norm boundedness, which an order-bounded directed set need not have
42V|vonNeumannAlgebra_lp_infty|Theses/A/VN/Basic.lean|weaker|none|42V.3 / 47IV.1: the direct sum of von Neumann algebras is one. Ours assumes [ForAll i, Nontrivial (A i)], which the thesis does not (42V.1 explicitly allows {0} as a summand). The hypothesis comes from the CStarAlgebra instance on lp A infinity and is harmless, but it is an assumption the source does not make|left-cost, and RE-COSTED 2026-08-29 BY ATTEMPTING IT. The construction is not the expensive part and the recorded estimate had it backwards. Findings, in order. (1) The mathematical core was ALREADY IN THIS TREE: norm_one_le' at A/CStar/Positive.lean:2742, private, the case split on subsingleton_or_nontrivial, in the same file as lpInftyCStarAlgebra and already used twice. RE-SEARCHED 2026-08-29 AND IT IS IN THE TREE THREE TIMES OVER, TWO OF THEM EARLIER THAN norm_one_le' AND ONE OF THEM PUBLIC, which removes the last reason to site the work in A/CStar/Positive. `scalar_norm_2` at Theses/A/CStar/Basic.lean:1211 is PUBLIC, in namespace Theses.A.CStar, in a file whose only import is Theses.Common, and says `norm (algebraMap C A z) <= norm z`, which at z = 1 IS this lemma, one line away through map_one; it has no consumer anywhere in the tree. `norm_one_eq_one_or_zero` at Theses/A/CStar/Basic.lean:1202 is the same fact as a disjunction, private, consumed at :1214 and :1229. A fourth proof is written inline at Theses/A/VN/Projections.lean:3391 and a fifth, for bounded operators, at Theses/A/CStar/TowardsVN.lean:1661. So the six-line lemma is ZERO lines of new mathematics and nothing needs un-privating. Mathlib lacks it - CStarRing.norm_one is gated on Nontrivial because its proof divides by the norm - and Mathlib's own comment at Analysis/CStarAlgebra/lpSpace.lean:29 asks for exactly it, 'we have no way to say that the norm of 1 is uniformly bounded as a type class'. For C*-algebras it is bounded by 1, always. (2) Mathlib's ENTIRE unital lp tower is gated on ONE lemma, one_memlp_infty: lpInftySubring, inftyRing, lpInftySubalgebra, inftyNormedAlgebra, the casts and the coeFn simp lemmas are all boilerplate over it. Rebuilding that lemma without Nontrivial rebuilds the tower in about 50 lines, not the 200-320 recorded. (3) IT COMPILES. lpInftyCStarAlgebra with the binder dropped builds clean, and the new tower is DEFINITIONALLY EQUAL to Mathlib's where both apply - the example lpInftyNormedRing' = lp.inftyNormedRing is accepted by rfl. (4) AND IT BREAKS THREE MODULES, which is the real cost and which no earlier costing named: A/Proc/Measurement, A/Proc/QuantumLambda and A/Proc/Duplicators all fail, 37 errors in Duplicators alone, cascading from linfMap no longer being applicable (function expected). The reason is that linf X is DEFINED as lp (fun _ : X => C) inf at QuantumLambda.lean:294, so every L-infinity consumer in A/Proc has its coercion path through this tower. Marking the component instances low priority does not help, because lpInftyCStarAlgebra itself bakes in whichever NormedRing was in scope when it was elaborated. Reverted, and the downstream closure rebuilt to confirm the tree is back to green. SO THE COSTING IS: about 50 lines in A/CStar/Positive.lean, plus repair of the A/Proc linf coercion paths, which is unbounded until someone reads those 37 errors. AMENDED 2026-08-29 BY THE RE-SEARCH ABOVE: those 50 lines are ALL boilerplate and none of them is mathematics, and they need not go in A/CStar/Positive.lean, because the fact they stand on is already public in A/CStar/Basic.lean. The dominant term is unchanged and the item is still not small. Mathlib re-checked in full today and still has nothing: no `norm_one_le` under any name or by content, no class weaker than `NormOneClass` (single field `norm_one : norm (1 : a) = 1`, Mathlib/Analysis/Normed/Ring/Basic.lean:165-167), `CStarRing.norm_one` still gated on `[Nontrivial E]` at Mathlib/Analysis/CStarAlgebra/Basic.lean:228; and none of the eight boilerplate declarations exists under Theses/, only prose mentions at Theses/A/Proc/Duplicators.lean:2848 and Theses/A/VN/Basic.lean:853. Binder recount today by `grep -o` for `ForAll _, Nontrivial`: 71 occurrences, same eight files, against the 58 recorded below, Projections and Duplicators being in flux this session. The recommendation is NOT to do it as a binder removal. If a Nontrivial-free instance is ever genuinely needed, supply it locally at the site that needs it rather than replacing the global one. -- EARLIER RECORD, kept: left-cost: the `[∀ i, Nontrivial (𝒵 i)]` binder is Mathlib's, not the thesis's — `Mathlib/Analysis/CStarAlgebra/lpSpace.lean` gives `NormedRing (lp A ∞)` only under it (with its own comment that this is "slightly weird"). Dropping it means re-founding the ring structure of `lp 𝒵 ∞` against a different instance, not repairing our transcription. Documented at both section heads and on `vonNeumannAlgebra_lp_infty` since 9f9a3d7. Costed and left. -- 2026-08-26 A/VN stmt pass: LEFT under reason 4 (machinery), reason RE-VERIFIED against the current Mathlib checkout and now COSTED WITH A NAMED LIST. Mathlib/Analysis/Normed/Lp/lpSpace.lean gates the entire UNITAL chain on [ForAll i, NormOneClass (B i)]: one_memlp_infty (:915), lpInftySubring (:923), lp.inftyRing (:928), lp.inftyNormedRing (:958), algebraMap_memlp_infty (:987), lpInftySubalgebra (:993), Algebra k (lp B infty) (:999), lp.inftyNormedAlgebra (:1001); Mathlib/Analysis/CStarAlgebra/lpSpace.lean:31 then derives NormedRing (lp A infty) from [ForAll i, Nontrivial (A i)] via CStarRing.norm_one, with its own comment that this is 'slightly weird'. The MATHEMATICS does not need it -- in any C*-algebra the norm of 1 is 0 or 1, so Memlp 1 infty holds outright -- but dropping the binder means re-deriving all EIGHT of the declarations above under [ForAll i, CStarAlgebra (A i)] alone, and each re-derivation is an instance COMPETING with Mathlib's on every family that happens to be nontrivial. Estimate 150-250 lines plus an instance-priority regime to keep the diamond from firing; the right home is upstream (NormOneClass is the wrong gate for C*-algebras). Not a transcription repair, and not attempted.  MISFILED, CORRECTED 2026-08-29: the 2026-08-26 pass wrote the ground as number 2, which sorry_map.py's VERDICTS table glosses as a defect in the printed text, and scripts read this row as the author's because of it. Nothing here is a defect of the printed text: the binder or the missing machinery is Mathlib's or ours, the costing above is a costing, and ground 4 is the one the table glosses as costed machinery. Re-filed under ground 4, which is where the row's own opening verdict and its own gloss already put it. Substance re-checked this pass and unchanged.  FIGURE RE-DERIVED AND RECONCILED 2026-08-29, because two rows costed the SAME job at different prices: this row said 150-250 and the 20aI `cstar_product_2_miu` row of docs/audit/acstar-positive.csv said ~60 for the tower plus ~250 for the consumers, i.e. ~310. Reconciled figure, and the one the backlog should carry ONCE for all seven rows that hang on this binder: 200-320 lines. The re-derivation, against the checkout today. (1) THE WHOLE MATHEMATICAL CONTENT IS ONE SIX-LINE LEMMA. Mathlib/Analysis/Normed/Lp/lpSpace.lean opens `variable [ForAll i, NormOneClass (B i)]` twice, at :914 and at :982, and the ONLY two places that hypothesis is consumed are `one_memlp_infty` (:915, proof `norm_one.le`) and `algebraMap_memlp_infty` (:984, proof `one_memlp_infty.const_smul k`). Every one of the eight declarations listed above is boilerplate over the single fact `Memlp (1 : ForAll i, A i) infinity`, and that fact needs only `norm (1 : E) <= 1`, which holds in EVERY C*-ring because norm(1)^2 = norm(star 1 times 1) = norm(1). MATHLIB HAS NO SUCH LEMMA: `CStarRing.norm_one` (Mathlib/Analysis/CStarAlgebra/Basic.lean:228) is stated under `[Nontrivial E]` and there is no `norm_one_le` anywhere under Mathlib/Analysis. Writing it is about SIX LINES and it is the only new mathematics in the whole job -- SMALL, AND READY TO BUILD, though on its own it closes no row. (2) The eight boilerplate re-derivations are ~60 lines, as the 20aI row says; that half of its figure stands. (3) The competing-instance hazard is real but smaller than recorded: a local and Mathlib `Subring` of `PreLp B` would differ ONLY in the `one_mem'` field, which is a Prop, so the two `Ring (lp A infinity)` instances are definitionally equal by proof irrelevance and the diamond should not bite. It still has to be tried, and that trial is the risk the range covers. (4) THE FILE LIST ON BOTH ROWS IS WRONG. A recount today of `[ForAll x, Nontrivial ...]` binders gives 58 occurrences across EIGHT files, not 55 across five: A/CStar/Positive 7, A/CStar/Matrices 2, A/Proc/Tensor 17 (twelve of them `omit` lines, which simply vanish with the binder), A/Proc/QuantumLambda 20 (about seven of which are `[ForAll j, Nontrivial (K j)]` on Hilbert spaces and one on `VNT`, unrelated to lp), A/VN/Basic 7, A/VN/Projections 5, A/Proc/Duplicators 3, A/VN/Division 1. Neither costing named A/VN/Basic, A/VN/Division or A/Proc/Duplicators. Deleting a binder is not writing a line, so ~250 for the consumers is high; budget 120-200 for the sites that actually break. (5) THE CHEAPER PLAN, NAMED BY NEITHER COSTING, IS UPSTREAM. Mathlib's own comment at Mathlib/Analysis/CStarAlgebra/lpSpace.lean:29-30 says it has 'no way to say that norm (1 : A i) is uniformly bounded as a type class aside from ForAll i, NormOneClass (A i)'. A one-field class saying `norm (1 : E) <= 1`, with instances from `NormOneClass` and from `CStarRing`, and the two `variable` lines at lpSpace.lean:914 and :982 weakened to it, is about 40 lines IN MATHLIB and makes all 58 binders here deletable with no competing tower and no diamond at all. That is where this row already said the fix belongs, and it is now costed. SHARED, NOT ADDITIVE: the 200-320 covers this row, 20aI `cstar_product_2_miu`, 20aI `cstar_product_2_pu`, 34VI `cstar_product_4_proj` and the three 47IV `vn_products_*` rows. Additional for each of the other six: 0.
42V|IsVNSubalgebra|Theses/A/VN/Basic.lean|ok|none|42V.4, the definition of a von Neumann subalgebra: norm-closed *-subalgebra closed under suprema of nonempty bounded directed sets of self-adjoint elements. The thesis's parenthetical '(and is itself a von Neumann algebra)' is not recorded by any declaration
42V|wstar|Theses/A/VN/Basic.lean|ok|none|42V.4a, W*(S) as the intersection of all von Neumann subalgebras containing S
42V|isVNSubalgebra_wstar|Theses/A/VN/Basic.lean|ok|none|42V.4a, well-definedness: the intersection is again a von Neumann subalgebra containing S. Exercise-free remark in the thesis, no proof given
43I|norm_apply_le_omegaNorm|Theses/A/VN/Basic.lean|stronger|none|43I.1 (vn.tex:340) without the von Neumann hypothesis, which the argument does not use -- re-checked against the binders 2026-08-27: the governing variable line is Basic.lean:63 and gives CStarAlgebra only, and the file's first [VonNeumannAlgebra A] is at :4207, far below. Free strengthening, declared in the doc comment. One rendering point the note did not state: the thesis's norm of omega is rendered as (omega 1).re, which is forced -- there is no Norm instance on NPFunctional anywhere in the tree -- and the two agree for a positive functional on a unital C*-algebra|left-benign: free strengthening — the von Neumann hypothesis is unused and the thesis's setting supplies it. Statement unchanged and the doc comment declares the drop. Not a defect.
43I|continuous_ultrastrong_npFunctional|Theses/A/VN/Basic.lean|ok|none|the content of 43I.1 restated as ultrastrong continuity; auxiliary for 43I.2 and 43I.3
43I|ultrastrong_le_ultraweak|Theses/A/VN/Basic.lean|ok|none|topology-level form of 43I.2 and 43I.3; Exercise, no thesis proof
43I|uwweaker_1|Theses/A/VN/Basic.lean|ok|none|43I.1. The thesis writes ‖omega‖^(1/2); ours writes omega(1)^(1/2). Equal for a positive functional on a unital C*-algebra (‖omega‖ = omega(1), cstar.tex 34XVI cp-russo-dye), but that identity is nowhere invoked, so the two forms are only equivalent modulo an unstated fact. Declared in the doc comment
43I|uwweaker_2|Theses/A/VN/Basic.lean|ok|none|43I.2
43I|uwweaker_3|Theses/A/VN/Basic.lean|ok|none|43I.3
43I|continuousWithinAt_ultrastrong_of_ultraweak|Theses/A/VN/Basic.lean|ok|none|auxiliary repackaging of 43I
43Ia|infima_in_vna|Theses/A/VN/Basic.lean|ok|none|43Ia infima-in-vna: existence of infima of nonempty bounded filtered sets. The thesis's explicit formula AND F = -(OR {-d : d in F}) is not recorded, only existence; and the preliminary observation that a -> -a is an order-reversing isomorphism is not stated
43II|ketbraNat|Theses/A/VN/Basic.lean|ok|none|the operator ketbra(n,m) on l^2 of 43II.1, as ketbra e_n e_m; matches the thesis's coordinate description
43II|ketbraNat_apply|Theses/A/VN/Basic.lean|ok|none|OUR DOC DEFECT: this doc comment announces 43II.1 (the computation rules for ketbra(n,m)), but the declaration it sits on merely unfolds the action of ketbraNat. The actual 43II.1 is the next declaration, vn_counterexamples_1, which carries no doc comment at all
43II|vn_counterexamples_1|Theses/A/VN/Basic.lean|ok|none|43II.1, the computation rules (ketbra(n,m))* = ketbra(m,n) and ketbra(n,m) ketbra(l,k) = delta_ml ketbra(n,k). Carries no doc comment in the source (see the ketbraNat_apply row); verdict is on the statement as elaborated
43II|vn_counterexamples_2_sup|Theses/A/VN/Basic.lean|ok|none|43II.2 first half. Thesis sums n = 0..N, Lean over Finset.range N; same set of partial sums
43II|vn_counterexamples_2_tendsto|Theses/A/VN/Basic.lean|ok|none|43II.2 second half. The two morals the thesis draws (ultrastrong convergence does not imply norm convergence, and ‖b_n‖ need not converge to ‖b‖) are not separately recorded
43II|vn_counterexamples_3|Theses/A/VN/Basic.lean|ok|none|43II.3 main claim. The opening 'Note that' of 43II.3 (ultrastrong convergence of a_alpha implies ultraweak convergence of a_alpha* a_alpha) is not stated here; it is one direction of 46II usconv. The trivial half (1 = e^{-in}e^{in} converges) is not stated either
43II|vn_counterexamples_4_ket|Theses/A/VN/Basic.lean|ok|none|43II.4 first half
43II|vn_counterexamples_4_bra|Theses/A/VN/Basic.lean|ok|none|43II.4 second half
43II|vn_counterexamples_4_star|Theses/A/VN/Basic.lean|ok|none|43II.4 conclusion
43II|vn_counterexamples_5|Theses/A/VN/Basic.lean|ok|none|43II.5. Exercise, no thesis proof; the exercise asks for 'no ultrastrongly convergent subnet', ours contradicts compactness through the sequentially compact image under a -> a e_0 in l^2. Same content, different mechanism|left: an Exercise with no thesis proof. Both routes contradict the same fact (no ultrastrongly convergent subnet); neither mechanism is 'the content'. -- 2026-08-26 A/VN route pass: RECLASSIFIED route -> none, reason 1. vn.tex:445-449 is the whole of 43II.5 -- "Show that the unit ball (B(l^2))_1 of B(l^2) is not ultrastrongly compact by proving that (ketbra 0 n)_n has no ultrastrongly convergent subnet" -- and asols.tex has no solution for vn-counterexamples, so there is no thesis argument to match. 110 other rows reading "Exercise, no thesis proof" are classed none; this was one of only two left at route. Note also that our proof IS the exercise method in substance: compactness of the ball would make its continuous image under a -> a e_0 compact, and IsCompact.tendsto_subseq then extracts a convergent subsequence of (e_n)_n in l^2, which is the contradiction. AND SEE THE NEW ERRATUM 43II.5: as printed the point asks for (ketbra 0 n)_n, which 43II.4 has just shown converges ultrastrongly to 0; the sequence meant is (ketbra n 0)_n, which is what our proof uses.
43II|vn_counterexamples_6|Theses/A/VN/Basic.lean|ok|none|43II.6, the two ultraweak limits
43II|vn_counterexamples_6_sq, vn_counterexamples_6_mul, vn_counterexamples_6_abs, vn_counterexamples_6_abs_cont|Theses/A/VN/Basic.lean|ok|none|COVERED (2026-08-27 stmt-class pass): the point IS fully stated in the tree; the status field says which declaration carries which clause. The original finding, taken against the named declaration alone, follows. 43II.6 conclusions: only 'squaring is not ultraweakly continuous' is stated. The exercise also asks for (a) multiplication is not jointly ultraweakly continuous, (b) ketbra(n,0) + ... has absolute value ketbra(0,0) + ketbra(n,n), and (c) a -> abs(a) is not ultraweakly continuous on sa(B(l^2)). None of the three is recorded anywhere in the module|repaired: the three missing conclusions of 43II.6 are now stated as siblings in `A/VN/Basic` (9f9a3d7), all read and checked — `vn_counterexamples_6_mul` (multiplication not jointly ultraweakly continuous), `vn_counterexamples_6_abs` (`∣∣n⟩⟨0∣+∣ 0⟩⟨n∣∣ = ∣ 0⟩⟨0∣+∣n⟩⟨n∣`, via `CFC.abs`), and `vn_counterexamples_6_abs_cont` (`a ↦ ∣a∣` not ultraweakly continuous ON `sa(B(ℓ²))`, as ContinuousOn the self-adjoint set). With `vn_counterexamples_6` and this row's declaration, all of part 6 is on record. -- 2026-08-26 A/VN stmt pass: repair VERIFIED. The three siblings exist (Basic:1620, :1645, :1677) and all three are axiom-clean in situ (propext / Classical.choice / Quot.sound only, no sorryAx). Read against vn.tex:455-475: after the two convergence claims part 6 has exactly four conclusions -- squaring, joint multiplication, the absolute-value identity, and discontinuity of the absolute value on sa(B(l^2)) -- and all four are now on record. stmt stays `weaker` because the NAMED declaration is still only the squaring conclusion.  2026-08-27 stmt-class pass: RECLASSIFIED weaker -> ok under the `stmt` convention now written into docs/STATEMENT-AUDIT.md (a row grades the POINT, not the named declaration in isolation). Re-read vn.tex:455-474 and counted the conclusions: after the opening "Show that" (the two convergences, vn_counterexamples_6, row 41) part 6 draws exactly FOUR conclusions, at :462 squaring is not uw continuous (this declaration), :464-465 multiplication is not JOINTLY uw continuous (vn_counterexamples_6_mul, Basic:1620, stated on the product topology of two copies of the ultraweak topology), :467-468 the identity abs(ketbra n 0 + ketbra 0 n) = ketbra 0 0 + ketbra n n (vn_counterexamples_6_abs, :1645, via CFC.abs, for all n), and :470-471 that a maps-to abs a is not uw continuous ON sa(B(l^2)) (vn_counterexamples_6_abs_cont, :1677, negated ContinuousOn the self-adjoint set, which is the restriction the point asks for). All four on record; lean_name extended to the three that had no row of their own.
43II|vn_counterexamples_11|Theses/A/VN/Basic.lean|ok|none|43II.11, B(l^2) is not ultraweakly complete. 'Ultraweakly Cauchy' is rendered as 'omega-image Cauchy for every np-functional', which is the Cauchy condition of the initial uniformity; the fixed unit vector e is specialised to e_0, harmlessly
44II|mult_polarization|Theses/A/VN/Basic.lean|ok|none|44II verbatim; Exercise, no thesis proof
44II|continuous_ultraweak_conj|Theses/A/VN/Basic.lean|ok|none|auxiliary: polarisation 44II plus conjNP gives ultraweak continuity of a -> omega(u a v)
44II|matForm_polarization|Theses/A/VN/Basic.lean|ok|none|auxiliary: the 44II polarisation identity for the A-valued matrix form, used for 49IV
44II|uwTendsto_mul_left_right|Theses/A/VN/Basic.lean|ok|none|auxiliary consequence of 44II via continuous_ultraweak_conj
44II|npFunctional_matEmb_repr|Theses/A/VN/Basic.lean|ok|none|auxiliary: 44II polarisation applied to the corner embeddings, for 49IV.2
44III|vanishing_effects|Theses/A/VN/Basic.lean|ok|faithful|44III verbatim (effects x_alpha -> 0 ultraweakly, ‖b_alpha‖ <= 1, conclude x_alpha b_alpha -> 0). Our proof is the thesis's four-step estimate at 44IV, step for step
44III|norm_apply_mul_le_of_nonneg|Theses/A/VN/Basic.lean|ok|none|auxiliary Kadison estimate behind 44III and 44VII; not a transcription of either
44V|vna_supremum_uwlimit, vna_supremum_mult|Theses/A/VN/Basic.lean|ok|none|44V (vn.tex:687) is the Exercise's setup point and asserts nothing on its own: "Let D be a bounded directed set of self-adjoint elements of a von Neumann algebra A, and let a in A." Its two claims are the clauses 44VI (vna-supremum-uwlimit) and 44VII (vna-supremum-mult), each carried by the declaration named here and each with its own row below. Recorded so that the point is not invisible to a count taken off the CSVs.
44VI|vna_supremum_uwlimit|Theses/A/VN/Basic.lean|ok|none|44VI. Exercise, no thesis proof; ours is normality of omega plus monotone convergence in R
44VI|tendsto_npFunctional_of_isLUB|Theses/A/VN/Basic.lean|ok|none|auxiliary generalisation of the 44VI argument to a monotone g on sa(A)
44VII|vna_supremum_mult|Theses/A/VN/Basic.lean|ok|mild|44VII. Exercise, no proof, but its hint says to use 44III vanishing-effects and ours does not: it uses the underlying Kadison estimate directly. RULED NOT A THESIS DEFECT by the author on 2026-08-23 (commit be67e3d, ERRATA row deleted, no source change): 'the reader should realize they should not apply III directly, but to a subnet.' Applying a lemma to a tail is the reader's step.|left: THE DETOUR IS OURS, not the thesis's. The author's ruling records why: 44III's claim holds under either reading of 'bounded' in 42I -- norm bounded and order bounded coincide for self-adjoint sets, while BddAbove, which the tree takes, is strictly weaker but still valid, since fixing d0 in D and passing to D' = {d in D : d >= d0} is TERMINAL rather than merely cofinal, so ultraweak convergence along D and along D' are the same condition, \/D' = \/D by directedness, and D' is norm bounded. So vna_supremum_mult's detour ('whose second factor is eventually bounded') is forced by the tree's own BddAbove instance and is not a repair of anything. Worth recording separately: the two readings define the same class of algebras, so the tree's BddAbove is not a strengthening of 42I.
44VIII|conjSA_isLUB_of_isUnit|Theses/A/VN/Basic.lean|ok|faithful|44IX, the invertible case of 44VIII: b -> a* b a is an order isomorphism, hence preserves all suprema. The thesis's argument
44VIII|ad_normal|Theses/A/VN/Basic.lean|ok|faithful|44VIII. Our proof is 44IX plus 44X: reduce to lambda + a invertible by cstar spectrum-bounded, expand a* d a as the four terms, take the four ultraweak limits from 44VI and 44VII, and close by positivity of the difference plus faithfulness of the np-functionals, exactly as the thesis does (including its remark that the ultraweak topology is not yet known to be Hausdorff)
44VIII|conjSA_isLUB|Theses/A/VN/Basic.lean|ok|none|44VIII restated on sa(A); auxiliary repackaging
44VIII|ad_normal_inf|Theses/A/VN/Basic.lean|ok|none|not a thesis statement: the infimum variant of 44VIII used at 56VI, obtained from ad_normal by x -> -x. Recorded as such in the doc comment|left: not a thesis statement -- the x -> -x mirror of 44VIII, which is what vn.tex:2419's 56VI.90 needs and which the doc comment records. There is nothing to be faithful to. -- 2026-08-26 A/VN route pass: RECLASSIFIED route -> none, reason 1. Not a thesis statement -- the x -> -x mirror of 44VIII, which is what vn.tex 56VI.90 needs; there is no printed argument to diverge from.
44VIII|omegaNorm_mul_right|Theses/A/VN/Basic.lean|ok|none|auxiliary identity ‖yb‖_omega = ‖y‖_{b*omega}; used for 45IV, 45VI and 74I
44XI|nonneg_of_conjNP|Theses/A/VN/Basic.lean|ok|faithful|44XI's preliminary claim in the form cstar.tex 30X delivers it. Follows the exercise's hint (use proto-gelfand-naimark). Note that our 30X itself is under question -- QUESTIONS A8 records that our statement of 30X clause (1) drops rho_Omega
44XI|np_orderSeparating|Theses/A/VN/Basic.lean|ok|faithful|44XI's preliminary claim: the np-functionals are order separating. Follows the exercise's hint
44XI|np_separating|Theses/A/VN/Basic.lean|ok|none|44XI, separating form; a step the thesis leaves implicit
44XI|eq_of_forall_npFunctional|Theses/A/VN/Basic.lean|ok|none|44XI, point-separation form
44XI|vn_positive_basic_1|Theses/A/VN/Basic.lean|ok|none|44XI.1, both topologies Hausdorff. Exercise, no thesis proof
44XI|vn_positive_basic_2|Theses/A/VN/Basic.lean|ok|none|44XI.2. Only ultraweak closedness of A_+, sa(A) and [0,1]_A is stated; the thesis's parenthetical '(and ultrastrongly)' is a one-step consequence of 43I.3 uwweaker_3, formalized, but no declaration records it
44XI|vn_positive_basic_3|Theses/A/VN/Basic.lean|ok|none|44XI.3, the unit ball is ultrastrongly closed. Exercise, no thesis proof
44XII|vna_supremum_commutes, vna_supremum_uslimit|Theses/A/VN/Basic.lean|ok|none|44XII (vn.tex:782) is the Exercise's setup point and asserts nothing on its own: "Let D be a directed subset of self-adjoint elements of a von Neumann algebra A, and let a in A." Its two claims are the clauses 44XIII (vna-supremum-commutes) and 44XIV (vna-supremum-uslimit), each carried by the declaration named here and each with its own row below. Note that 44XII says only "directed", not "bounded directed"; both declarations assume BddAbove, which is needed for the supremum to exist at all -- the same reading the 44XIII row records.
44XIII|vna_supremum_commutes|Theses/A/VN/Basic.lean|ok|none|44XIII. Exercise, no thesis proof. Note that 44XII (the enclosing exercise) says only 'directed', not 'bounded directed'; ours assumes BddAbove, which is needed for the supremum to exist at all
44XIII|vna_infimum_commutes|Theses/A/VN/Basic.lean|ok|none|not a thesis statement: the infimum variant of 44XIII used at 56VI.80, obtained by x -> -x. Recorded as such in the doc comment|left: not a thesis statement -- the x -> -x mirror of 44XIII. vn.tex:2419's 56VI.80 asks for exactly this ('by a variation on vna-supremum-commutes'), and since 2026-08-25 exists_floor_inf uses it there. -- 2026-08-26 A/VN route pass: RECLASSIFIED route -> none, reason 1. Not a thesis statement -- the x -> -x mirror of 44XIII. What printed guidance exists is vn.tex 56VI.80s phrase "by a variation on vna-supremum-commutes", and the x -> -x mirror IS that variation, so nothing is bypassed either way.
44XIV|vna_supremum_uslimit|Theses/A/VN/Basic.lean|ok|mild|44XIV's conclusion (d -> \/D ultrastrongly). The intermediate claim the exercise actually asks for, '(\/D - d)^2 -> 0 ultraweakly', is not stated separately; and the hint to use 44III vanishing-effects is not followed -- ours bounds omega((\/D - d)^2) <= M omega(\/D - d) directly. Same author ruling as 44VII (commit be67e3d): not a thesis defect.|left: same as the 44VII row -- the detour is forced by the tree's own BddAbove, not by the thesis.
44XIV|le_norm_smul_one|Theses/A/VN/Basic.lean|ok|none|auxiliary C*-fact a <= ‖a‖.1 for positive a; not a thesis statement of this chapter
44XV|preservesDirSups_of_continuousOn_effects_core|Theses/A/VN/Basic.lean|ok|none|auxiliary common core of 44XV (2)=>(3) and 45I.1
44XV|preservesDirSups_of_continuousOn_effects|Theses/A/VN/Basic.lean|ok|none|auxiliary: 44XV (2)=>(3) in isolation
44XV|p_uwcont|Theses/A/VN/Basic.lean|ok|none|44XV, all four equivalent conditions in the thesis's order. Exercise, no thesis proof
44XV|p_uwcont_ad|Theses/A/VN/Basic.lean|ok|none|44XV's concluding clause: b -> a* b a is ultraweakly continuous
45I|us_cont_normal|Theses/A/VN/Basic.lean|ok|none|45I.1, in the sharper parenthetical form (continuity only on the effects). Exercise, no thesis proof; the hint (a bounded directed set converges ultrastrongly to its supremum, 44XIV) is what our proof uses
45I|normal_not_us_cont|Theses/A/VN/Basic.lean|ok|none|45I.2, the counterexample. Exercise, no thesis proof; the hint 'transpose' is followed -- the transpose on B(l^2) is built here as T -> J T* J
45II|cp_uscont|Theses/A/VN/Basic.lean|ok|mild|45II verbatim. Our proof uses the thesis's estimate f(b)* f(b) <= ‖f(1)‖ f(b* b) (34XIV) but applies it to the generating ‖.‖_omega-balls rather than to nets, because the ultrastrong topology is not first countable. The doc comment records the deviation|left as a documented deviation (the ultrastrong topology is not first countable, so the thesis's estimate is applied to the generating balls rather than to nets) -- but the fifth check bit here: cp_uscont had ZERO consumers anywhere in Theses/, because 45IV.1 below went round it. 45IV.1 now proves itself from 45II, as vn.tex:868 instructs, so 45II is load-bearing again.
45IV|mult_uws_cont_ad|Theses/A/VN/Basic.lean|ok|faithful|45IV part 1, the exercise's own route: 'Conclude (using cp-uscont and ad-cp) that the map a -> b* a b is ultrastrongly continuous'. adNCP bundles a -> b* a b as an ncp-map -- complete positivity is 34V.1 ad_cp_1, normality is 44VIII ad_normal (factored out of p_uwcont_ad as adPositive_normal) -- and 45II cp_uscont applies. One term|repaired 2026-08-25: the old proof was a direct seminorm estimate using neither of the two results the exercise names, which left 45II cp_uscont with no consumer in the whole tree. Statement byte-identical; adPositive_normal, adLinearMap_eq and adNCP are new private auxiliaries. Axiom-clean in situ on propext, Classical.choice, Quot.sound.
45IV|mult_uws_cont|Theses/A/VN/Basic.lean|ok|mild|45IV part 2, all four continuity claims. Exercise, no proof; the ultraweak halves follow the exercise's hint (polarisation 44II), the ultrastrong halves use direct seminorm estimates rather than part 1|left: part 2's ultraweak halves already follow the exercise's hint (44II polarisation). Its ultrastrong halves are one-line seminorm estimates (norm ax _omega <= norm a times norm x _omega, and norm xa _omega = norm x _{a*omega}); routing them through part 1 as the exercise suggests would buy nothing, and part 1 is no longer orphaned.
45VI|mult_jus_cont|Theses/A/VN/Basic.lean|ok|faithful|45VI verbatim; our proof is the two-line estimate of 45VII, exactly as printed
46II|usconv|Theses/A/VN/Basic.lean|ok|none|46II. Exercise, no thesis proof
46III|preservesDirSups_of_continuous_ultrastrong|Theses/A/VN/Basic.lean|ok|none|auxiliary: 46III (3)=>(1)
46III|npuws|Theses/A/VN/Basic.lean|ok|none|46III, the three equivalent conditions in the thesis's order. Exercise, no proof; the hint (combine 44XV and 45II) is not needed for (3)=>(1), which we get directly from 44XIV
47II|WMIU, WStarCPSU|Theses/A/Proc/QuantumLambda.lean + Theses/B/Eff/WStarCat.lean|ok|none|47II (vn.tex:959, Definition): the categories W*_cpsu (von Neumann algebras with ncpsu-maps) and W*_miu (with nmiu-maps). The morphisms are Theses.NCPSUMap and Theses.NMIUMap (Theses/Common.lean); the objects and the category laws ARE bundled, but downstream of A/VN -- W*_miu as WMIU with instance Category WMIU at QuantumLambda.lean:530, and W*_cpsu as WStarCPSU with instance Category WStarCPSU at WStarCat.lean:269 (WStarNCPU there is the thesis's vN). A/VN/Basic.lean's parsec-470 header says the structure "is not bundled here", which is true of A/VN but reads as "nowhere"; Division.lean:4515 then cites 47II as the precedent for CStar_pu being unbundled -- the 84aI Example there is stated by spelling the universal property out, not by bundling the category. CStar_pu and the full subcategories haW*_miu / haW*_cpsu (Division.lean:4893, 5852) really are unbundled; W*_miu and W*_cpsu are not. Definition, no thesis proof.
47IV|vn_products_proj_normal|Theses/A/VN/Basic.lean|weaker|none|47IV.2, the projections are normal. Ours carries [ForAll i, Nontrivial (A i)] from the direct-sum instance, which the thesis does not assume|left-cost, and THE COSTED BLOCKER WAS RE-SEARCHED 2026-08-29 AND IT IS ALREADY IN THE TREE. The record kept below calls `norm (1 : E) <= 1` in a C*-ring the whole mathematical content of this job, a six-line lemma that had to be written and that Mathlib lacks. Mathlib does lack it. WE DO NOT: the tree states it THREE TIMES, and the earliest of the three is PUBLIC. (a) `scalar_norm_2`, Theses/A/CStar/Basic.lean:1211, PUBLIC, namespace Theses.A.CStar, in a file whose only import is Theses.Common. It says `norm (algebraMap C A z) <= norm z` for every scalar z, so at z = 1 it IS `norm (1 : A) <= 1`, one line away through map_one and the norm of 1 in C. Found by CONTENT and not by name, and it has no consumer anywhere in the tree. (b) `norm_one_eq_one_or_zero`, Theses/A/CStar/Basic.lean:1202, private, the same fact as a disjunction, consumed twice in its own file at :1214 and :1229. (c) `norm_one_le'`, Theses/A/CStar/Positive.lean:2742, private, consumed at :3757 and :5468. A fourth proof of it is written inline at Theses/A/VN/Projections.lean:3391 and a fifth, for bounded operators, at Theses/A/CStar/TowardsVN.lean:1661. CONSEQUENCE FOR THE COSTING: the new mathematics in this job is ZERO lines, not six; nothing has to be un-privated, since (a) is public; and because (a) sits above every lp consumer in the import graph, the replacement tower may be founded in whatever file wants it rather than in A/CStar/Positive. WHAT IS GENUINELY MISSING, CHECKED THIS PASS SO THE NEXT READER NEED NOT REPEAT THE SEARCH. In Mathlib: no `norm_one_le` under any name (grep of the whole checkout for that name and, by content, for `norm (1 : ...) <=`), no class weaker than `NormOneClass`, whose single field at Mathlib/Analysis/Normed/Ring/Basic.lean:165-167 is `norm_one : norm (1 : a) = 1`; `CStarRing.norm_one` is still gated on `[Nontrivial E]` at Mathlib/Analysis/CStarAlgebra/Basic.lean:228, and the whole of Mathlib/Analysis/CStarAlgebra/lpSpace.lean, re-read in full today, still gates `NormedRing (lp A infinity)` on `[ForAll i, Nontrivial (A i)]` with the same apologetic comment. In our tree: none of the eight boilerplate declarations exists. grep of Theses/ for one_memlp_infty, lpInftySubring, inftyRing, inftyNormedRing, algebraMap_memlp_infty, lpInftySubalgebra and inftyNormedAlgebra returns no definition at all, only two prose mentions, at Theses/A/Proc/Duplicators.lean:2848 and Theses/A/VN/Basic.lean:853. REVISED COST, AND IT IS NOT SMALL: the mathematics is done, but the eight boilerplate re-derivations are real and the downstream breakage is the dominant term. The 42V `vonNeumannAlgebra_lp_infty` row of this file was RE-COSTED BY ATTEMPT on 2026-08-29 and reports that the tower builds clean in about 50 lines and is definitionally equal to Mathlib's where both apply, but that it breaks A/Proc/Measurement, A/Proc/QuantumLambda and A/Proc/Duplicators, 37 errors in Duplicators alone, because `linf X` is defined as `lp (fun _ : X => C) inf` at QuantumLambda.lean:294. So: about 50 lines of pure boilerplate, ZERO of it mathematics, plus an unbounded repair of the A/Proc coercion paths. Under 40 lines it is not. A recount of the binder today by `grep -o` for `ForAll _, Nontrivial` gives 71 occurrences across the same eight files the 42V row names, Projections and Duplicators being in flux this session. And nothing here could have been landed by this pass in any case: the binder is part of the printed statement of `vn_products_proj_normal`, `vn_products_nmiu` and `vn_products_ncpsu`, so removing it is a statement change and wants an author ruling, not a proof. FIGURE UNCHANGED for backlog purposes: 200-320 lines once, shared with the 42V row and with the 20aI and 34VI rows of docs/audit/acstar-positive.csv. ADDITIONAL FOR THIS ROW: 0.  --  EARLIER RECORD, kept: the `[∀ i, Nontrivial (𝒵 i)]` binder is Mathlib's, not the thesis's — `Mathlib/Analysis/CStarAlgebra/lpSpace.lean` gives `NormedRing (lp A ∞)` only under it (with its own comment that this is "slightly weird"). Dropping it means re-founding the ring structure of `lp 𝒵 ∞` against a different instance, not repairing our transcription. Documented at both section heads and on `vonNeumannAlgebra_lp_infty` since 9f9a3d7. Costed and left. -- 2026-08-26 A/VN stmt pass: LEFT under reason 4, same binder as the 42V vonNeumannAlgebra_lp_infty row of this file, where the named list and the 150-250 line estimate are written out. Re-verified 2026-08-26.  MISFILED, CORRECTED 2026-08-29: the 2026-08-26 pass wrote the ground as number 2, which sorry_map.py's VERDICTS table glosses as a defect in the printed text, and scripts read this row as the author's because of it. Nothing here is a defect of the printed text: the binder or the missing machinery is Mathlib's or ours, the costing above is a costing, and ground 4 is the one the table glosses as costed machinery. Re-filed under ground 4, which is where the row's own opening verdict and its own gloss already put it. Substance re-checked this pass and unchanged.  COSTED 2026-08-29, which is the figure this row lacked: 200-320 LINES, ONCE, shared with the 42V `vonNeumannAlgebra_lp_infty` row above, where the figure was re-derived this pass and reconciled against the competing ~310 on the 20aI `cstar_product_2_miu` row of docs/audit/acstar-positive.csv. ADDITIONAL FOR THIS ROW: 0 -- the three 47IV rows and the 42V row are one binder and one job, and counting them four times would quadruple the backlog. Two findings of that re-derivation bear on this row: the whole mathematical content is a SIX-LINE lemma (`norm (1 : E) <= 1` in a C*-ring, which Mathlib does not have -- `CStarRing.norm_one` is stated under `[Nontrivial E]`), and the cheapest route is about 40 lines upstream in Mathlib rather than a competing instance tower here.
47IV|vn_products_nmiu|Theses/A/VN/Basic.lean|weaker|none|47IV.3 for W*_miu, as a universal property. Ours carries [ForAll i, Nontrivial (A i)], which the thesis does not assume. The von Neumann hypotheses on the A i are unused, which the doc comment records deliberately|left-cost, and THE COSTED BLOCKER WAS RE-SEARCHED 2026-08-29 AND IT IS ALREADY IN THE TREE. The record kept below calls `norm (1 : E) <= 1` in a C*-ring the whole mathematical content of this job, a six-line lemma that had to be written and that Mathlib lacks. Mathlib does lack it. WE DO NOT: the tree states it THREE TIMES, and the earliest of the three is PUBLIC. (a) `scalar_norm_2`, Theses/A/CStar/Basic.lean:1211, PUBLIC, namespace Theses.A.CStar, in a file whose only import is Theses.Common. It says `norm (algebraMap C A z) <= norm z` for every scalar z, so at z = 1 it IS `norm (1 : A) <= 1`, one line away through map_one and the norm of 1 in C. Found by CONTENT and not by name, and it has no consumer anywhere in the tree. (b) `norm_one_eq_one_or_zero`, Theses/A/CStar/Basic.lean:1202, private, the same fact as a disjunction, consumed twice in its own file at :1214 and :1229. (c) `norm_one_le'`, Theses/A/CStar/Positive.lean:2742, private, consumed at :3757 and :5468. A fourth proof of it is written inline at Theses/A/VN/Projections.lean:3391 and a fifth, for bounded operators, at Theses/A/CStar/TowardsVN.lean:1661. CONSEQUENCE FOR THE COSTING: the new mathematics in this job is ZERO lines, not six; nothing has to be un-privated, since (a) is public; and because (a) sits above every lp consumer in the import graph, the replacement tower may be founded in whatever file wants it rather than in A/CStar/Positive. WHAT IS GENUINELY MISSING, CHECKED THIS PASS SO THE NEXT READER NEED NOT REPEAT THE SEARCH. In Mathlib: no `norm_one_le` under any name (grep of the whole checkout for that name and, by content, for `norm (1 : ...) <=`), no class weaker than `NormOneClass`, whose single field at Mathlib/Analysis/Normed/Ring/Basic.lean:165-167 is `norm_one : norm (1 : a) = 1`; `CStarRing.norm_one` is still gated on `[Nontrivial E]` at Mathlib/Analysis/CStarAlgebra/Basic.lean:228, and the whole of Mathlib/Analysis/CStarAlgebra/lpSpace.lean, re-read in full today, still gates `NormedRing (lp A infinity)` on `[ForAll i, Nontrivial (A i)]` with the same apologetic comment. In our tree: none of the eight boilerplate declarations exists. grep of Theses/ for one_memlp_infty, lpInftySubring, inftyRing, inftyNormedRing, algebraMap_memlp_infty, lpInftySubalgebra and inftyNormedAlgebra returns no definition at all, only two prose mentions, at Theses/A/Proc/Duplicators.lean:2848 and Theses/A/VN/Basic.lean:853. REVISED COST, AND IT IS NOT SMALL: the mathematics is done, but the eight boilerplate re-derivations are real and the downstream breakage is the dominant term. The 42V `vonNeumannAlgebra_lp_infty` row of this file was RE-COSTED BY ATTEMPT on 2026-08-29 and reports that the tower builds clean in about 50 lines and is definitionally equal to Mathlib's where both apply, but that it breaks A/Proc/Measurement, A/Proc/QuantumLambda and A/Proc/Duplicators, 37 errors in Duplicators alone, because `linf X` is defined as `lp (fun _ : X => C) inf` at QuantumLambda.lean:294. So: about 50 lines of pure boilerplate, ZERO of it mathematics, plus an unbounded repair of the A/Proc coercion paths. Under 40 lines it is not. A recount of the binder today by `grep -o` for `ForAll _, Nontrivial` gives 71 occurrences across the same eight files the 42V row names, Projections and Duplicators being in flux this session. And nothing here could have been landed by this pass in any case: the binder is part of the printed statement of `vn_products_proj_normal`, `vn_products_nmiu` and `vn_products_ncpsu`, so removing it is a statement change and wants an author ruling, not a proof. FIGURE UNCHANGED for backlog purposes: 200-320 lines once, shared with the 42V row and with the 20aI and 34VI rows of docs/audit/acstar-positive.csv. ADDITIONAL FOR THIS ROW: 0.  --  EARLIER RECORD, kept: the `[∀ i, Nontrivial (𝒵 i)]` binder is Mathlib's, not the thesis's — `Mathlib/Analysis/CStarAlgebra/lpSpace.lean` gives `NormedRing (lp A ∞)` only under it (with its own comment that this is "slightly weird"). Dropping it means re-founding the ring structure of `lp 𝒵 ∞` against a different instance, not repairing our transcription. Documented at both section heads and on `vonNeumannAlgebra_lp_infty` since 9f9a3d7. Costed and left. -- 2026-08-26 A/VN stmt pass: LEFT under reason 4, same binder as the 42V vonNeumannAlgebra_lp_infty row of this file, where the named list and the 150-250 line estimate are written out. Re-verified 2026-08-26.  MISFILED, CORRECTED 2026-08-29: the 2026-08-26 pass wrote the ground as number 2, which sorry_map.py's VERDICTS table glosses as a defect in the printed text, and scripts read this row as the author's because of it. Nothing here is a defect of the printed text: the binder or the missing machinery is Mathlib's or ours, the costing above is a costing, and ground 4 is the one the table glosses as costed machinery. Re-filed under ground 4, which is where the row's own opening verdict and its own gloss already put it. Substance re-checked this pass and unchanged.  COSTED 2026-08-29, which is the figure this row lacked: 200-320 LINES, ONCE, shared with the 42V `vonNeumannAlgebra_lp_infty` row above, where the figure was re-derived this pass and reconciled against the competing ~310 on the 20aI `cstar_product_2_miu` row of docs/audit/acstar-positive.csv. ADDITIONAL FOR THIS ROW: 0 -- the three 47IV rows and the 42V row are one binder and one job, and counting them four times would quadruple the backlog. Two findings of that re-derivation bear on this row: the whole mathematical content is a SIX-LINE lemma (`norm (1 : E) <= 1` in a C*-ring, which Mathlib does not have -- `CStarRing.norm_one` is stated under `[Nontrivial E]`), and the cheapest route is about 40 lines upstream in Mathlib rather than a competing instance tower here.
47IV|vn_products_ncpsu|Theses/A/VN/Basic.lean|weaker|none|47IV.3 for W*_cpsu, as a universal property. Same unstated [ForAll i, Nontrivial (A i)] as the sibling|left-cost, and THE COSTED BLOCKER WAS RE-SEARCHED 2026-08-29 AND IT IS ALREADY IN THE TREE. The record kept below calls `norm (1 : E) <= 1` in a C*-ring the whole mathematical content of this job, a six-line lemma that had to be written and that Mathlib lacks. Mathlib does lack it. WE DO NOT: the tree states it THREE TIMES, and the earliest of the three is PUBLIC. (a) `scalar_norm_2`, Theses/A/CStar/Basic.lean:1211, PUBLIC, namespace Theses.A.CStar, in a file whose only import is Theses.Common. It says `norm (algebraMap C A z) <= norm z` for every scalar z, so at z = 1 it IS `norm (1 : A) <= 1`, one line away through map_one and the norm of 1 in C. Found by CONTENT and not by name, and it has no consumer anywhere in the tree. (b) `norm_one_eq_one_or_zero`, Theses/A/CStar/Basic.lean:1202, private, the same fact as a disjunction, consumed twice in its own file at :1214 and :1229. (c) `norm_one_le'`, Theses/A/CStar/Positive.lean:2742, private, consumed at :3757 and :5468. A fourth proof of it is written inline at Theses/A/VN/Projections.lean:3391 and a fifth, for bounded operators, at Theses/A/CStar/TowardsVN.lean:1661. CONSEQUENCE FOR THE COSTING: the new mathematics in this job is ZERO lines, not six; nothing has to be un-privated, since (a) is public; and because (a) sits above every lp consumer in the import graph, the replacement tower may be founded in whatever file wants it rather than in A/CStar/Positive. WHAT IS GENUINELY MISSING, CHECKED THIS PASS SO THE NEXT READER NEED NOT REPEAT THE SEARCH. In Mathlib: no `norm_one_le` under any name (grep of the whole checkout for that name and, by content, for `norm (1 : ...) <=`), no class weaker than `NormOneClass`, whose single field at Mathlib/Analysis/Normed/Ring/Basic.lean:165-167 is `norm_one : norm (1 : a) = 1`; `CStarRing.norm_one` is still gated on `[Nontrivial E]` at Mathlib/Analysis/CStarAlgebra/Basic.lean:228, and the whole of Mathlib/Analysis/CStarAlgebra/lpSpace.lean, re-read in full today, still gates `NormedRing (lp A infinity)` on `[ForAll i, Nontrivial (A i)]` with the same apologetic comment. In our tree: none of the eight boilerplate declarations exists. grep of Theses/ for one_memlp_infty, lpInftySubring, inftyRing, inftyNormedRing, algebraMap_memlp_infty, lpInftySubalgebra and inftyNormedAlgebra returns no definition at all, only two prose mentions, at Theses/A/Proc/Duplicators.lean:2848 and Theses/A/VN/Basic.lean:853. REVISED COST, AND IT IS NOT SMALL: the mathematics is done, but the eight boilerplate re-derivations are real and the downstream breakage is the dominant term. The 42V `vonNeumannAlgebra_lp_infty` row of this file was RE-COSTED BY ATTEMPT on 2026-08-29 and reports that the tower builds clean in about 50 lines and is definitionally equal to Mathlib's where both apply, but that it breaks A/Proc/Measurement, A/Proc/QuantumLambda and A/Proc/Duplicators, 37 errors in Duplicators alone, because `linf X` is defined as `lp (fun _ : X => C) inf` at QuantumLambda.lean:294. So: about 50 lines of pure boilerplate, ZERO of it mathematics, plus an unbounded repair of the A/Proc coercion paths. Under 40 lines it is not. A recount of the binder today by `grep -o` for `ForAll _, Nontrivial` gives 71 occurrences across the same eight files the 42V row names, Projections and Duplicators being in flux this session. And nothing here could have been landed by this pass in any case: the binder is part of the printed statement of `vn_products_proj_normal`, `vn_products_nmiu` and `vn_products_ncpsu`, so removing it is a statement change and wants an author ruling, not a proof. FIGURE UNCHANGED for backlog purposes: 200-320 lines once, shared with the 42V row and with the 20aI and 34VI rows of docs/audit/acstar-positive.csv. ADDITIONAL FOR THIS ROW: 0.  --  EARLIER RECORD, kept: the `[∀ i, Nontrivial (𝒵 i)]` binder is Mathlib's, not the thesis's — `Mathlib/Analysis/CStarAlgebra/lpSpace.lean` gives `NormedRing (lp A ∞)` only under it (with its own comment that this is "slightly weird"). Dropping it means re-founding the ring structure of `lp 𝒵 ∞` against a different instance, not repairing our transcription. Documented at both section heads and on `vonNeumannAlgebra_lp_infty` since 9f9a3d7. Costed and left. -- 2026-08-26 A/VN stmt pass: LEFT under reason 4, same binder as the 42V vonNeumannAlgebra_lp_infty row of this file, where the named list and the 150-250 line estimate are written out. Re-verified 2026-08-26.  MISFILED, CORRECTED 2026-08-29: the 2026-08-26 pass wrote the ground as number 2, which sorry_map.py's VERDICTS table glosses as a defect in the printed text, and scripts read this row as the author's because of it. Nothing here is a defect of the printed text: the binder or the missing machinery is Mathlib's or ours, the costing above is a costing, and ground 4 is the one the table glosses as costed machinery. Re-filed under ground 4, which is where the row's own opening verdict and its own gloss already put it. Substance re-checked this pass and unchanged.  COSTED 2026-08-29, which is the figure this row lacked: 200-320 LINES, ONCE, shared with the 42V `vonNeumannAlgebra_lp_infty` row above, where the figure was re-derived this pass and reconciled against the competing ~310 on the 20aI `cstar_product_2_miu` row of docs/audit/acstar-positive.csv. ADDITIONAL FOR THIS ROW: 0 -- the three 47IV rows and the 42V row are one binder and one job, and counting them four times would quadruple the backlog. Two findings of that re-derivation bear on this row: the whole mathematical content is a SIX-LINE lemma (`norm (1 : E) <= 1` in a C*-ring, which Mathlib does not have -- `CStarRing.norm_one` is stated under `[Nontrivial E]`), and the cheapest route is about 40 lines upstream in Mathlib rather than a competing instance tower here.
47V|vn_equalisers, vn_equalisers_miu, vn_equalisers_cpsu|Theses/A/VN/Basic.lean|ok|none|COVERED (2026-08-27 stmt-class pass): the point IS fully stated in the tree; the status field says which declaration carries which clause. The original finding, taken against the named declaration alone, follows. 47V. Only the first half is stated -- that E = {a : f a = g a} is a von Neumann subalgebra. The exercise's second half, that the inclusion e : E -> A is the equaliser of f and g in W*_miu and W*_cpsu, is not formalized anywhere in the module, although the sibling 47IV states its universal property in full. The doc comment calls it 'automatically the equaliser', which is not a statement|repaired: the equaliser property is now stated in both categories, as `vn_equalisers_miu` and `vn_equalisers_cpsu` (`A/VN/Basic`, 9f9a3d7). Both are the full universal property (existence and uniqueness of the mediating nmiu- resp. ncpsu-map), taken for an arbitrary realisation `ι : E → A` of the equaliser set as a von Neumann algebra rather than for a subalgebra-as-a-type, which `A/VN/Basic` does not have. Non-vacuous: `A/VN/Division`'s `ha_equalisers` instantiates them at `VNSub A S hS` with its inclusion. -- 2026-08-26 A/VN stmt pass: repair VERIFIED. vn_equalisers_miu (Basic:4853) and vn_equalisers_cpsu (:4935) exist, are the full universal property in each category, and are axiom-clean in situ. Read against vn.tex:1005-1015: the exercise's two halves are the subalgebra claim (this declaration) and the equaliser claim (the two siblings). stmt stays `weaker` for the named declaration.  2026-08-27 stmt-class pass: RECLASSIFIED weaker -> ok under the `stmt` convention now written into docs/STATEMENT-AUDIT.md (a row grades the POINT, not the named declaration in isolation). Re-read vn.tex:1005-1015: the Exercise has two halves and both are stated. The subalgebra half is this declaration (Basic:3868); the equaliser half is vn_equalisers_miu (:4858) and vn_equalisers_cpsu (:4940), one per category the point names, each the full universal property. STRUCTURAL CAVEAT, checked and benign: the two siblings take the realisation iota : E -> A of the equaliser SET as a parameter rather than building it, because A/VN/Basic has no von Neumann structure on a subalgebra-as-a-type; the hypotheses are not vacuous, because A/VN/Division builds VonNeumannAlgebra (VNSub A S hS) (Division:4698) and ha_equalisers (Division:5412-5466) feeds this row own declaration into both. lean_name extended to the two siblings, which had no row of their own.
48II|normal_faithful|Theses/A/VN/Basic.lean|ok|none|48II verbatim. Exercise, no thesis proof
48II|compNP|Theses/A/VN/Basic.lean|ok|none|auxiliary: the easy half of 48II, bundled as a construction
48II|starAlgHom_preservesDirSups_of_vectors|Theses/A/VN/Basic.lean|ok|none|auxiliary normality criterion for a representation, derived from 48II; not a thesis statement
48III|gns_normal|Theses/A/VN/Basic.lean|ok|faithful|48III, rendered existentially: some normal MIU-representation on l^2(iota) in which omega is a vector state with dense orbit. Since a cyclic representation with a given vector state is unique up to unitary equivalence and normality is unitarily invariant, this is equivalent to 'rho_omega is normal' -- but that uniqueness theorem is nowhere in the tree, so the equivalence is not machine-checked. The direct fact PreservesDirSups (gnsStarAlgHom omega) is established inside the proof and not exported. Proof follows 48IV: the vectors eta_omega(a) are dense hence separating, and omega(a*(.)a) is normal by 44VIII
48V|gnsRepFam|Theses/A/VN/Basic.lean|ok|none|the construction of rho_Omega for a family of np-functionals, i.e. the object 48V is about
48V|gnsRep|Theses/A/VN/Basic.lean|ok|none|rho_Omega for the family of all np-functionals; used for 48VIII
48V|gnsRepFam_normal|Theses/A/VN/Basic.lean|ok|none|48V varrho-Omega-normal, vn.tex:1112, verbatim: for EVERY family F of np-functionals on a von Neumann algebra, rho_Omega = gnsRepFam F preserves directed suprema. Exercise, no thesis proof and no solution in asols.tex; ours is 48II normal_faithful against the separating family of elementary vectors eta_{F i}(b), for which the vector functional is (b*Omega)(a), an np-functional by 44VIII ad_normal -- the argument 48IV gives for a single omega|2026-08-26 A/VN route pass: row ADDED -- this is the declaration the 48V DISP was moved onto in the statement pass, and it had no audit row. Class none, reason 1: the Exercise supplies no proof.
48V|exists_faithful_normal_rep_vectors|Theses/A/VN/Basic.lean|ok|none|auxiliary refinement recording that every np-functional is a vector functional in rho_Omega
48V|varrho_Omega_normal|Theses/A/VN/Basic.lean|ok|none|COVERED (2026-08-27 stmt-class pass): the point IS fully stated in the tree; the status field says which declaration carries which clause. The original finding, taken against the named declaration alone, follows. 48V asks that rho_Omega be normal for EVERY collection Omega of np-functionals. Our statement instead asserts only that THERE EXISTS a normal representation on some l^2(iota) in which every omega in Omega is a vector functional -- and the proof takes the representation over ALL np-functionals, ignoring Omega entirely. Unlike 48III there is no cyclicity or generation clause, so nothing pins the witness down to rho_Omega and the statement does not imply the thesis's. The thesis's actual statement IS in the file, as gnsRepFam_normal at line 4240, which has no doc comment and therefore carries no DISP number at all|repaired: the DISP moved onto `gnsRepFam_normal` (`A/VN/Basic`:4397, 9f9a3d7), which IS 48V — `PreservesDirSups ⇑(gnsRepFam F)` for an arbitrary family `F : ι → NPFunctional A`, i.e. ϱ_Ω normal for every collection Ω. This declaration itself keeps its name and now says plainly, in its doc, that it is the weaker ℓ²(ι)-packaged corollary. -- 2026-08-26 A/VN route pass: RECLASSIFIED route -> none, reason 1. vn.tex:1112-1116 is a bare Exercise -- "Show that the map varrho_Omega from gelfand-naimark-representation is normal for every collection Omega of np-maps A -> C on a von Neumann algebra A" -- with no proof and no solution in asols.tex, so there is no argument to diverge from and route was the wrong class. The divergence this row recorded was a STATEMENT one (our exists-a-normal-representation-on-some-l^2 is weaker than "rho_Omega is normal"), and that was closed by moving the DISP onto gnsRepFam_normal, which is now given its own row below. -- 2026-08-26 A/VN stmt pass: repair VERIFIED. The DISP split holds: gnsRepFam_normal (Basic:4418, row 93 of this file, classed `ok`) is 48V itself -- PreservesDirSups of gnsRepFam F for an ARBITRARY family F, i.e. rho_Omega normal for every collection Omega -- and is axiom-clean in situ. This declaration is the weaker l^2(iota)-packaged corollary and its doc now says so, so stmt stays `weaker`.  2026-08-27 stmt-class pass: RECLASSIFIED weaker -> ok under the `stmt` convention now written into docs/STATEMENT-AUDIT.md (a row grades the POINT, not the named declaration in isolation). 48V is stated in the tree by gnsRepFam_normal (Basic:4423), which has its OWN row in this file (row 96, classed ok) -- so lean_name is left alone here rather than duplicating the name. Verified against vn.tex:1112-1118 and cstar.tex:4966-4975: the point asks that rho_Omega, the direct-sum GNS representation of a collection Omega of np-functionals, be normal for EVERY Omega, and gnsRepFam (Basic:4320) is that construction for an arbitrary family F, with gnsRepFam_normal asserting PreservesDirSups of it. This declaration remains the weaker l^2(iota)-packaged corollary (there EXISTS a normal representation in which every omega in Omega is a vector functional, with nothing pinning the witness to rho_Omega), and its doc says so; that is a fact about this declaration, not a gap in the tree coverage of 48V.
48VI|starAlgHom_le_iff|Theses/A/VN/Basic.lean|ok|none|auxiliary general C*-form of the order-reflection half of 48VI
48VI|starAlgHom_le_iff_general|Theses/A/VN/Basic.lean|ok|none|auxiliary, universe-polymorphic restatement: the general C*-form of the order-reflection half of 48VI without the common-universe constraint. starAlgHom_le_iff is re-derived from it, same statement, same name. Added 2026-08-27 so that 69IVb nmiu_image can take its printed hint route, whose corner lives in A's universe and codomain in B's
48VI|isVNSubalgebra_range|Theses/A/VN/Basic.lean|ok|faithful|48VI part 1 in general form. Follows 48VII: pull the directed set back along the injective normal map and push its supremum forward
48VI|isVNSubalgebra_range_general|Theses/A/VN/Basic.lean|ok|faithful|48VI part 1 in general form, without the common-universe constraint; carries the proof isVNSubalgebra_range used to carry, and isVNSubalgebra_range is re-derived from it, same statement, same name. Follows 48VII: pull the directed set back along the injective normal map and push its supremum forward. Added 2026-08-27 so that 69IVb nmiu_image can take its printed hint route
48VI|injective_nmiu_iso_on_image_1|Theses/A/VN/Basic.lean|ok|faithful|48VI part 1 for an NMIUMap
48VI|injective_nmiu_iso_on_image_2, injective_nmiu_iso_on_image_2'|Theses/A/VN/Basic.lean|ok|none|COVERED (2026-08-27 stmt-class pass): the point IS fully stated in the tree; the status field says which declaration carries which clause. The original finding, taken against the named declaration alone, follows. 48VI part 2 says f restricts to an nmiu-ISOMORPHISM onto f(A). Ours states only that f is an order embedding (f a <= f b iff a <= b). The missing content is one step -- StarAlgHom.rangeRestrict is bijective for injective f, and normality of the inverse follows from the order embedding -- but no declaration records it|repaired: the ∗-isomorphism onto the image is `injective_nmiu_iso_on_image_2'` (`A/VN/Basic`:4755, 9f9a3d7) — `∃ e : A ≃⋆ₐ[ℂ] f.range` with `(e a : B) = f a` and `PreservesDirSups` for both `e` and `e.symm`, which is 48VI.2's nmiu-isomorphism. Added beside rather than folded in because `A/Proc/Tensor:7420` applies this declaration to two elements. -- 2026-08-26 A/VN stmt pass: repair VERIFIED. injective_nmiu_iso_on_image_2' (Basic:4776) delivers 48VI.2's nmiu-ISOMORPHISM: an A ~*a[C] f.range with (e a : B) = f a and PreservesDirSups for BOTH e and e.symm, axiom-clean in situ. stmt stays `weaker` for the named order-embedding declaration, which A/Proc/Tensor:7420 consumes.  2026-08-27 stmt-class pass: RECLASSIFIED weaker -> ok under the `stmt` convention now written into docs/STATEMENT-AUDIT.md (a row grades the POINT, not the named declaration in isolation). Re-read vn.tex:1119-1124: part 2 says f restricts to an nmiu-ISOMORPHISM onto f(A), and injective_nmiu_iso_on_image_2' (Basic:4781) states it -- an A equiv-star-alg[C] onto f.toStarAlgHom.range (so unital, multiplicative, star- and C-linear, i.e. miu) with (e a : B) = f a pinning it as a restriction of f, and PreservesDirSups for BOTH e and e.symm (the n, in both directions). The order on the range subtype is the one induced from B, which is the right one. This declaration stays the order-embedding working form that A/Proc/Tensor:7420 consumes. lean_name extended; the primed sibling had no row of its own.
48VIII|gnsHilb|Theses/A/VN/Basic.lean|ok|none|the Hilbert space of the normal Gelfand-Naimark construction
48VIII|ngns|Theses/A/VN/Basic.lean|ok|faithful|48VIII, rendered as: there is an injective nmiu-map into some B(l^2(iota)) whose range is a von Neumann subalgebra. That is what the thesis's proof at 48IX concludes, and combined with 48VI it is 'nmiu-isomorphic to a von Neumann algebra of operators'. Our proof is 48IX: rho_Omega over all np-functionals is injective by faithfulness, normal by 48V, and 48VI does the rest
49IV|exists_isLUB_matForm|Theses/A/VN/Basic.lean|ok|route|49IV.1 substance. The thesis proves 49IV.1 through 49II bah-vn (M_N(A) as B^a(A^N) for a self-dual Hilbert module); B^a(X) has no Mathlib counterpart and 49II is not formalized (recorded as FIXME in the module), so ours builds the supremum directly from the A-valued quadratic forms|LEFT-UNAVAILABLE (2026-08-29 A/VN route re-derivation): there is no printed proof of 49IV to follow. vn.tex:1271 `mn-vna` is an Exercise, and `asols.tex` has no solution for it -- that file's solutions stop at parsec 340, so no point of vn.tex has one. The premise of the reason recorded here, that "the thesis proves 49IV.1 through 49II bah-vn", is therefore something the thesis nowhere does: what it prints is 490.10's announcement that 49II `bah-vn` is proved "to this end". THE ANNOUNCED ROUTE IS ITSELF UNAVAILABLE AT THIS DECLARATION'S POSITION IN THE TREE, and this is the fact none of the earlier entries had. 49II is `bah_vn` at Theses/A/VN/BaX.lean:569, and BaX.lean imports Theses.A.VN.Completeness, which imports Theses.A.VN.Projections, which imports Theses.A.VN.Basic -- so the point 49IV would appeal to is proved three modules DOWNSTREAM of the module 49IV is stated in, and citing it here is an import cycle. Nor may 49IV move down to meet it: CStarMatrix is used 5 times in Projections, 25 times in Completeness (the 74IV Kaplansky M_2 argument) and 27 times in Division, all upstream of BaX, and those uses want this von Neumann structure by instance search. EARLIER RECORD, kept: the field was left-by-choice earlier today, and ground 3 (a statement addition) before that. Both re-checked. The ground-3 blockers have indeed fallen -- Bax is a public def at A/CStar/Matrices.lean:866, bah_vn is at A/VN/BaX.lean:569, matrixBaxEquiv at A/CStar/Matrices.lean:1527, and 36III selfDual_pi, which bah_vn's hypothesis needs at 𝒜^N, at A/CStar/TowardsVN.lean:537 -- and the ᵐᵒᵖ twist is no obstacle either, Mathlib supplying StarOrderedRing Rᵐᵒᵖ (Mathlib/Algebra/Order/Star/Basic.lean:394) and CStarAlgebra Aᵐᵒᵖ (Mathlib/Analysis/CStarAlgebra/Classes.lean:141), so the transfer could be written. What stops it is the import order, which machinery does not move. A/VN/Basic.lean's note heading the auxiliary machinery for 49IV in parsec 490 recorded the substitution as a free choice; it was corrected in place today to record the import order instead.
49IV|mn_vna_1|Theses/A/VN/Basic.lean|ok|route|49IV.1. Same divergence as exists_isLUB_matForm: 49II bah-vn is bypassed|LEFT-UNAVAILABLE (2026-08-29 A/VN route re-derivation): same finding as the exists_isLUB_matForm row above, which carries 49IV.1's substance -- read it for the detail. Twice over there is no route to take. (i) The thesis prints no proof of 49IV at all: vn.tex:1271 `mn-vna` is an Exercise and `asols.tex`, whose solutions stop at parsec 340, has none for it; the recorded premise that the thesis "proves 49IV.1 through 49II bah-vn" is 490.10's announcement of intent, not an argument. (ii) The announced route cannot be taken at this instance's position: 49II is `bah_vn` at Theses/A/VN/BaX.lean:569 and BaX imports Completeness imports Projections imports Basic, so it is three modules downstream of the module `mn_vna_1` is declared in and citing it is an import cycle; and `mn_vna_1` cannot be moved down after it, because CStarMatrix is used in Projections, Completeness (74IV Kaplansky's M_2) and Division, all upstream of BaX, and instance search there wants this instance. EARLIER RECORD, kept: the field was left-by-choice earlier today and ground 3 before that; every blocker those entries named has indeed fallen (Bax public at A/CStar/Matrices.lean:866, bah_vn at A/VN/BaX.lean:569, matrixBaxEquiv at A/CStar/Matrices.lean:1527), and Mathlib even supplies the ᵐᵒᵖ order and C*-structure the transfer would need. The import order is what is left, and it is not a choice.
49IV|mn_vna_2'|Theses/A/VN/Basic.lean|ok|none|49IV.2, the net-convergence clause (ultraweak and ultrastrong convergence in M_N(A) is entrywise). Exercise, no thesis proof
49IV|mn_vna_2, mn_vna_2_cp, mn_vna_2_entry|Theses/A/VN/Basic.lean|ok|none|COVERED (2026-08-27 stmt-class pass): the point IS fully stated in the tree; the status field says which declaration carries which clause. The original finding, taken against the named declaration alone, follows. 49IV.2 first half. The exercise asks that M -> sum a_i* M_ij a_j be normal AND COMPLETELY POSITIVE; ours states normality and the two continuity claims but not complete positivity, which no declaration in the module records (the doc comment mentions it only parenthetically). The 'in particular A -> A_ij is ultraweakly and ultrastrongly continuous' clause is likewise not stated separately, though it follows from mn_vna_2'|repaired: complete positivity is `mn_vna_2_cp` (`A/VN/Basic`:5732) — `IsCompletelyPositiveMap (matFormL N a)` with `matFormL N a M = ∑ᵢⱼ star (a i) * M i j * a j`, no von Neumann hypothesis needed; and the exercise's "in particular" clause is `mn_vna_2_entry` (:5793), both continuities of `M ↦ Mᵢⱼ`. Siblings by design: `B/Dils/SelfDual:2580` projects this statement by `.2.2`. -- 2026-08-26 A/VN stmt pass: repair VERIFIED against vn.tex:1284-1296. mn_vna_2_cp (Basic:5761) is IsCompletelyPositiveMap (matFormL N a) with NO von Neumann hypothesis, and mn_vna_2_entry (:5822) is the exercise's 'in particular' clause, both ultraweak and ultrastrong; both axiom-clean in situ. With mn_vna_2 and mn_vna_2' the whole of part 2 is on record. stmt stays `weaker` for the named declaration, which B/Dils/SelfDual:2580 projects by .2.2.  2026-08-27 stmt-class pass: RECLASSIFIED weaker -> ok under the `stmt` convention now written into docs/STATEMENT-AUDIT.md (a row grades the POINT, not the named declaration in isolation). Re-read vn.tex:1281-1299, and the point has FOUR clauses, not the three the note describes: :1283-1284 the map M maps-to sum a_i* M_ij a_j is normal AND completely positive; :1286-1288 the MIXED map M maps-to sum a_i* M_ij b_j is ultrastrongly and ultraweakly continuous; :1290-1292 the "in particular" for M maps-to M_ij; :1294-1299 a net in M_N(A) converges uw (us) iff it does entrywise. All four are on record: this declaration (Basic:5703) is a three-way conjunction giving the mixed continuities plus PreservesDirSups at a = b; mn_vna_2_cp (:5773) is the complete positivity, with no von Neumann hypothesis needed; mn_vna_2_entry (:5834) is the "in particular"; and mn_vna_2' (:5654, row 107) is the net characterisation. lean_name extended to the two that had no row of their own. B/Dils/SelfDual:2580 still projects this declaration by .2.2, so its shape is unchanged.
49IV|mn_vna_3|Theses/A/VN/Basic.lean|ok|none|49IV.3, M_N f is normal for an ncp-map f. Exercise, no thesis proof; ours goes through 44XV rather than unwinding the definition, as the doc records
51VII|positiveLinearMap_im_eq_zero|Theses/A/VN/Basic.lean|ok|none|auxiliary: a positive functional is real on self-adjoint elements, for the bare positive linear map that 51VII is given
51VII|countably_normal_normal|Theses/A/VN/Basic.lean|ok|faithful|51VII part 2, factored out so part 1 can use it
51VII|vna_of_faithful_countably_normal_1|Theses/A/VN/Basic.lean|ok|faithful|51VII part 1. Hypotheses match: A a C*-algebra, tau a faithful positive map, every bounded ascending sequence of self-adjoint elements has a supremum preserved by tau
51VII|vna_of_faithful_countably_normal_2|Theses/A/VN/Basic.lean|ok|faithful|51VII part 2
51VIII|countably_normal_key|Theses/A/VN/Basic.lean|ok|faithful|the construction of 51VIII, the proof of 51VII, which yields both of its parts at once. The thesis's argument verbatim, including the choice of an ascending b_n above both b and the a_n
51IX|Linfty_vn|Theses/A/VN/Basic.lean|weaker|faithful|KNOWN DEFECT, QUESTIONS A9: the clauses imposed on the quotient map q are additivity, multiplicativity, star-preservation and q 1 = 1, which make q only a star-RING homomorphism; the doc comment calls it a miu-map, but C-homogeneity q (z . f) = z . q f is missing (complex conjugation satisfies every listed clause). The repair is a free strengthening -- the q actually constructed, f -> MemLp.toLp f, is C-linear, so adding the clause costs one line and no reproving; it needs only an author ruling. Everything else matches 51IX, and the proof is the thesis's own (feed integration to 51VII). Note also that the completeness hypothesis h-mu is never used by the proof|2026-08-29 AMBIG re-derivation: the operative verdict is LEFT-RULING and nothing else -- QUESTIONS A9 (QUESTIONS.md:544, still open) and docs/DECISIONS.md 2.6, both unanswered. This is the ruling side of the distinction and not the write-a-statement side: the clause costs one line and no reproving, so nothing is waiting to be written or found; what is waiting is permission to alter a statement, and until it lands the statement must not be touched. The ground-3 numeral the 2026-08-26 entry used made this field read back as a request to write a statement; corrected today, and the field now says one thing. Re-derived: `Linfty_vn` is A/VN/Basic.lean:6934 (green) and the clauses it imposes on q are additivity, multiplicativity, star-preservation, q 1 = 1, kernel the a.e.-null functions, and surjectivity -- there is no q (z . f) = z . q f, so q is only a star-RING map and complex conjugation satisfies every listed clause. THE INTERNAL ASYMMETRY THE ROW REPORTS HOLDS, at fresh addresses: `cvn_faithful_4` is A/VN/Basic.lean:9118 (green; the earlier entry said :8762) and its third conjunct IS "for every z and bounded measurable f, q (z . f) = z . q f", and `exists_linftyPresentation` (A/VN/Projections.lean:8028, private; the earlier entry said :8197) re-exports it. The same file therefore presents L-infinity two ways and only `Linfty_vn` lacks the clause. h-mu is still unused by the proof.
52II|MeagreEquiv|Theses/A/VN/Basic.lean|ok|none|52II.2, A approx B iff the symmetric difference is meagre. 52II.1 (the definition of meagre) has no declaration: Mathlib's IsMeagre is used instead, and the equivalence with the thesis's 'contained in a countable increasing union of closed sets with empty interior' is asserted in prose and not proved
52II|AlmostClopen|Theses/A/VN/Basic.lean|ok|none|52II.3 verbatim
52III|meagre_basic_1|Theses/A/VN/Basic.lean|ok|mathlib|52III.1. Exercise, no thesis proof; closed by Mathlib's isMeagre_iUnion
52III|meagre_basic_2|Theses/A/VN/Basic.lean|ok|mathlib|52III.2. Closed by IsMeagre.mono
52III|meagre_basic_3|Theses/A/VN/Basic.lean|ok|faithful|52III.3. Follows the exercise's hint: closure U minus U is closed with empty interior
52III|meagre_basic_4|Theses/A/VN/Basic.lean|ok|none|52III.4. Exercise, no thesis proof
52III|meagre_basic_5|Theses/A/VN/Basic.lean|ok|none|52III.5. Exercise, no thesis proof
52III|meagre_basic_6|Theses/A/VN/Basic.lean|ok|none|52III.6. Exercise, no thesis proof
52IIIb|meagre_full_measure|Theses/A/VN/Basic.lean|ok|faithful|52IIIb, the Example. The thesis exhibits explicit intervals around an enumeration of the rationals in [0,1]; ours gets the open dense sets from outer regularity of Lebesgue measure instead. Recorded in the doc comment|left: an Example, whose content is that such a set exists. Outer regularity of Lebesgue measure supplies the open dense sets where the thesis enumerates the rationals; nothing becomes unreachable, the Example having no consumers on either route. -- 2026-08-26 A/VN route pass: REPAIRED (in tree at 49a49f0; recorded here only now). The proof is now the thesis Example verbatim (vn.tex:1775-1793): the rationals are enumerated by Denumerable.eqv, B_m := union_n (q_n - 2^-n/(2(m+1)), q_n + 2^-n/(2(m+1))) is open and dense because it contains every rational, its measure is bounded by the geometric sum 2/(m+1) via measure_iUnion_le and ENNReal.ofReal_tsum_of_nonneg, so B = inter_m B_m is negligible and comeagre and [0,1] minus B is meagre of measure 1. Outer regularity is gone. Two harmless simplifications, stated in the doc comment: we do not intersect each B_m with [0,1] nor restrict the enumeration to Q cap [0,1], which leaves the estimate unchanged.
53II|ngelfand_vna|Theses/A/VN/Basic.lean|ok|faithful|53II first half: C(spec A) is a von Neumann algebra, transported along the Gelfand isomorphism exactly as the exercise directs
53II|ngelfand_normal|Theses/A/VN/Basic.lean|ok|faithful|53II second half: gamma_A is normal, hence an nmiu-isomorphism. The thesis's own reason (an miu-isomorphism is an order isomorphism)
53II|gelfandNP|Theses/A/VN/Basic.lean|ok|none|auxiliary: transport of an np-functional along the Gelfand isomorphism, for 54XI
53III|vn_spectrum_extremally_disconnected|Theses/A/VN/Basic.lean|ok|mild|53III verbatim. Our proof is the thesis's (Urysohn against the supremum of the functions below the indicator of U). ONE DEVIATION REMAINS: the directed set is the cofinal subset of f with 0 <= f <= 1 vanishing off U rather than the thesis's set of all f <= 1_U. The second deviation is no longer one -- running the second Urysohn paragraph for y outside CLOSURE U is now the printed text (vn.tex, commit 6b123ff, erratum parsec-530.40); the point used to take y in spec(A)\U and ask for f vanishing at y while 1 on closure U, contradictory exactly on closure U minus U, which is the only case that matters.|left: the one remaining deviation is the cofinal directed set. The second Urysohn paragraph now AGREES with the printed proof -- that half was repaired in the source on 2026-08-23, so the earlier status ('restoring the printed paragraph would import a false step') is stale.
53V|almostClopenMS|Theses/A/VN/Basic.lean|ok|none|auxiliary: the sigma-algebra generated by the almost clopen sets
53V|almostClopen_sigmaAlgebra|Theses/A/VN/Basic.lean|ok|faithful|53V, rendered as 'every member of the generated sigma-algebra is almost clopen', which is exactly 'the almost clopen sets form a sigma-algebra'. Proof is 53VI: complements by 52III.6, countable unions through the closure of the union of the clopen representatives, clopen by extremal disconnectedness
54II|baire_category_theorem|Theses/A/VN/Basic.lean|ok|mathlib|54II verbatim. The thesis proves it by the nested-open-set construction; ours cites Mathlib's Baire space instance for compact Hausdorff spaces
54IV|approx_closure|Theses/A/VN/Basic.lean|ok|faithful|54IV, the chain of equivalences stated as two iffs. Our proof is 54V: 52III.3 plus Baire for the one non-obvious implication
54VI|almost_meagre_fundamental|Theses/A/VN/Basic.lean|ok|faithful|54VI. Proof is 54VII
54IX|open_almost_clopen|Theses/A/VN/Basic.lean|ok|faithful|54IX. Proof is 54X, both directions as printed
54XI|mac|Theses/A/VN/Basic.lean|ok|none|auxiliary: the value of the 54XI measure on an almost clopen set, via its clopen representative
54XI|macMeasure|Theses/A/VN/Basic.lean|ok|none|auxiliary: the 54XI measure itself
54XI|cvn_faithful_1|Theses/A/VN/Basic.lean|ok|mild|54XI first paragraph: existence, uniqueness, null-iff-meagre, the clopen values, finiteness and completeness. Our proof follows 54XII (clopen representative, faithfulness of omega for the null-iff-meagre clause, Baire and normality of omega for sigma-additivity) but packages sigma-additivity as a HasSum over clopen representatives rather than the thesis's decreasing-sequence argument. I did not re-derive every one of the roughly forty supporting lemmas between lines 6740 and 7150 against the text|left: the HasSum packaging of sigma-additivity is a rendering choice, not a different argument -- 54XII's decreasing-sequence step is the same fact. The note's admission about the roughly forty supporting lemmas stands as written; it is a coverage caveat, not a divergence.
54XI|cvn_faithful_2|Theses/A/VN/Basic.lean|ok|route|54XI measurability clause, in the POINTWISE reading (continuous at almost every point). The thesis's proof at 54XII proves the strictly weaker 'agrees with a continuous function off a null set', via surjectivity of C(spec A) -> L-infinity -- the defect recorded in ERRATA as 54XII. Our proof takes the route that erratum prescribes, through the distributivity property that every meagre subset of spec A is nowhere dense (line 7243), which the thesis never states|LEFT-THESIS, re-derived 2026-08-29: the printed proof of this clause is defective and ours takes the repair the erratum prescribes, so putting the proof back on the printed route would weaken a statement that is right as it stands. Re-derived against the sources today. ERRATA.md's 54XII row is on file and still OPEN: it records that the thesis argues the measurability clause by surjectivity of ϱ, which delivers only "agrees with a continuous function off a null set", strictly weaker than continuity AT almost every point, and it prescribes the distributivity lemma -- every meagre subset of spec 𝒜 is nowhere dense -- as the fix. cvn_faithful_2 is A/VN/Basic.lean:9039 and states the pointwise reading (a null E with f continuous at every point of its complement); its proof goes through exists_isMeagre_continuousAt_of_measurable, which applies isMeagre_closure_of_isMeagre (Basic.lean:8019) at Basic.lean:8084 -- the prescribed lemma, which the thesis never states. EARLIER RECORD, kept: left: our proof takes exactly the route ERRATA 54XII prescribes. The thesis's printed proof establishes the strictly weaker a.e.-equality reading, so restoring it would weaken the statement. -- 2026-08-26 A/VN route pass: LEFT, reason 2 (erratum), RE-VERIFIED that day.
54XI|cvn_faithful_3|Theses/A/VN/Basic.lean|ok|mild|54XI last paragraph, but only the commuting triangle: integral of f = omega(gamma^-1 f). The other half of that paragraph -- that f -> f-circle is an nmiu-ISOMORPHISM C(spec A) -> L-infinity(spec A) -- is not formalized, since L-infinity has no Mathlib carrier (same obstruction as 51IX); the doc comment says so. Proof follows the thesis's density argument in spirit, approximating f by clopen-indicator combinations|repaired: 54XI.3's nmiu-isomorphism is now stated in A/VN/Basic as cvn_faithful_4 (2026-08-21), carrying the C-homogeneity clause so it does not repeat A9's defect. The earlier note here -- that the isomorphism half is reachable only from A/Proc/Duplicators' private exists_isLinftyOf_of_starAlgEquiv -- is superseded; that declaration is now redundant. -- 2026-08-26 A/VN stmt pass: repair VERIFIED. cvn_faithful_4 (Basic:8762) exists, carries the C-homogeneity clause (so it does not repeat A9's defect) and is axiom-clean in situ. Non-vacuous: 70III's exists_linftyPresentation (Projections:8197) is built on it. stmt stays `weaker` for the named commuting-triangle declaration.  2026-08-27 stmt-class pass: STAYS `weaker`, and the recorded evidence is corrected. Under the convention now in docs/STATEMENT-AUDIT.md a row is `weaker` only when some clause of the point is stated NOWHERE in the tree. Re-read vn.tex:2028-2038: the last paragraph has THREE clauses, not the two this note describes. (i) a bounded function on spec(A) is measurable iff continuous almost everywhere (:2033-2034) -- cvn_faithful_2 (Basic:8691, row 138), which the note never mentions; (ii) f maps-to f-circle from C(spec A) to L-infinity(spec A) is an NMIU-ISOMORPHISM (:2035-2037); (iii) the integral of f-circle is omega(gamma-inverse f) (:2038) -- this declaration (:8722). Clause (ii) is carried by cvn_faithful_4 (:8774) as far as the tree convention for L-infinity allows: a presentation q of A by the bounded measurable functions that is surjective, additive, C-HOMOGENEOUS (so it does not repeat A9 defect), multiplicative, star-preserving and unital, with kernel exactly the a.e.-zero functions and agreeing with gamma-inverse on continuous functions. THE RESIDUE, read off the source and not previously recorded: the isomorphism is asserted MIU but never NORMAL -- cvn_faithful_4 has no PreservesDirSups conjunct and no declaration in the file states one for it -- so the "n" of "nmiu-isomorphism" is not on record. That is the clause keeping this row weaker, and it is a one-clause gap, not the whole isomorphism the note complained of.  2026-08-27 coverage-gap pass: RECLASSIFIED weaker -> ok. The one clause keeping this row (and the cvn_faithful_4 and exists_presentation rows) `weaker` was the 'n' of 'nmiu' -- normality of f maps-to f-circle, asserted nowhere. It is now stated, as `cvn_faithful_5` (Basic.lean:9166), which is cvn_faithful_4's eight conjuncts plus a ninth saying q carries a least upper bound for the a.e. order to a least upper bound in the algebra. cvn_faithful_5 has its own row below. This declaration is unchanged and still carries clause (iii), the commuting triangle.
54XI|cvn_faithful_4|Theses/A/VN/Basic.lean|ok|route|54XI's third clause (vn.tex:2035-2037), that f ↦ f° is an nmiu-ISOMORPHISM C(spec 𝒜) → L^∞(spec 𝒜), in presentation form: a q from the bounded measurable functions onto 𝒜 that is surjective, additive, ℂ-homogeneous, multiplicative, ∗-preserving and unital, with kernel exactly the μ-a.e.-zero functions and agreeing with γ⁻¹ on continuous f. Presentation form rather than an object-level ≃⋆ₐ because L^∞ has no carrier in the tree, the same convention as 51IX Linfty_vn and A/Proc/Duplicators' IsLinftyOf. CONFIRMED, and this is the clause that keeps 54XI weaker: the 'n' of 'nmiu' is asserted nowhere. The conclusion carries no PreservesDirSups conjunct; IsLinftyOf (Duplicators:1336) has no normality field either, so the A/Proc rendering does not supply it; and the doc comment's remark that normality 'is automatic' by starAlgEquiv_preservesDirSups (Basic:4081) is true only of an actual ∗-isomorphism -- in presentation form there is no ≃⋆ₐ for that lemma to be applied to, and forming the descent is exactly what the missing L^∞ carrier prevents. NOT REPAIRED HERE (bookkeeping pass): stating it wants one further conjunct, that q sends directed suprema of the a.e. order on bounded measurable functions to the suprema of their images, about 6 lines to state and, following starAlgEquiv_preservesDirSups's bipositivity argument transported along q's kernel clause, an estimated 60-120 to prove. The point's other clauses are cvn_faithful_1 (the measure), cvn_faithful_2 (measurability) and cvn_faithful_3 (the commuting triangle), each with its own row; exists_presentation is this same statement for an arbitrary X and 𝒞. Proof: the thesis (54XII) gets the isomorphism from surjectivity of ϱ, which ERRATA records as defective, so ours instead builds the continuous representative from the clopen representatives of the rational sublevel sets (ContRep.exists_contRep) -- a different route, and cvn_faithful_4 itself is a one-line specialisation of exists_presentation|LEFT-THESIS (2026-08-29 A/VN route re-derivation): the printed route is the defective one, so it is not ours to follow. ERRATA.md's 54XII row, on file and OPEN, records that the thesis gets 54XI's isomorphism clause from surjectivity of ϱ; ours builds the continuous representative from the clopen representatives of the rational sublevel sets (ContRep.exists_contRep), which is what the erratum prescribes. Re-derived in situ today: cvn_faithful_4 is A/VN/Basic.lean:9123, its conclusion is the eight conjuncts the note lists, and its proof is a single call to ContRep.exists_presentation at gelfandStarTransform 𝒜 -- so this row's divergence is exactly the exists_presentation row's, and the two carry one verdict between them. EARLIER RECORD, kept, and it was about the STATEMENT column rather than this one: the 2026-08-27 unrowed pass wrote the row reporting one missing clause, normality -- the n of nmiu -- and the 2026-08-27 coverage-gap pass then moved the STATEMENT column weaker -> ok, because cvn_faithful_5 (Basic.lean:9166) states these eight conjuncts plus that ninth. That was a statement-column event and is not a proof verdict; until today the field's opening words made this row read as a closed one while its proof divergence is live. This declaration's own statement is untouched -- a conjunct may not be added to it without an author ruling. The doc's remark that starAlgEquiv_preservesDirSups would supply normality was checked once more and is still unavailable: that lemma wants an actual ≃⋆ₐ and the L^∞ carrier one would need is exactly what the tree does not have.
54XI|exists_presentation|Theses/A/VN/Basic.lean|ok|route|private, and the mathematical content of cvn_faithful_4: 54XI's isomorphism clause stated for an arbitrary compact Hausdorff extremally disconnected X, an arbitrary σ-algebra whose measurable sets are the almost clopen ones, an arbitrary measure whose null almost clopen sets are the meagre ones, and an arbitrary C*-algebra 𝒞 with 𝒞 ≃⋆ₐ[ℂ] C(X,ℂ). That generality is more than the point asks (the point fixes 𝒞 = 𝒜, X = spec 𝒜 and the measure of cvn_faithful_1), and it is not what makes the row `weaker`: its conclusion is the same clause list as cvn_faithful_4's and shares that declaration's one gap -- nothing about preservation of directed suprema, so 'nmiu-isomorphism' comes out as 'miu-isomorphism'. See the cvn_faithful_4 row for the costed line estimate and for which declaration carries each of the point's other clauses; the gap is one clause shared by three rows here, not three gaps. Proof follows the classical clopen-representative construction of ContRep.exists_contRep rather than the thesis's surjectivity argument at 54XII, which ERRATA records as defective|LEFT-THESIS (2026-08-29 A/VN route re-derivation): same ground as cvn_faithful_4, of which this private declaration is the mathematical content at full generality. The thesis's 54XII gets the isomorphism clause from surjectivity of ϱ, and ERRATA.md's 54XII row, on file and OPEN, records that argument as establishing something strictly weaker than the point claims; ours follows the erratum instead, through the clopen representatives of the rational sublevel sets (ContRep.exists_contRep). Re-read in situ today: exists_presentation is the private theorem at A/VN/Basic.lean:8493 and cvn_faithful_4 (Basic.lean:9123) is its one-line specialisation at gelfandStarTransform 𝒜, exactly as the note says. EARLIER RECORD, kept, and it was about the STATEMENT column: the 2026-08-27 unrowed pass wrote the row, and the 2026-08-27 coverage-gap pass moved the STATEMENT column weaker -> ok once linftyPresentation_isLUB (Basic.lean:8925) supplied the normality clause at this declaration's own generality, its hypotheses being four of this conclusion's conjuncts. That was a statement-column event and is not a proof verdict; the field's opening words made this row read as a closed one until today, while the proof divergence is live. This declaration's statement is untouched.
54XI|linftyPresentation_le_iff|Theses/A/VN/Basic.lean|ok|route|Auxiliary for 54XI's normality clause, and the mathematical content of it: an L-infinity-PRESENTATION q -- additive, multiplicative, star-preserving, with kernel exactly the mu-a.e.-zero functions -- satisfies q f <= q g iff f <= g almost everywhere. Neither C-homogeneity nor unitality nor surjectivity is needed. This is 48VI.2 `starAlgHom_le_iff` with the kernel clause standing in for injectivity, and the proof is that lemma's (and the thesis's) cube argument transported across q: the forward direction takes the square root of the difference, the backward direction forms the negative part n, uses n f n = -(n cubed) a.e. to get q(n) cubed <= 0 against 0 <= q(n) cubed, and concludes q n = 0 by eq_zero_of_pow_three_eq_zero, hence n = 0 a.e. Not itself a clause of any point; it exists so that the 'n' of 54XI's 'nmiu' can be stated|LEFT-FORCED, re-derived 2026-08-29: the statement is about ANY L-infinity-presentation while the thesis's route is about an nmiu-isomorphism, so the printed argument does not reach this generality and there is nothing to put the proof back onto. Re-read in situ today: linftyPresentation_le_iff is A/VN/Basic.lean:8888 and its hypotheses are additivity, multiplicativity, star-preservation and the kernel clause and nothing else -- no ℂ-homogeneity, no unitality, no surjectivity -- exactly as the note claims. Worth recording, because it is the opposite of a divergence in substance: what the proof does follow is the thesis's own cube argument from 48VI.2 starAlgHom_le_iff, transported across q with the kernel clause standing in for injectivity. So the deviation is the generality and not the argument. EARLIER RECORD, kept: the declaration was written by the 2026-08-27 coverage-gap pass and is axiom-clean in situ (propext, Classical.choice, Quot.sound); the 2026-08-28 proof-column sweep filed left-forced, and that verdict stands after today's re-derivation.
54XI|linftyPresentation_isLUB|Theses/A/VN/Basic.lean|ok|route|54XI's normality clause -- the 'n' of 'nmiu-isomorphism' (vn.tex:2036) -- at full generality: any L-infinity-presentation q of a C*-algebra that is surjective, additive, multiplicative and star-preserving with kernel exactly the mu-a.e.-zero functions carries a least upper bound for the a.e. order on bounded measurable functions to a least upper bound in the algebra. So normality is AUTOMATIC from the other presentation clauses; it did not have to be built into the construction. Two things about the shape are deliberate and worth recording. (i) DIRECTEDNESS IS NOT ASSUMED and is not needed: by linftyPresentation_le_iff together with surjectivity q is an order isomorphism modulo a.e. equality, so it preserves whichever suprema exist -- the directed ones PreservesDirSups asks about among them. The clause is therefore stronger than PreservesDirSups would be. (ii) It is stated of q rather than of the thesis's f maps-to f-circle because q is that map's inverse in the presentation convention, and normality transfers across an order isomorphism. Proof route is ours, not the thesis's: the thesis says normality is automatic for an nmiu-isomorphism and leaves it there|LEFT-FORCED, re-derived 2026-08-29: the clause is proved for an arbitrary L-infinity-presentation, where the thesis's route needs the nmiu-isomorphism, so the printed argument does not reach the statement. Re-read in situ today: linftyPresentation_isLUB is A/VN/Basic.lean:8925, hypothesised on surjectivity, additivity, multiplicativity, star-preservation and the kernel clause, with no ℂ-homogeneity and no unitality, and with directedness of D deliberately not assumed -- so the conclusion is stronger than PreservesDirSups would be, as the note says. A second reason sits on top of the generality and it is the thesis's own: 54XI's leading n is asserted and never argued -- the text says normality is automatic for an nmiu-isomorphism and stops there -- so even at the point's own instance there is no printed argument to transcribe, and the substitute the doc names, starAlgEquiv_preservesDirSups, wants an actual ≃⋆ₐ that the missing L^∞ carrier forbids. EARLIER RECORD, kept: the declaration was written by the 2026-08-27 coverage-gap pass, is axiom-clean in situ, and the 2026-08-28 proof-column sweep filed left-forced; that verdict stands. Its costing was re-read and is as written -- about 230 lines with linftyPresentation_le_iff and the private helpers, against an estimate of 60-120 for the proof.
54XI|cvn_faithful_5|Theses/A/VN/Basic.lean|ok|route|54XI's isomorphism clause (vn.tex:2035-2037) IN FULL -- an NMIU-isomorphism, not merely an miu-one. Restates cvn_faithful_4's eight conjuncts (surjective, additive, C-homogeneous, multiplicative, star-preserving, unital, kernel exactly the mu-a.e.-zero functions, agreeing with gamma-inverse on continuous functions) and adds the ninth the point's leading 'n' asks for: for every D and s with s a least upper bound of D for the a.e. order, q s is a least upper bound of q '' D. Still in presentation form rather than as an object-level equivalence, because L-infinity has no carrier in the tree -- the same convention as 51IX Linfty_vn and A/Proc/Duplicators' IsLinftyOf. Proof: cvn_faithful_4 for the eight, linftyPresentation_isLUB for the ninth. Route rather than faithful for the same reason cvn_faithful_4 is -- the thesis gets the isomorphism from surjectivity of varrho, which ERRATA records as defective at 54XII|LEFT-THESIS (2026-08-29 A/VN route re-derivation): the proof divergence is live and it is the thesis's own. 54XI's isomorphism clause is got in the text from surjectivity of ϱ, which ERRATA.md's 54XII row, still on file and OPEN, records as establishing something strictly weaker than the point claims; ours goes through the clopen representatives of ContRep.exists_contRep instead, which is the repair that erratum prescribes. Re-derived in situ today: cvn_faithful_5 is A/VN/Basic.lean:9166, and its proof is cvn_faithful_4 (Basic.lean:9123) for the eight conjuncts and linftyPresentation_isLUB (Basic.lean:8925) for the ninth -- both read and both saying what is claimed. EARLIER RECORD, kept, and every entry in it is a COVERAGE event rather than a proof verdict: the 2026-08-27 coverage-gap pass wrote this declaration to supply the one clause the three older 54XI rows had recorded between them, and the 2026-08-29 negation pass reported that coverage shut. That is what the field said until today and it made the row read as a finished one; the STATEMENT side is indeed finished and the PROOF side is not. Of the two neighbours listed there, 70III's cvn_linfty_normal (Projections.lean:8170) with exists_linftyPresentation_normal (:8061) now carry the ninth clause, while A/Proc/Duplicators' IsLinftyOf (Duplicators.lean:1340) still has no normality field -- a structure whose every consumer would owe a tenth field, so it wants an author ruling and is not this row's business.
72III|omegaNorm_mul_le|Theses/A/VN/Basic.lean|ok|none|auxiliary submultiplicativity ‖bc‖_omega <= ‖b‖ ‖c‖_omega. Not 72III.1b itself, which is the Kadison estimate abs(omega(a* b c)) <= ‖a‖_omega ‖b‖ ‖c‖_omega -- and note that 72III.1b as printed carries a spurious ‖omega‖, removed by the published erratum parsec-720.30
72III|conjNP|Theses/A/VN/Basic.lean|ok|none|72III.1a, that b*omega is again an np-map, bundled as a construction. Normality is 44VIII ad_normal, as the thesis says. Exercise, no proof in the sources
72XI|smulNP|Theses/A/VN/Basic.lean|ok|none|auxiliary: a nonnegative real multiple of an np-functional, needed by 72XI and 73VIII. Not a transcription of either
