DISP|lean_name|module|stmt|proof|note|status
159II|mketbra|B/Dils/SelfDual|ok|none|Definition of ketbra(x,y), mirrored: z -> <y,z>.x is rendered as inner B y z SMUL x. The bound N(y).N(x) is built into the mkContinuous. No [VonNeumannAlgebra] binder, and none is wanted: 159II is stated for a Hilbert B-module over a C*-algebra.
159II|mketbra_apply|B/Dils/SelfDual|ok|none|The characterizing equation, by rfl. 159IIa (the theta_{x,y} remark of the literature) is recorded in the doc.
159III|mketbra_adjointable|B/Dils/SelfDual|ok|faithful|The rule ketbra(x,y)* = ketbra(y,x) of 159III, rendered as ModuleAdjointTo (adjointability together with the named adjoint), Ba not being in scope at this point of the file.
159III|mketbra_rules|B/Dils/SelfDual|ok|faithful|The remaining five rules of 159III bundled into one conjunction: ketbra(xb,y) = ketbra(x,yb*) (mirrored), ketbra(x,y).ketbra(v,w) = ketbra(x<y,v>,w), ketbra(e,e) is a projection when <e,e> is, T.ketbra(x,y) = ketbra(Tx,y), ketbra(x,y).T* = ketbra(x,Ty). The bundling under the shared hypotheses he and hT costs nothing: e = 0 and T = T' = 0 always satisfy them, so every clause remains available unconditionally.
159VI|onbProj|B/Dils/SelfDual|ok|none|p_S = sum over i in S of ketbra(e_i,e_i), the projection of ketbra-dense-pt1.
159VI|onbProj_isLUB, onbProj_isStarProjection, onbProj_mono, onbProj_le_one, onbProj_uwTendsto_one|B/Dils/SelfDual|ok|faithful|COVERED (2026-08-27 stmt-class pass): the point IS fully stated in the tree; the status field says which declaration carries which clause. The original finding, taken against the named declaration alone, follows. Renders only the sup over S of p_S = 1 clause of 159VI. The point also asserts that each p_S is a projection, that p_S <= p_S' for S contained in S', and (its operative conclusion) that p_S converges ULTRAWEAKLY to 1 by 44VI vna-supremum-uwlimit. Monotonicity and 0 <= p_S <= 1 are in the file as onbProj_mono and onbProj_le_one, carrying no DISP; that p_S is a PROJECTION, and the ultraweak convergence, are nowhere stated. Proof is the thesis's: Parseval (149IV) plus order separation of the np-functionals (144I).|repaired: 159VI's remaining clauses are now stated - onbProj_isStarProjection (SelfDual.lean:305, each p_S is a projection, by the point's own pairwise-orthogonality reason) and onbProj_uwTendsto_one (:339, p_S -> 1 ultraweakly via 44VI); monotonicity and 0 <= p_S <= 1 are onbProj_mono and onbProj_le_one above, now cited from the doc.  2026-08-27 stmt-class pass: RECLASSIFIED weaker -> ok under the `stmt` convention now written into docs/STATEMENT-AUDIT.md (a row grades the POINT, not the named declaration in isolation). Re-read dils.tex:4336-4356 (ketbra-dense-pt1). Four clauses, all stated: each p_S is a projection -- onbProj_isStarProjection (SelfDual:305), needing only OrthonormalFam; monotonicity -- onbProj_mono (:229), with Bessel as onbProj_le_one (:217); the Parseval computation giving sup_S p_S = 1 -- this declaration (:261); and p_S -> 1 ULTRAWEAKLY -- onbProj_uwTendsto_one (:339), whose SelfDual hypothesis is 159IV own. lean_name extended; none of the four siblings had a row.
159VIII|onbProj_omegaNorm_tendsto, onbProj_compress_uwTendsto|B/Dils/SelfDual|ok|mild|COVERED (2026-08-27 stmt-class pass): the point IS fully stated in the tree; the status field says which declaration carries which clause. RE-DERIVED 2026-08-29 (route pass) and the recorded finding DID NOT SURVIVE, in two places. (i) It said "the proof does not follow 159VIII: it reads the limit off the LUB of the directed p_S through normality of omega, then squeezes by E^2 <= E for effects". That was taken against onbProj_omegaNorm_tendsto ALONE and was written before onbProj_compress_uwTendsto existed. 159VIII (dils.tex:4369-4383) splits abs f(T - p_S T p_S) into abs f((1-p_S)T) plus abs f(p_S T (1-p_S)), bounds each by Cauchy-Schwarz, and feeds in f(1-p_S) -> 0; SelfDual.lean:481 runs exactly that splitting and exactly those two estimates, and the status field has said so since the 2026-08-27 repair. (ii) It said the np-map slip is "not in ERRATA". It is: ERRATA.md line 137, the 159VIII row, OPEN, with the same reading (f has to be an np-map on B^a(X)). What remains is local and sits in the first-half lemma onbProj_omegaNorm_tendsto (SelfDual.lean:367); see the status field. Reclassified route -> mild.|left-benign, and the proof column moved route -> mild on 2026-08-29. THE ROUTE IS THE THESIS'S OWN. onbProj_compress_uwTendsto (SelfDual.lean:481) is 159VIII step for step - the splitting T - p_S T p_S = star(1-p_S)*T + star(star T * p_S)*(1-p_S), i.e. the printed (1-p_S)T plus p_S T (1-p_S), then norm_apply_star_mul_le twice with norm p_S <= norm 1 and norm T absorbing the middle factors - and onbProj_omegaNorm_tendsto (:367) supplies the f(1-p_S) -> 0 that the printed proof takes from 159VI. THE ONE LOCAL DEVIATION, which is what makes this mild and not faithful, is inside that first-half lemma. 159VI ketbra-dense-pt1 (dils.tex:4336-4356) reaches the limit as sup_S p_S = 1 followed by 44VI vna-supremum-uslimit, and the tree HAS that chain as onbProj_uwTendsto_one (:340); ours instead applies the normality of omega (preservesDirSups') to the same directed LUB onbProj_isLUB, which is 44VI's content unpacked, so that the von Neumann structure of B^a(X) - and hence 159IV's self-duality, which 152X would need - is not assumed. The passage to the omega-SEMINORM form that our Cauchy-Schwarz lemma consumes is E^2 <= E for effects (sq_le_self_of_effect, :351); nothing is lost by it, since 1 - p_S is in fact a projection and the printed f(1-p_S) already IS the square of that seminorm. Same shape as row 34 delta_isONBasis, which this file already classes mild and left-benign, and no action follows. EARLIER RECORD, kept: repaired: 159VIII's conclusion is now stated as onbProj_compress_uwTendsto (SelfDual.lean:481) - UWTendsto (fun S => p_S * T * p_S) atTop T - lifted verbatim out of ketbra_ultraweakly_dense's second bullet, which now closes with a one-line application of it; onbProj_omegaNorm_tendsto (the first half, '1 - p_S' -> 0 in the omega-seminorm) is unchanged and is what the new lemma consumes. The route is the thesis's own: the splitting T - p_S T p_S = (1-p_S)*T + (T*p_S)*(1-p_S) with the two Cauchy-Schwarz estimates. The doc comment records the argument's defect (the np-map is taken on B, applied to an element of B^a(X); it has to be an np-functional of B^a(X), which is what omega is here) and notes that berr.tex's err159IV corrects a different slip in the same display. Self-duality is not needed for the step and is not assumed, as for onbProj_omegaNorm_tendsto. Axiom-clean (propext, Classical.choice, Quot.sound), checked in situ.  2026-08-27 stmt-class pass: the STATEMENT column was reclassified weaker -> ok under the `stmt` convention now written into docs/STATEMENT-AUDIT.md (a row grades the POINT, not the named declaration in isolation). Re-read dils.tex:4369-4389, which ends `and so indeed p_S T p_S -> T ultraweakly'. That conclusion is onbProj_compress_uwTendsto (SelfDual:481), stated for an arbitrary T and WITHOUT self-duality, so more general than the printed setting; this declaration (:367) is the f(1 - p_S) -> 0 sub-step it consumes. The point's own defect (the printed np-map is taken on B but applied to an element of B-a(X)) is recorded in the doc. lean_name extended.
159VII|onbProj_compress|B/Dils/SelfDual|ok|faithful|p_S T p_S is the double sum of ketbra(e_i<e_i,Te_j>, e_j) over i,j in S, which is exactly 159VII's computation, mirrored.
159IV|ketbra_ultraweakly_dense|B/Dils/SelfDual|ok|faithful|Ultraweak density is rendered by exhibiting the canonical net p_S T p_S indexed by Finset iota along atTop, which is stronger than bare density and is what the thesis's own proof produces. The self-duality hypothesis hX is carried faithfully and deliberately unused; ERRATA already records that 159IV's self-duality is redundant given an orthonormal basis (149XI). Proof is 159V-159VIII: the same splitting T - pTp = (1-p)*T + (T*p)*(1-p), the same two Cauchy-Schwarz estimates, with the thesis's f(1-p_S) -> 0 supplied by onbProj_omegaNorm_tendsto.
159IX|ketbra_ultranorm_continuous|B/Dils/SelfDual|ok|mild|Matches 159IX (a norm-bounded net x_a converging ultranorm to x makes ketbra(x_a,y) converge ultraweakly to ketbra(x,y)); the operators are carried as Ba elements with hK and hK0 naming their underlying maps. THESIS TYPO: 159IX writes "for any y in Y" where Y is never introduced; it must be X. Proof is 159X-159XI with two deviations the doc records: the preparatory operator-norm bound is already free from mketbra's definition, and the operator-norm density of the span of Omega comes from vn_center_separating_fundamental_2 at S = B^a(X) rather than from the thesis's "omega(T*(.)T) lies in Omega" remark.|left-benign: both deviations are shorter and neither orphans anything. The preparatory operator-norm bound of 159X is free from mketbra's definition, and vn_center_separating_fundamental_2 (the density it uses instead of 159XI's 'ω(T*(·)T) lies in Ω' remark) has other consumers. The thesis typo (Y for X) is recorded in the note and is a statement matter, already settled.
160II|direct_prod_self_dual_basis|B/Dils/SelfDual|ok|faithful|Both halves of the exercise: kappa_1(E) union kappa_2(F) is an orthonormal basis, and the direct sum is self dual. The direct sum is encoded abstractly (a module Z with inner-product-preserving, mutually orthogonal, jointly surjective B-linear kappa_1, kappa_2); [CompleteSpace Z] is an extra hypothesis of that encoding and is harmless, the concrete X (+) Y satisfying it. Proof is the bsols solution: split the Finset over the sum type, push the two basis expansions through the ultranorm-continuous inclusions, and split an l2-summable family into its two subfamilies.
160III|orthoCompl|B/Dils/SelfDual|ok|none|V-perp = {x : <x,v> = 0 for all v in V}. Matches 160III.
160IV|unClosure|B/Dils/SelfDual|ok|none|Auxiliary: the ultranorm closure of a set in entourage form (finitely many np-functionals and an epsilon). Not itself a numbered point.
160IV|bSpan|B/Dils/SelfDual|ok|none|Auxiliary: the B-linear span, as finite sums of c.b.v. Not itself a numbered point.
160IV|hilbmod_projthm_1|B/Dils/SelfDual|ok|faithful|Part 1: V-perp is an ultranorm-closed B-submodule. The parenthetical "(and so is V-perp-perp)" is not stated separately, being the same theorem applied to V-perp. Proof is 160V verbatim, through ultranorm continuity of the inner product.|faithful, and REPAIRED session 96 at the level of the citation: the ultranorm-closedness half now goes through 148III.2 ultranormcontstruct_inner - the point's own '<v, unlim x_a> = uslim <v, x_a> = 0' - instead of unfolding to the raw Cauchy-Schwarz estimate; and 160VI's 'it follows from ultranormcontstruct that W is a submodule' now goes through 148III.1 ultranormcontstruct_add in unClosure_add. This revives two of the six declarations of the 148III DEAD LIMB (ultranormcontstruct_inner and ultranormcontstruct_add had zero consumers in the whole tree before this session).
160IV|exists_orthogonal_decomp|B/Dils/SelfDual|ok|route|Private: the projection theorem for an ultranorm-closed submodule W, i.e. the substance of 160IV.3 - every x splits as p + (x-p) with p in W and x-p orthogonal to W. Divergence class 2: the thesis (160VI-160VIII) takes an orthonormal basis of W, EXTENDS it to a basis of the whole of X, and expands x along the extended basis; here Zorn produces a maximal orthonormal subset of W directly (exists_max_orthonormal_orthoCompl), so no basis of X and no 160IV.2 is needed. Stated for a W given by closure properties rather than as V-perp, which is what lets 160IV.2 and 160IV.3 be proved independently.|left-cost: 200-320 lines to run the thesis's own route, unbuilt. THE ESTIMATE'S HISTORY: session 98 costed it at 180-260 lines; the 2026-08-26 B/Dils route pass re-checked it against the tree, kept the magnitude at 200-320 and corrected three items of the itemization; the 2026-08-29 negation pass re-derived the whole of it once more against dils.tex and the source, confirms the magnitude, and refreshes every line number and count below -- they had drifted, SelfDual.lean being 11,407 lines now and not the 9,600 the earlier costing quoted. WHY THERE IS A ROUTE DIVERGENCE AT ALL: the thesis (160VI-160VIII, dils.tex:4525-4569) takes an orthonormal basis of W, EXTENDS it to a basis of the whole of X, and expands x along the extended basis; here Zorn produces a maximal orthonormal subset of W directly, as inside this declaration and as extracted in exists_max_orthonormal_orthoCompl (SelfDual:4294, 71 lines), so no basis of X and no 160IV.2 is needed. WHAT THE THESIS ROUTE STILL COSTS, itemized: (i) the seeded maximal-orthonormal-to-basis lemma. The model is 149VIII exists_isONBasis_of_bddUnComplete (HilbertModules:3333-3427, 95 lines), which is exactly what dils.tex:4535-4538 cites ('going back to the construction of (e_i) in selfdual-bcompl-then-basis') and which already contains BOTH the Zorn chain argument AND the polar-decomposition maximality step that turns a maximal orthonormal set into a basis; 160VI needs it SEEDED with a given orthonormal E0, which as a generalisation in place would be +20-25 lines, but HilbertModules.lean is not this file's to edit, so it has to be copied into SelfDual.lean: 95-115 lines. (ii) d in W-perp for d in E minus E0 -- orthogonal to a basis of W implies orthogonal to W, by the E0-expansion plus continuity of the inner product: ~25 lines. (iii) 160VII's argument for part 2: in the E-expansion of an x in V-perp-perp every term indexed outside E0 has coefficient <d,x> = star<x,d> = 0, so all partial sums lie in the B-span of E0 and the limit lies in the closed W: ~35 lines. (iv) 160VIII's argument for part 3: split the E-expansion into its E0- and (E minus E0)-parts, each convergent by exists_unTendsto_of_l2Summable, and add the limits: ~60-100 lines. (v) rewriting this declaration (SelfDual:1169, 158 lines, measured again on 2026-08-29) and re-deriving hilbmod_projthm_2 (:1339) and hilbmod_projthm_3 (:1387) off it. THREE ITEMS OF THE SESSION-98 COSTING THAT WERE MISTAKEN, and still are: its model lemma was exists_max_orthonormal_orthoCompl rather than 149VIII; its item (b), maximal-orthonormal-in-X gives basis-of-X at ~30 lines, is no separate cost at all, because isONBasis_of_orthoCompl_eq_zero DOES exist (SelfDual:4246, four consumers at 4781, 4805, 4844 and 4988) and needs only the maximality clause the Zorn lemmas already state, and with (i) seeded it is not needed; and its claimed forced re-ordering 'prove 160IV.3 BEFORE .2' is false -- the thesis proves .2 at 160VII (dils.tex:4543-4555) and .3 at 160VIII (:4556-4569) in that order, both resting on the extended basis of 160VI and not on each other, and there is no circularity to fear either, 160IX selfdual_orthn_basis (SelfDual:1454) using only 160IV.1 hilbmod_projthm_1 (:927). CONSUMERS, recounted 2026-08-29: hilbmod_projthm_2 has FOUR, not the five the 2026-08-26 pass reported -- Pure:3582 and SelfDual:5330, 8658, 9922, the fifth having been Pure:3554, which is a doc-comment mention -- and this declaration has three, SelfDual:1354, 1401 and 1616, the earlier count of which had included its own declaration line. Since no statement may change, none of them needs rewriting, only a recompile; and nothing is orphaned either way.
160IV|hilbmod_projthm_2|B/Dils/SelfDual|ok|route|Part 2: V-perp-perp is the ultranorm closure of the B-linear span of V. Divergence class 2, and the doc says so: the thesis proves parts 2 and 3 together in the order 3-then-2, by extending an orthonormal basis of W to a basis of X; here the inclusion comes from the relativized decomposition of exists_orthogonal_decomp, which needs no basis of X at all.|left-cost: 200-320 lines, unbuilt, and costed WITH THE PREVIOUS ROW -- the two are one piece of work, because the thesis proves parts 2 and 3 together in the order 3-then-2 off a single extended basis of X (160VI-160VIII, dils.tex:4525-4569). The itemization, the three corrections to the session-98 costing and the consumer recount live in the previous row (exists_orthogonal_decomp) and are not duplicated here; all of it was re-derived on 2026-08-29 and the magnitude stands. THIS ROW'S OWN DECLARATION: hilbmod_projthm_2 (SelfDual:1339, 38 lines), part 2, V-perp-perp is the ultranorm closure of the B-linear span of V. Its divergence is the same class-2 one the doc comment states: here the inclusion comes from the relativized decomposition of exists_orthogonal_decomp, which needs no basis of X. Its consumers are Pure:3582 and SelfDual:5330, 8658 and 9922 -- four, not the five the 2026-08-26 pass counted -- so nothing is orphaned either way, and since no statement changes they would need only a recompile.
160IV|hilbmod_projthm_3|B/Dils/SelfDual|ok|mild|Part 3, rendered as existence and uniqueness of the splitting x = p + (x-p) with p in V-perp-perp and x-p in V-perp, i.e. bijectivity of the thesis's theta. The other half of "isomorphic as Hilbert C*-modules" (theta bounded, B-linear, inner-product preserving) is not stated; it is immediate from orthogonality of the two summands. Existence is exists_orthogonal_decomp, which runs the orthonormalization INSIDE V-perp-perp rather than extending to a basis of X; uniqueness is the thesis's injectivity argument sharpened to V-perp-perp meet V-perp = 0.|left-benign: part 3 as stated is a leaf - zero uses in the tree, which is right for a top-level Theorem of the thesis and not the fingerprint of a shortcut (its ingredients exists_orthogonal_decomp and hilbmod_projthm_2 are both consumed). Uniqueness is the thesis's injectivity argument; existence is the relativized decomposition of the previous two rows.
44XI|uwTendsto_unique₂|B/Dils/SelfDual|ok|mathlib|COVERED (2026-08-27 stmt-class pass): the point IS fully stated in the tree; the status field says which declaration carries which clause. The original finding, taken against the named declaration alone, follows. Uniqueness of ultraweak limits. 44XI.1 asserts that BOTH the ultraweak and the ultrastrong topologies are Hausdorff; only the ultraweak half is stated and used here. A private three-line wrapper around vn_positive_basic_1 and Mathlib's tendsto_nhds_unique; the exercise's own route (order separation via proto-gelfand-naimark) lives in A/VN.|repaired: 44XI.1 in full - both the ultraweak and the ultrastrong topology are Hausdorff, by the exercise's own order-separation route - is A/VN/Basic.vn_positive_basic_1 (Basic.lean:2551). The doc here now says it is a provenance citation, not a transcription, and which half it uses.  2026-08-27 stmt-class pass: RECLASSIFIED weaker -> ok under the `stmt` convention now written into docs/STATEMENT-AUDIT.md (a row grades the POINT, not the named declaration in isolation). 44XI.1 is stated in the tree by A/VN/Basic.vn_positive_basic_1 (Basic:2551), which has its OWN row in avn-basic.csv (row 64, classed ok) -- so lean_name is left alone rather than duplicating the name across chapters. Verified in the source: the statement is the CONJUNCTION of T2Space for the ultraweak topology and T2Space for the ultrastrong topology, i.e. both halves of vn.tex:755 clause 1. This declaration is a private three-line consumer of the ultraweak half, not a rendering, and its doc says so.
160IX|selfdual_orthn_basis|B/Dils/SelfDual|ok|faithful|Both parts: (1) E is a basis of E-perp-perp, rendered as "x in E-perp-perp implies its expansion converges ultranorm to x", with he : OrthonormalFam supplying the orthonormality half of "basis"; (2) x in E-perp-perp iff <x,x> equals the Parseval sum, mirrored, the sum being the ultraweak limit of the partial sums. Proof is the bsols solution: x' = x minus its expansion lies in E-perp-perp (160IV.1) and in E-perp, so <x',x'> = 0; the converse computes <x-p,x-p> = 0 through 148V innerprod_ultraweak.
160X|selfdual_gramschmidt|B/Dils/SelfDual|ok|faithful|"There is a finite orthonormal basis of the perp-perp of {x_1..x_n} with at most n elements" is rendered as: an orthonormal f : Fin m -> X with m <= n, range f inside that perp-perp, and each x_i equal to its f-expansion. Equivalent given 160IX (the two conditions force the perp-perps to agree, and 160IX then makes f a basis), but the words "is a basis of" are not stated. Proof is the bsols solution: induction on n, the new vector being the isometric part u of the polar decomposition of the remainder.
161II|L2Set|B/Dils/SelfDual|ok|none|l2((p_i)) as a subset of iota -> B. The support condition ceil(b_i* b_i) <= p_i is the correct mirror of the thesis's ceil(b_i b_i*) <= p_i, the mirror starring the coordinates. The doc records that it read ceil(b_i b_i*) until 2026-08-16, which made 161II.2 false: an already-repaired transcription defect.
59VI|ceil_star_mul_self_le_iff|B/Dils/SelfDual|ok|faithful|Renders clause 1 of the four-part exercise 59VI (ceill-basic): ceil(x*x) <= r iff xr = x for a projection r, which is "ceil(x*x) is the LEAST projection p with xp = x". Clauses 2-4 are not here. Private auxiliary for 161II, cited by the author's own solution as "recall from ceill-basic".
161II|hilbmod_el2_inner, hilbmod_el2_module, hilbmod_el2_preHilbert|B/Dils/SelfDual|ok|faithful|COVERED (2026-08-27 stmt-class pass): the point IS fully stated in the tree; the status field says which declaration carries which clause. The original finding, taken against the named declaration alone, follows. Renders only the CONVERGENCE half of part 1: the sum of b_i* c_i (mirrored, c_i b_i*) converges ultraweakly. The rest of part 1 - that l2((p_i)) is a right B-module under coordinatewise operations and that this inner product turns it into a pre-Hilbert B-module - is not stated anywhere in the file. The PROOF is now the author's own (bsols.tex:1015-1065): partial sums norm-bounded and ultraweakly Cauchy, then 77I.2 bounded ultraweak completeness.|REASON RE-CHECKED, session 98: the author's route is NOT machinery-blocked.  77I.2 bounded ultraweak completeness is in the tree as `vn_complete_2` (A/VN/Completeness.lean:4155), stated exactly as the solution uses it (norm-bounded net + every omega-net Cauchy => ultraweakly convergent).  2026-08-26 B/Dils route pass: REPAIRED.  The 60-line polarization-into-four-monotone-nets proof is gone; the proof now runs the solution's own argument.  Norm-boundedness (bsols.tex:1023-1035) is the thesis's Cauchy-Schwarz 142V.1 (`module_seminorm_1`) applied to the finite tuple through a new private `tupleBInner` (the l2 inner product restricted to finitely many coordinates); ultraweak Cauchyness (bsols.tex:1036-1065) is the solution's split of S minus T and T minus S with its Cauchy-Schwarz estimate (`np_norm_sum_mul_star_le` = Kadison `norm_apply_star_mul_le` termwise plus classical Cauchy-Schwarz, bsols.tex:1026-1033 and 1048-1055) and its epsilon-argument on the tails of the convergent sum f(a_i* a_i) (`Summable.vanishing`); the limit comes from `vn_complete_2`, exactly the solution's `bh-bounded-uw-complete` appeal at bsols.tex:1065.  The five private helpers of the polarization route (mul_star_add_le, l2Summable_add, l2Summable_smul, exists_uwTendsto_l2_diag, polarization_mul_star) were deleted with it - they had no other consumer.  Axioms: propext, Classical.choice, Quot.sound; file compiles at exit 0.  MINOR SLIP IN THE PRINTED SOLUTION (bsols.tex:1034-1035): from abs f(sum over S of a_i* b_i) <= (AB)^(1/2) for every normal state f the solution concludes the net is norm-bounded BY (AB)^(1/2); the sup of abs f(x) over the states is the numerical radius, which for a non-normal x can be half the norm (the matrix unit e_01 in M_2 has numerical radius 1/2 and norm 1), so the inference costs a factor 2.  The bound itself is correct and the B-valued Cauchy-Schwarz gives it directly, which is what the Lean proof does; recorded in the doc-comment, not filed as an erratum (a reader does not stumble).  The 600-1000 line l2-module item recorded here is a separate, STATEMENT-level matter and is unaffected. 2026-08-26 B/Dils stmt pass: STRENGTHENED. Part 1's other two clauses are now stated and proved, in the new section 'Parsec 1610 concluded' of SelfDual.lean, which builds the module on top of THIS theorem and does not touch it. `L2Sub` (SelfDual.lean:2736) is l2((p_i)) as an C-submodule of iota -> B and `L2` (:2750) is it as a type, carrying Module C, Module B (the mirrored right action), the B-valued inner product `L2.binner` (:2909) whose five 141II fields are read off this theorem's ultraweak limit by uniqueness of ultraweak limits (44XI uwTendsto_unique2), a NormedAddCommGroup, a NormedSpace C and a CStarModule B instance. `hilbmod_el2_module` (:3274) states part 1's first clause - for a family of projections the carrier is exactly L2Set B p, and +, c. and b. are coordinatewise - and `hilbmod_el2_preHilbert` (:3289) states the second: this inner product is the ultraweak sum AND is definite, which is all 141II asks of a pre-Hilbert B-module (a right module with a definite B-valued inner product; no norm is part of that definition). Closure of l2-summability under + and under the B-action is the solution's own (bsols.tex:975-999 and 1004-1010, the second done on the partial sums b(sum)b* rather than through ad-normal); definiteness is the solution's 'then a_i* a_i = 0 for each i and so a_i = 0' (bsols.tex:1071-1075). Axioms propext, Classical.choice, Quot.sound; SelfDual.lean and Pure.lean compile at exit 0. The row's own class stays weaker because THIS declaration still renders one clause of a three-clause point; the other two are the siblings named above.  2026-08-27 stmt-class pass: RECLASSIFIED weaker -> ok under the `stmt` convention now written into docs/STATEMENT-AUDIT.md (a row grades the POINT, not the named declaration in isolation). Re-read dils.tex:4610-4630. Part 1 asks three things and all three are stated: that l2((p_i)) is a right B-module under coordinatewise operations -- hilbmod_el2_module (SelfDual:3274), whose carrier is exactly L2Set B p with +, c-smul and b-smul coordinatewise (the module LAWS being the Module C and Module B instances at :2769 and :2778); that the sum of b_i* c_i converges ultraweakly -- this declaration (:2014); and that this inner product makes it a PRE-HILBERT B-module -- hilbmod_el2_preHilbert (:3289), which is 141II five BInner fields plus definiteness, and 141II asks no more than that. Modelling caveat, documented at :1840 and not a gap: everything is MIRRORED (the inner product is the sum of c_i b_i*, the action is on the left) and the support condition is starred accordingly. lean_name extended.
161II|hilbmod_el2, hilbmod_el2_selfDual, hilbmod_el2_iso|B/Dils/SelfDual|ok|mild|COVERED (2026-08-27 stmt-class pass): the point IS fully stated in the tree; the status field says which declaration carries which clause. RE-DERIVED 2026-08-29 against bsols.tex:970-1114 and the recorded divergence DID NOT SURVIVE. It said the author's solution "builds the module and transports the structure" along the coordinate map. The solution transports nothing. Its final part (bsols.tex:1099-1114) opens "assume X is a self-dual Hilbert B-module with orthonormal basis E; define vartheta from X to l2((<e,e>)) by vartheta(x) = (<e,x>)_e" and then proves, in this order, the four things our declarations prove: vartheta is B-linear; it preserves the inner product, by <x,y> = <x, sum_e e<e,y>> = sum_e <x,e><e,y>; "which entails it is injective"; and it is surjective, because for an l2 family the sum sum_e e b_e converges ultranorm and vartheta of it is (b_e)_e. That is the argument hilbmod_el2 (SelfDual.lean:2133) and hilbmod_el2_iso (:3420) run - the latter's doc comment already cites bsols.tex:1099-1119 for it - and hilbmod_el2_selfDual (:3297) is the solution's own concluding inference, 149XI selfDual_of_isONBasis applied to the delta basis. Reclassified route -> mild for the two local deviations named in the status field.|left-benign, and the proof column moved route -> mild on 2026-08-29. THE ROUTE IS THE SOLUTION'S OWN vartheta; what keeps it mild rather than faithful is two local deviations. (1) WELL-DEFINEDNESS IS SUPPLIED. The solution never checks that vartheta(x) lands in l2 at all - it says only "clearly vartheta is B-linear" - so ours adds 149IV Bessel (mod_bessel) for the l2-summability of the coordinates and onbasis_coef_absorb plus ceil_star_mul_self_le_iff for the support condition. That is a gap filled, not a route changed. (2) THE INNER PRODUCT IS READ OFF BOTH EXPANSIONS. The solution expands only y and pulls <x,-> through the sum; ours expands x and y and applies 148V innerprod_ultraweak to the two nets, with inner_sum_smul_orthogonal plus absorption collapsing the cross Gram sum to the Parseval sum, and then reads injectivity off that same net (the four limits agree, so <x-y,x-y> = 0) rather than off definiteness applied to the preserved inner product. Neither touches the shape of the argument. NOT A DEVIATION: hX : SelfDual is unused, an orthonormal basis already carrying everything, and ERRATA.md line 149 records the same gratuitous hypothesis in the sibling onb1 solution. Line reference corrected: hilbmod_el2_preHilbert is at SelfDual.lean:3289, not :3285. EARLIER RECORD, kept, and still accurate on the STATEMENT side and on the session-94 costing: left-by-choice, and it grades the PROOF column only - the statement column is `ok` and carries no live divergence. RE-DERIVED 2026-08-29 against dils.tex:4610-4630 and the tree. The Exercise asks four things and all four are stated and green: the right B-module (`hilbmod_el2_module`, SelfDual.lean:3274, on the other 161II row), the ultraweakly convergent inner product and pre-Hilbert structure (`hilbmod_el2_preHilbert`, :3285, same row), 'Conclude l2((p_i)) is self-dual' (`hilbmod_el2_selfDual`, :3297, by the exercise's own delta-basis `L2.delta_isONBasis` :3174 and 149XI `selfDual_of_isONBasis` HilbertModules.lean:3665), and 'X is isomorphic to l2((<e_i,e_i>))' as an isomorphism OF HILBERT B-MODULES (`hilbmod_el2_iso`, :3420 - bijective onto the module, additive, C-linear, B-linear and inner-product preserving). What is left is the ROUTE, and it is a deliberate substitution whose reason is written into this declaration's own doc comment (SelfDual.lean:2100-2131): the author's solution builds l2((p_i)) as a module, proves it self-dual, and only then transports the structure along the coordinate map, whereas `hilbmod_el2` (:2133) takes all three of its clauses straight out of the two convergence clauses of IsONBasis - Bessel plus absorption for l2-summability, clause (b) plus `inner_of_unTendsto_sum_smul` for surjectivity, 148V `innerprod_ultraweak` for injectivity and the inner product - so much so that the hypothesis hX : SelfDual is not used. Nothing forces that and nothing is missing for the printed route now that the module exists; it is a choice, and the tree carries the author's own concluding route beside it in `hilbmod_el2_selfDual`. SUPERSEDED VERDICT, do not read it as live: from the 2026-08-26 route pass until 2026-08-29 this field opened by charging the row to the 600-1000 line l2-module item of PROVING-LOG session 94 (the exercise's right B-module l2((p_i)) and its self-duality). THAT ITEM IS BUILT. `L2 B p` - carrier, module, pre-Hilbert and Hilbert structure, the (delta_i) basis and self-duality - stands in SelfDual.lean from :2736, and the session-94 estimate was wrong in two of its named items: (a) it costed a NormedAddCommGroup instance whose triangle inequality had to be assembled by hand because Mathlib's CStarModule takes the norm as given, but 142V `module_seminorm_2` (HilbertModules.lean:459) already IS the triangle inequality, the C-homogeneity and the b-bound for ANY BInner, so the AddGroupNorm is twenty lines; (b) it costed 'the delta_i are an orthonormal basis' at a full proof of ultranorm completeness of l2, but the limit of an l2-summable (b_i) is the tuple (b_i p_i) itself and both clauses of IsONBasis collapse to `L2.unTendsto_restrict` (:3044), the omega-Parseval sum `L2.hasSum_np_inner_self` (:2978) minus its partial sums. Two items it did not name were needed instead: `completeSpace_of_unComplete` (:3356), norm completeness out of ultranorm completeness, with `norm_le_of_unSeminorm_le` (:3310) the order-separation converse of 146IX; and the degenerate coordinates p_i = 0, over which the exercise's 'clearly E is an orthonormal set' passes, so the basis is indexed by the p_i /= 0 while self-duality is still stated for an arbitrary family. About 600 lines delivered on 2026-08-26 for module, pre-Hilbert, Hilbert, basis, self-duality, the isomorphism and 161V's second half together. The statement class was moved weaker -> ok on 2026-08-27 under the `stmt` convention of docs/STATEMENT-AUDIT.md (a row grades the POINT, not the named declaration in isolation) and that grading was re-checked today and stands; every declaration named above sits at the line given and is green in docs/status.txt.
161II|norm_sum_mul_star_le|B/Dils/SelfDual|ok|route|Private auxiliary carrying the solution's first estimate (bsols.tex:1023-1035): the partial sums of the mirrored inner product are norm-bounded, ‖sum_{i in t} c_i (b_i)*‖ <= (AB)^(1/2). stmt is ok because 161II itself is stated in full (L2Set; hilbmod_el2_module; hilbmod_el2_preHilbert; hilbmod_el2_selfDual; hilbmod_el2_iso, all with their own rows). ROUTE: the solution bounds abs f(sum_{i in S} (a_i)* b_i) by (AB)^(1/2) for every normal state f and concludes the net is NORM-bounded; that step is unsound as printed -- sup over states of abs f(x) is the numerical radius, which for a non-normal x can be half the norm (x = ketbra 0 1 in M_2 has numerical radius half of ‖x‖), so the printed inference only yields 2(AB)^(1/2). Ours applies the B-valued Cauchy-Schwarz of 142V.1 to the finite tuples directly and gets the printed bound.|left-thesis. RE-DERIVED 2026-08-29 and THE GROUND WAS FILED UNDER THE WRONG VERDICT: the field read LEFT-UNAVAILABLE and then, in its own next clause, "there is a printed estimate here (bsols.tex:1023-1035) and ours carries it" - the opposite of what that verdict means, which is that there is no printed route to follow. There is a printed route here and it is UNSOUND, which is ground left-thesis. Checked in the source: bsols.tex:1023-1035 bounds abs f(sum_{i in S} a_i* b_i) by (AB)^(1/2) for every normal state f and then concludes "we have shown that sum_{i in S} a_i*b_i is a norm-bounded net in S". The supremum of abs f(x) over the normal states is the numerical radius, not the norm: for x = ketbra 0 1 in M_2 it is half the norm, so the printed inference delivers only 2(AB)^(1/2), whereas norm_sum_mul_star_le (SelfDual.lean:1917) states the printed constant (AB)^(1/2) and obtains it from 142V.1 module_seminorm_1 applied to the finite tuples (b_i)_{i in t}, (c_i)_{i in t}. The declaration's own doc comment (:1906-1916) already records exactly this, with the same counterexample. HARMLESS FOR THE SOLUTION, which only ever uses norm-boundedness, so it is a nit and not a reader-stumble under the errata standard; and the two Cauchy-Schwarz steps themselves ARE transcribed, in the sibling np_norm_sum_mul_star_le (:1968), which is the next row and is faithful. The proof column stays route.
161II|np_norm_sum_mul_star_le|B/Dils/SelfDual|ok|faithful|Private auxiliary: the Cauchy-Schwarz estimate at a normal state (bsols.tex:1026-1033, reused at 1048-1055), the solution's own two steps -- Kadison's inequality termwise (norm_apply_star_mul_le, the solution's "Cauchy-Schwarz for B-valued inner products") then classical Cauchy-Schwarz on the finite sum. Feeds the ultraweakly-Cauchy half of part 1's convergence claim (bsols.tex:1037-1063).
161II|L2Sub|B/Dils/SelfDual|ok|none|Definition, part 1: l2((p_i)) as a C-submodule of iota -> B. Its underlying set is the thesis's L2Set (own row) and closure under + and scalars is the solution's bsols.tex:1000-1013. The right-B-action is the Module B instance on L2, and the point's part-1 claim is stated as hilbmod_el2_module (own row). A definition, so no thesis proof to match.
161II|L2|B/Dils/SelfDual|ok|none|Definition, part 1: l2((p_i)) as a type (the coercion of L2Sub), the carrier of every structure the exercise asks for -- AddCommGroup, Module C, Module B (coordinatewise, so "with coordinatewise operations" is rfl in hilbmod_el2_module), then binner, NormedAddCommGroup and CStarModule. Definition; no thesis proof to match.
161II|binner|B/Dils/SelfDual|ok|none|Definition, part 2: the B-valued inner product <x,y> = sum_i (x_i)* y_i (mirrored, sum_i y_i (x_i)*) as a BInner on L2, its fields the axioms of 141II. Convergence of the sum is uwTendsto_inner and definiteness is binner_definite / inner'_definite (the solution's "Then (a_i)*a_i = 0 for each i", bsols.tex:1071-1075); the point's "turns l2 into a pre-Hilbert B-module" is stated as hilbmod_el2_preHilbert (own row). Definition; no thesis proof to match.
161II|unSeminorm_restrict_sub|B/Dils/SelfDual|ok|route|The omega-Parseval tail estimate ‖x restricted to s minus x‖_omega^2 = omega<x,x> - sum_{i in s} omega(x_i (x_i)*), the lemma under unTendsto_restrict. ROUTE because the solution supplies no argument here at all: its clause-(b) obligation for the basis (149I.4b, ultranorm convergence of sum_e e b_e) is discharged by "which indeed it does to (b_{delta_i})_i as we already saw" (bsols.tex:1090-1093), and what was seen earlier is ULTRAWEAK convergence of sum (a_i)* b_i, not ultranorm convergence. This estimate plus hasSum_np_inner_self is the missing argument.|LEFT-UNAVAILABLE (2026-08-28 proof-column sweep) the solution supplies no argument at this step at all, so there is no printed route to follow. A route verdict with nothing on the other side of the comparison. RE-DERIVED 2026-08-29 and IT STANDS. bsols.tex:1090-1093 reads "It remains to be shown that sum_{delta_i in E} delta_i b_{delta_i} converges ultranorm for any l2 summable (b_i), which indeed it does to (b_{delta_i})_{i in I} as we already saw", and what the solution had already shown, at bsols.tex:1036-1064, is that sum_i a_i* b_i converges ULTRAWEAKLY, by bh-bounded-uw-complete - a different statement about a different sum. So the clause-(b) obligation of 149I.4b is asserted, not argued, and unSeminorm_restrict_sub (SelfDual.lean:3011) is the estimate that is missing. READER-VISIBLE: the reader is sent back to something that was not seen, so this is a candidate ERRATA nit against the hilbmod-el2 solution; ERRATA.md carries no bsols row for this parsec except line 149, which is against onb1.
161II|unTendsto_restrict|B/Dils/SelfDual|ok|route|The finite restrictions of x converge to x in the ultranorm uniformity -- clause (b) of 149I.4 for the basis (delta_i), and the step the solution asserts without proof: "which indeed it does to (b_{delta_i})_i as we already saw" (bsols.tex:1090-1093) points back to the ultraweak convergence of sum (a_i)* b_i, which is a different statement. Proved here from unSeminorm_restrict_sub and the omega-Parseval sum.|LEFT-UNAVAILABLE (2026-08-28 proof-column sweep) the solution asserts the step without proof ('which indeed it does ... as we already saw'), so again there is no printed route to match. RE-DERIVED 2026-08-29 and IT STANDS, on the same evidence as the unSeminorm_restrict_sub row: bsols.tex:1090-1093 asserts the ultranorm convergence and points back to bsols.tex:1036-1064, where what was shown is ULTRAWEAK convergence of sum_i a_i* b_i. unTendsto_restrict (SelfDual.lean:3044) proves the asserted step from unSeminorm_restrict_sub and the omega-Parseval sum hasSum_np_inner_self (:2978). The gap is what makes row 34 delta_isONBasis mild rather than faithful, and it is the same candidate ERRATA nit recorded on that sibling row.
161II|delta_isONBasis|B/Dils/SelfDual|ok|mild|(delta_i) is an orthonormal basis of l2((p_i)) -- the solution's E = {delta_i} (bsols.tex:1082-1094). MILD: the solution's route (E orthonormal; x = sum_i delta_i <delta_i,x> coordinatewise) with two local deviations. (1) We index by NZ p = {i : p_i /= 0}, because the solution's "clearly E is an orthonormal set" is false when some p_i = 0: 149I.2 requires <e,e> to be a NON-ZERO projection, and <delta_i,delta_i> = p_i. The tree records the same gap in onb2_2's doc comment. (2) Clause (b) is proved rather than waved at -- see the unTendsto_restrict row.|LEFT-BENIGN (2026-08-28 proof-column sweep) a local deviation inside the thesis's own route, described in the note and checked to be local: the statement is the thesis's, the argument is the thesis's, and what differs is a step reorganised, reindexed, made precise, or taken from a sibling lemma. That is what the schema's `mild` means, and no action follows from it.
161II|selfDual_l2|B/Dils/SelfDual|ok|faithful|"Conclude l2((p_i)) is self-dual": the solution's own inference, "Thus l2 is self dual" immediately from E being an orthonormal basis (bsols.tex:1094), i.e. 149XI selfDual_of_isONBasis applied to delta_isONBasis. The point's clause is stated as hilbmod_el2_selfDual (own row), which is this lemma re-exported.
161II|exists_l2_iso_punit|B/Dils/SelfDual|ok|mild|Private auxiliary: part 2's second claim specialised to a ONE-element orthonormal basis, X iso l2((r)) over PUnit, which by hilbmod_el2_module is Br (mirrored rB). Not in the solution, which states the isomorphism only for a general basis; ours re-indexes hilbmod_el2_iso along the unique k_0 (transport, not a second proof) so that 161V onb2_2 can use it. stmt ok: the general claim is hilbmod_el2_iso (own row).|left-encoding, and the proof column moved route -> mild on 2026-08-29. THE RECORDED VERDICT DID NOT SURVIVE. It read "not in the solution, which states the isomorphism only for a general basis; ours re-indexes to the one-element case. Nothing printed to follow", and filed the row LEFT-UNAVAILABLE. But the proof here IS the printed proof. exists_l2_iso_punit (SelfDual.lean:3477) opens with "have hiso := hilbmod_el2_iso hX f hf" - the solution's vartheta, bsols.tex:1099-1114 - and everything after that line is transport: rw along hfamEq to read the family as constant, then Psi x = the constant tuple at the value of Phi_0 x at k_0, landed in L2 ℬ (fun _ : PUnit => r) by l2Sub_const, with each of the six clauses discharged from the corresponding clause of hiso through huniq. No estimate and no limit argument is re-proved. So there IS a printed route, it is followed, and what differs is the ENCODING - the one-element index is chosen as PUnit so that 161V onb2_2 can consume it - which is the declared meaning of left-encoding. Statement side unchanged: the general claim is hilbmod_el2_iso, which has its own row, and this declaration is private.
161IV|onb1|B/Dils/SelfDual|ok|faithful|Part 1 exactly: partial isometries u_i with u_i u_i* = <e_i,e_i> turn (e_i u_i) - mirrored, star(u_i) SMUL e_i - into an orthonormal basis. Proof is the first part of the bsols solution onb1, transcribed. QUESTIONS B8 notes that the bsols solution over-assumes self-duality; our statement, like the exercise itself, does not.
161IV|MvNEquiv|B/Dils/SelfDual|ok|none|Murray-von Neumann equivalence p ~ q as u*u = p and uu* = q, as defined in the second half of 161IV.
161IV|onb1_el2|B/Dils/SelfDual|ok|route|COVERED (2026-08-27 stmt-class pass): the point IS fully stated in the tree; the status field says which declaration carries which clause. The original finding, taken against the named declaration alone, follows. Part 2 (l2((p_i)) isomorphic to l2((q_i)) for pointwise MvN-equivalent families) is rendered as a BIJECTION of the tuple sets identifying the ultraweakly convergent inner products. Additivity and B-linearity of Phi, part of "isomorphism of Hilbert B-modules", are not stated - obvious for Phi(b)_i = b_i u_i*, but the module structure on l2 is not formalized. Divergence class 2, admitted in the doc: the solution routes through the module l2((p_i)) and both halves of 161II, whereas the bijection here is written down directly.|left-cost. RE-DERIVED 2026-08-29: the recorded blocker has EXPIRED -- all three printed ingredients (L2.delta_isONBasis, onb1, hilbmod_el2_iso) now exist -- but the repair is machinery, 200-300 lines in three named pieces, and is not built. What follows is the EARLIER RECORD, kept. repaired: additivity and B-linearity of Phi are now conjuncts of onb1_el2 (SelfDual.lean:2341), which is what "isomorphism of Hilbert B-modules" was missing. (The l2 module structure itself is still absent - see the two 161II rows - but that is not what this row recorded.)  2026-08-27 stmt-class pass: the STATEMENT column was reclassified weaker -> ok under the `stmt` convention now written into docs/STATEMENT-AUDIT.md (a row grades the POINT, not the named declaration in isolation). Re-read dils.tex:4681-4695 against the declaration in the source: onb1_el2 (SelfDual:2341) now carries additivity (Phi(b+c) = Phi b + Phi c) and B-linearity (Phi(a.b) = a.Phi b) as explicit conjuncts alongside Set.BijOn and inner-product preservation, which is what "isomorphism of Hilbert B-modules" was missing. That repair was made in place, so lean_name is unchanged. Two honest observations, neither a missing clause: it is stated at the level of the tuple SETS L2Set rather than the module type L2, and inner-product preservation is phrased as an iff of ultraweak convergence rather than an equality, which is equivalent since ultraweak limits are unique. C-linearity follows from B-linearity at c.1.  ROUTE COLUMN RE-DERIVED 2026-08-29 (this field had recorded only the STATEMENT repair; the proof column carried no verdict). VERDICT: left-cost. The recorded divergence survives as a DESCRIPTION - the solution does route part 2 through the module l2((p_i)) and both halves of 161II, whereas onb1_el2 writes the bijection down directly - but its implicit blocker has EXPIRED: all three printed ingredients now exist. bsols.tex:1138-1157 argues (1) the delta_i are an orthonormal basis of l2((p_i)), which is L2.delta_isONBasis (SelfDual.lean:3174); (2) u_i u_i* = p_i = <delta_i,delta_i>, so (delta_i u_i) is another orthonormal basis by part 1 of this very exercise, which is onb1 (:2221), itself faithful on the next row but one; (3) the second half of 161II then gives l2((p_i)) iso l2((<delta_i u_i, delta_i u_i>)) = l2((u_i* p_i u_i)) = l2((q_i)), which is hilbmod_el2_iso (:3420). WHAT STOPS IT IS MACHINERY, costed today at 200-300 lines in three named pieces, none of which is in the tree. (a) THE STATEMENT'S Phi IS GLOBAL: onb1_el2 (:2341) asks for Phi : (iota -> B) -> (iota -> B) additive and B-linear on ALL tuples, not merely on L2Set ℬ p - those two conjuncts are the 2026-08-27 statement repair recorded above, and they are what "isomorphism of Hilbert B-modules" was missing - while the printed route produces a map on the MODULE only; following it therefore means keeping the global formula Phi(b)_i = b_i u_i* and adding an agreement lemma identifying it with the printed coordinate map x -> (<delta_k u_k, x>)_k, about 60 lines. (b) THE INDEX HAS TO BE RE-LIFTED: hilbmod_el2_iso pins its module and its index to the SAME universe (X : Type v at :3411, iota : Type v at :3421) while L2 ℬ p is in Type (max u v), so applying it at X = L2 ℬ p needs the basis re-indexed along ULift, and the tree has no re-indexing lemma for IsONBasis (HilbertModules.lean:2155) at all - about 60-80 lines, unless the sibling is stated only for iota : Type u, the way 164XII.3 confines itself to Type u. (c) THE DEGENERATE COORDINATES HAVE TO BE TRANSPORTED BACK: delta_isONBasis is indexed by NZ p = {i : p_i /= 0} (:3141), because 149I.2 wants a NON-ZERO projection and the exercise's "clearly E is an orthonormal set" passes over that (row 34 records the same gap), so the printed route lands in l2 over NZ p and needs L2 ℬ (q restricted to NZ p) iso L2 ℬ q - true, since star u * u = p_i = 0 forces u = 0 and hence q_i = u u* = 0 - about 80-100 lines of L2Summable bookkeeping. Direction is not an obstacle: ours is Phi(b)_i = b_i u_i* and the printed route gives b_i -> b_i u_i, and the statement is existential.
161V|onb2, onb2_2|B/Dils/SelfDual|ok|faithful|COVERED (2026-08-27 stmt-class pass): the point IS fully stated in the tree; the status field says which declaration carries which clause. The original finding, taken against the named declaration alone, follows. The first half exactly (remove e_1 and e_2, insert e_1 + e_2, given <e_1,e_1> + <e_2,e_2> <= 1). The exercise's second half, "Conclude pB (+) qB is isomorphic to (p+q)B for p+q <= 1", is not converted, as the doc admits. Proof is the bsols solution onb2 transcribed, with 55XIII orthogonal_tuple_of_projections supplying orthogonality of p_1 and p_2.|repaired, and there is no live divergence left on this row: the statement column is `ok` and the proof column is `faithful`. RE-DERIVED 2026-08-29 against dils.tex:4704-4713 and the tree. The Exercise has two halves. The first - remove e_1 and e_2 and insert e_1 + e_2, given <e_1,e_1> + <e_2,e_2> <= 1 - is `onb2` (SelfDual.lean:2445), the bsols solution transcribed, with 55XIII orthogonal_tuple_of_projections supplying orthogonality of p_1 and p_2. The second - 'Conclude pB (+) qB is isomorphic to (p+q)B for projections p,q with p+q <= 1' - is `onb2_2` (:3556, green), stated under exactly that hypothesis: a bijective, additive, C-linear, B-linear, inner-product preserving map from L2 over the two-point family (p,q) to L2 over the one-point family (p+q). Its route is the exercise's own 'conclude': (delta_1,delta_2) is an orthonormal basis of l2((p,q)) (161II `L2.delta_isONBasis` :3174), `onb2` replaces it by the one-element basis (delta_1+delta_2) whose <e,e> is p+q because <delta_1,delta_2> = 0, and 161II's second half (`hilbmod_el2_iso`, through the private `exists_l2_iso_punit` :3477) turns that basis into the isomorphism with l2((p+q)). `onb2` wants [CompleteSpace X], which 149V does not give for l2; `completeSpace_of_unComplete` (:3356) does. No hypothesis beyond p + q <= 1 is used: the two degenerate cases are split out because the exercise's 'clearly E is an orthonormal set' passes over them (if exactly one of p,q is zero the delta-basis is already the one-element basis; if both are zero both modules are 0). RESIDUE, recorded and not a missing clause: the step from onb2_2 to the printed phrasing - that L2 over a two-point index IS pB (+) qB and L2 over a one-point index IS rB - is definitionally immediate from L2Sub's carrier (:2736) and is argued in the doc, but is not itself a stated declaration, and the doc's appeal to `hilbmod_el2_module` for it is loose: that theorem's first conjunct is the L2Set/type correspondence (verified at :3274 today), not the singleton-index computation. A modelling choice. SUPERSEDED VERDICT, do not read it as live: from PROVING-LOG session 94 until 2026-08-26 this row was recorded as blocked, on the ground that the exercise's second half is concluded BY 161II in the author's own solution and additionally needs pB as a Hilbert B-module in its own right - the same 600-1000 line l2-module item the two 161II rows carried. That item was built on 2026-08-26 (L2 and everything on it, SelfDual.lean:2736 ff.) and the block is gone. The statement class was moved weaker -> ok on 2026-08-27 under the `stmt` convention of docs/STATEMENT-AUDIT.md; re-checked today and it stands.
162II|IsFactor|B/Dils/SelfDual|ok|none|Centre equal to C.1, as 162II's parenthetical says.
162II|total_mv_order|B/Dils/SelfDual|ok|mild|Exactly 162II: in a factor any two projections are MvN-comparable. Proof is 162III's Zorn argument with one substitution documented in the section note: the thesis's maximal SET U of partial isometries and its sum (89III summing-partial-isometries, which vn.tex only asserts for von Neumann algebras) is replaced by a maximal LINKING PROJECTION in M_2(B), whose corners give back v*v and vv*. Everything afterwards - cceil(q_0) = 1 in a factor, polar decomposition of q_0 a p_0, contradiction with maximality - is the thesis's.|left-unavailable-as-stated, and checked: the substitution does NOT orphan 89III. summing_partial_isometries (A/VN/NormalFunctionals.lean:2392) is consumed at :2757, so it is alive; what makes it inapplicable at 162III is that our transcription states it CONCRETELY, for bounded operators H →L[C] K with pairwise orthogonal U_i*U_i and U_iU_i*, and 162III needs the sum of a maximal SET of partial isometries inside an ABSTRACT von Neumann algebra B - which would need a representation of B first. The maximal linking projection in M2(B) gives back v*v and vv* without one, and everything after that step - cceil(q_0) = 1 in a factor, polar decomposition of q_0 a p_0, the contradiction with maximality - is 162III verbatim.  RE-DERIVED 2026-08-29, all four checks hold. (a) summing_partial_isometries is at A/VN/NormalFunctionals.lean:2392 and says what the row says: {i : Type*} (U : i -> (H ->L[C] K)) with hproj, horthL, horthR on the adjoint composites - a CONCRETE statement about bounded operators between two Hilbert spaces, with no von Neumann algebra in sight - and it is consumed at :2757, so it is not orphaned. (b) vn.tex:6928 (89III) read in full: its preamble asserts, without proof, that the ultraweak sum of partial isometries FROM SOME VON NEUMANN ALGEBRA with pairwise orthogonal initial and final projections is a partial isometry, and then sets the exercise proper (vn.tex:6941) for partial isometries between two DIFFERENT Hilbert spaces, avoiding an ultraweak topology for such operators. So the algebra form really is asserted only, and our transcription follows the exercise, exactly as the row says. dils.tex:4739 is the only citation of the label outside vn.tex itself. (c) 162III (dils.tex:4729-4753) really does take a maximal SET U of partial isometries by Zorn with sum of u*u under p and sum of uu* under q, and sums it - 'via sum_{u in U} u, c.f. summing-partial-isometries'; and everything after that is verbatim what we transcribe: cceil(q_0) = 1 because B is a factor, then cceil-fundamental and ncp-union, pick a with ceil(p_0 a* q_0 a p_0) nonzero, u_0 = [q_0 a p_0] by polar-decomposition, contradiction with maximality of U. (d) our proof (B/Dils/SelfDual.lean:4045) Zorns over mvSet p q (:3859), the linking projections mvP u = half of w*w in M2(B), whose corners give back star u * u and u * star u by mvP_apply (:3847); the maximal R yields one u, cceil = 1 is derived at :4066-4104, v = polar b for b = q_0 a p_0 at :4109, and the contradiction is mvP (u+v) <= R forcing mvP v = 0 hence v = 0, at :4187-4205. The obstruction is still live: nothing in the tree represents an abstract B on a Hilbert space at this point, so the concrete 89III cannot be applied to a family of partial isometries in B.
160IX|isONBasis_of_orthoCompl_eq_zero|B/Dils/SelfDual|ok|faithful|Not a separate point: the corollary of 160IX that an orthonormal family with trivial orthocomplement is a basis. Consumed by 162IV.
149VIII|exists_max_orthonormal_orthoCompl|B/Dils/SelfDual|ok|faithful|Private; 149VIII (selfdual-bcompl-then-basis) relativized to W = V-perp: W carries a maximal orthonormal subset, and maximality says an element of W orthogonal to all of it is 0. This is the Zorn argument of exists_orthogonal_decomp extracted, not a transcription of 149VIII itself.
162VI|normalish_step, selfdual_normalish_form1|B/Dils/SelfDual|ok|faithful|COVERED (2026-08-27 stmt-class pass): the point IS fully stated in the tree; the status field says which declaration carries which clause. The original finding, taken against the named declaration alone, follows. 162VI's disjunction is (1) X has an orthonormal BASIS containing an e with <e,e> = 1, or (2) some single e is by itself an orthonormal basis of X. Ours, relativized to W = V-perp, gives only (1') some d in W has <d,d> = 1, not that it sits in a basis, and (2') some e generates W. The doc says as much ("in the only form 162VII consumes"). Proof is 162VI's own Zorn argument over the poset of partial absorptions inside E_0 x B, followed by the p_1 not-below 1-p_0 case split through 162II, verbatim.|repaired: selfdual_normalish_form1 (SelfDual.lean:5051) is 162VI in full - either X has an orthonormal BASIS containing an e with <e,e> = 1, or it has a basis with exactly one element. normalish_step is kept as the relativized Zorn step that 162VII consumes, and its doc says so.  2026-08-27 stmt-class pass: RECLASSIFIED weaker -> ok under the `stmt` convention now written into docs/STATEMENT-AUDIT.md (a row grades the POINT, not the named declaration in isolation). Re-read dils.tex:4768-4775: 162VI is the disjunction "either X has an orthonormal BASIS E with <e,e> = 1 for some e in E, or some single e is by itself an orthonormal basis", and selfdual_normalish_form1 (SelfDual:5051) states precisely that, the second disjunct as a basis indexed by a nonempty subsingleton. Its hypotheses are 162IV own (IsFactor, SelfDual) plus 162V own "assume X is not {0}" (dils.tex:4766), which is genuinely needed since at X = 0 neither disjunct holds. This declaration stays the relativized Zorn step that 162VII consumes, and its doc says so. The class-2 route (162VI read off 162IV rather than the other way round) is a PROOF verdict. lean_name extended.
162IV|selfdual_normalish_form|B/Dils/SelfDual|ok|faithful|Stated through bases rather than through l2: X has an orthonormal basis with either all <e_i,e_i> = 1, or a finite index set and all but one equal to 1. That is 162IV modulo 161II.2 (hilbmod_el2), which is itself weaker here, so the isomorphism with l2 is not actually available in the tree. The first disjunct does not require iota infinite, which only makes the disjunction easier to satisfy and is covered by the thesis's second case at p = 1. 162VIII (non-uniqueness of kappa) is not converted. Proof is 162V-162VII.
163II|selfdual_compl_defining_unique|B/Dils/SelfDual|ok|faithful|The uniqueness half of 163II: a unique bounded bijective inner-product-preserving module map commuting with the two embeddings. One hypothesis is substituted: 163II assumes the second module SATISFIES THE UNIVERSAL PROPERTY, whereas SelfDualCompletion bundles ultranorm density of the image instead. The two are equivalent - 151Ia one way, selfdual_compl_defining_dense (next row) the other - so the pair of theorems together is 163II. Proof is 163III verbatim: 151Ia in both directions plus the two identity factorizations.
163II|selfdual_compl_defining_dense|B/Dils/SelfDual|ok|route|The moreover-clause of 163II. The universal property is quantified over codomains in the same universe v, the standard Lean restriction. CORRECTED 2026-08-27: this row and the doc comment both said "proof is the thesis's", and it is not. 163III (dils.tex:4959-4990) runs no projection argument at all: it takes the 150II completion, whose image is ultranorm dense by construction, gets mutually inverse U and W from the two universal properties, and transports the density along the surjective ultranorm-continuous U. That route is blocked here by the universe restriction named in the first sentence - dils_completion B produces a SelfDualCompletion.{u,v,max u v}, whose carrier is in Type (max u v), while huniv quantifies over codomains in Type v - so U cannot be formed. What runs instead is a projection argument that is ours: W = the perp-perp of eta V is self dual, X splits as W (+) W-perp (160IV.3), the projection P onto W fixes eta V, so P = id by uniqueness in the universal property; 160IV.2 identifies W with the ultranorm closure of eta V, using that eta V is already a submodule.|left-forced: class 2, forced by the universe restriction on huniv, not by anything missing from the tree. Where the universes do line up the printed route is the one that runs: 164II.1 ext_tensor_dense, since 2026-08-27. The single thesis citation of selfdual-compl-defining (dils.tex:5300, inside 164IX) is to the UNIQUENESS half, selfdual_compl_defining_unique, which is live; this moreover-clause is terminal.  RE-DERIVED 2026-08-29, and the universe claim holds in the source exactly as written. SelfDualCompletion (B/Dils/SelfDualCompletion.lean:52) carries its carrier as a field X : Type w and itself lives in Type (max u (v+1) (w+1)); dils_completion (:2158) delivers Nonempty (SelfDualCompletion.{u, v, max u v} B), so the completion's carrier is in Type (max u v); and selfdual_compl_defining_dense (B/Dils/SelfDual.lean:5266) sits in a section with B in Type u and V in Type v (:5108), has X : Type v, and its huniv quantifies over Y : Type v only. So U : X -> X_1 cannot be formed unless max u v happens to reduce to v. The parenthetical about the uniqueness half checks out too: selfdual_compl_defining_unique (:5118) takes E_1 E_2 : SelfDualCompletion.{u, v, v} B, both carriers in Type v, which no dils_completion output inhabits in general. (i) 163III (dils.tex:4959-4990) confirmed to run no projection argument whatever: it cites dils-completion and selfdual-completion-univ, gets mutually inverse maps from the two universal properties, and concludes the image is ultranorm dense 'by ultranorm continuity and bijectivity of U', closing with innerprod-ultraweak. (ii) 164II.1 ext_tensor_dense (SelfDual.lean:7950) does run that printed route - exists_extTensor_dense (:7564) for the model, ext_tensor_uniqueness for the transport - and it is legal there precisely because the whole ExtTensor section fixes A, B, C, X, Y all in Type u (:6041), so dils_completion is instantiated at SelfDualCompletion.{u, u, u} (:7534, :7571). (iii) grep of dils.tex for the label selfdual-compl-defining returns exactly two hits and no more: its own definition at :4943, and one citation at :5300, which is inside point 90 of parsec 1640 (164IX ext-tensor-uniqueness) and reads 'With the same reasoning as in selfdual-compl-defining there is an invertible bounded A(x)B-linear U with U after eta = eta_2' - the uniqueness half. This moreover-clause is therefore terminal in the thesis, as the row says. (iv) our substitute argument is as described: hilbmod_projthm_1 and exists_orthoProj give the splitting (160IV.3, dils.tex:4496 clause 3), P = id comes from the uniqueness clause of huniv applied to eta itself, and hilbmod_projthm_2 (160IV.2) identifies the bi-orthocomplement with the ultranorm closure of the B-span, with bSpan (range eta) = range eta proved on the spot.  SPOT-CHECKED 2026-08-29 (route pass) and the whole verdict re-confirmed independently. The universe claim holds as written (SelfDualCompletion.lean:52, SelfDual.lean:5266 and the section head at :5108). dils.tex now grepped again for the label selfdual-compl-defining: EXACTLY TWO hits, the definition at :4943 and the single citation at :5300, so the moreover-clause is terminal in the thesis as the row says. ext_tensor_dense is at SelfDual.lean:7950 as cited. left-forced stands.
165III|vnTensor_mul_complex|B/Dils/SelfDual|ok|none|Not a thesis statement: the non-vacuity witness that multiplication exhibits C as C tensor C, so that IsVNTensor is inhabited. The doc's leading 165III is a forward reference to what depends on it.
108I|vnTensor_smul_complex_right|B/Dils/SelfDual|ok|faithful|proc.tex 108I (bilinear-basic) asks a tensor product to be a C-BILINEAR miu-map; IsVNTensor records C-homogeneity in the first slot only, and this derives it in the second from the remaining clauses. It records, and closes, a real gap between our IsVNTensor and 108II's definition. ERRATA notes the same point under 165III.
9X|le_ofReal_smul_one|B/Dils/SelfDual|ok|faithful|Private auxiliary: 0 <= u with N(u) <= r gives u <= r.1. The doc cites 9X.2 as provenance; this is not a transcription of 9X.
113II|sum_t_nonneg|B/Dils/SelfDual|ok|faithful|Private auxiliary: the double sum of t(M_ij)(M'_ij) is positive for positive matrices M, M'. This is the thesis's "M_n(tensor) is positive by cp-bilinear and tensor" step of 165IV; here it is derived from miu-bilinearity instead - see ERRATA 165III, which records that the vN-tensor definition does not supply cp-bilinear and that the positivity is derivable anyway.
33II|gram_nonneg|B/Dils/SelfDual|ok|faithful|Private auxiliary: the Gram matrix (<x_j,x_i>) is positive, from 33II.1 cstar_matrix_positive_iff. This is 165IV's opening step.
165IV|gram_sub_nonneg|B/Dils/SelfDual|ok|mild|165IV's "by reasoning in the same way for sqrt(N(S)^2 - S*S) instead of S", i.e. N(S)^2 Gram(x) - Gram(Sx) >= 0. Obtained from ba_inner_le_norm_sq rather than by forming the square root, which is the same claim by a shorter route.|left-benign: ba_inner_le_norm_sq gives N(S)²Gram(x) − Gram(Sx) ≥ 0 directly; forming the square root of N(S)² − S*S, as 165IV does, would add a cfc step for the same claim. Nothing orphaned.
165IV|tensor_gram_bound|B/Dils/SelfDual|ok|faithful|The displayed estimate of 165IV, in the Gram form ExtTensor.univ asks for. The thesis's row vector s of ones is replaced by the equivalent constant vector in M_n(tensor)'s positivity; otherwise the chain is the thesis's.
164II|ExtTensor|B/Dils/SelfDual|ok|none|COVERED (2026-08-27 stmt-class pass): the point IS fully stated in the tree; the status field says which declaration carries which clause. The original finding, taken against the named declaration alone, follows. The data of 164II, with two departures. (i) eta is a BILINEAR map from X x Y rather than a map on the algebraic tensor product, so 164II's clause that eta is INJECTIVE - equivalently that the inner product on X (.) Y is definite, which 164VI proves - is not a field and is not stated anywhere; the encoding makes it awkward to state. (ii) The doc comment describes the structure as one "whose image spans an ultranorm-dense submodule", but there is NO density field: density is a derived theorem (ext_tensor_dense, 164II.1), so the doc misdescribes the structure. Boundedness of the competing T is encoded exactly as the thesis's estimate against the Gram norm. No [VonNeumannAlgebra] binders, where 164II's setting supplies them.|repaired: eta_injective is now a field of ExtTensor (SelfDual.lean:6046), discharged at both construction sites - the only two in the tree - by 164VI's own argument (extTensor_eta_injective, :4991); and the doc no longer misdescribes density as a field, saying it is 164II.1, derived in ext_tensor_dense. The absent [VonNeumannAlgebra] binders on the structure remain, benignly.  2026-08-27 stmt-class pass: RECLASSIFIED weaker -> ok under the `stmt` convention now written into docs/STATEMENT-AUDIT.md (a row grades the POINT, not the named declaration in isolation). Verified in the source, not off the status line. (i) eta_injective IS a field of ExtTensor (SelfDual:6046) and is discharged at both construction sites -- univprop_ext_tensor (:7374) and extTensorSelf (:7457) -- by 164VI own argument (extTensor_eta_injective, :6121), so 164II injectivity clause is present. (ii) The doc no longer misdescribes density as a field: it says in so many words that ultranorm-density is 164II.1, derived in ext_tensor_dense (:7784), which states it. CORRECTION to the previous status line: it called the absent [VonNeumannAlgebra] binders "MORE general (stronger)". That is a category error -- ExtTensor is a STRUCTURE, so dropping a binder neither strengthens nor weakens a proposition; what matters is that every operative theorem carries them, and univprop_ext_tensor, ext_tensor_dense, ba_ext_tensor_pres and ba_ext_tensor_iso all carry all three. Benign, as recorded. Repaired in place, so lean_name is unchanged.
164II|tSpan|B/Dils/SelfDual|ok|none|Private auxiliary: the algebraic tensor product seen inside the von Neumann one, as the set of finite sums of elementary tensors.
144V|le_smul_of_conj_norm_le|B/Dils/SelfDual|ok|mild|The order form of 144V blinear_inprod_inequality relative to a star subalgebra S. This is the device that replaces 164VIII's passage to the norm completions: the resolvent is put into S by cfc_mem instead. The doc says the rest is 144V's proof verbatim.|left-benign: 144V's proof verbatim, with cfc_mem putting the resolvent into S in place of 164VIII's passage to the norm completions. The completions are not in the tree and are not needed elsewhere, so the thesis's route here is unavailable rather than declined.
44XI|nonneg_of_unDense|B/Dils/SelfDual|ok|faithful|Private auxiliary for the coefficient upgrade from the algebraic to the von Neumann tensor product; the doc's 44XI is a provenance citation for nonneg_of_conjNP, not a transcription. Notably it avoids Kaplansky density, which 164VIII does not need either.
164II|tensor_gram_le|B/Dils/SelfDual|ok|faithful|Private: the Gram bound over elementary-tensor coefficients upgraded to arbitrary coefficients, in order form. This is 164VIII's equation eq:exttensorcontT in the shape the construction consumes.
164II|extBInner|B/Dils/SelfDual|ok|none|Private: the C-valued inner product on (X (x)_C Y) (x)_C C, the module whose self-dual completion is our X (x) Y. Not the thesis's construction - see the next row.
164II|univprop_ext_tensor|B/Dils/SelfDual|ok|route|COVERED (2026-08-27 stmt-class pass): the point IS fully stated in the tree; the status field says which declaration carries which clause. The original finding, taken against the named declaration alone, follows. Existence half of 164II, as Nonempty (ExtTensor t ht X Y). The old note said it 'inherits ExtTensor's omission of the injectivity of eta, which 164II asserts'; that is STALE - ExtTensor has carried the eta_injective field since the 164VI work, discharged at both construction sites by the thesis's own 164VI extTensor_eta_injective, and SelfDual.lean gained vnTensor_alg_injective for the step 164VI passes over in silence. All three [VonNeumannAlgebra] binders present. The route verdict stands and is class 2: the thesis constructs X (x) Y as l2((p_ij)) for a distinguished pair of orthonormal bases, ours is the self-dual completion of the algebraic tensor product. LEFT.|left-cost, and it grades the PROOF column only - the statement column is `ok` and its mismatch was mended before this field was written (see the closing paragraph). RE-DERIVED 2026-08-29 against dils.tex:5032-5175 and the tree. The thesis PROVES 164II by construction: 164III (dils.tex:5079-5085) picks orthonormal bases (e_i), (d_j), writes p_ij = <e_i,e_i> (x) <d_j,d_j> and DEFINES X (x) Y = l2((p_ij)) with l2 as in 161II; 164IV (:5089) defines eta by coordinates, 164V proves it inner-product preserving, 164VI its injectivity, 164VII (:5160-5172) the density. Ours is a different object: `univprop_ext_tensor` (SelfDual.lean:7589) hands back a `Nonempty (ExtTensor t ht X Y)` built by `extTensorOfCompl` (:7470) as the self-dual completion (150II) of the algebraic tensor product carrying `extBInner`, with the universal property from 151Ia `selfdual_completion_univ` (SelfDualCompletion.lean:218); 164IV and 164V are replaced by `extEta`/`extEta_inner`, and 164VII by 164II.1 `ext_tensor_dense`. WHAT THE PRINTED ROUTE WOULD COST, re-costed today: the l2 module the 2026-08-26 pass named as the blocker is BUILT - `L2 B p`, its module, pre-Hilbert and Hilbert structure, the (delta_i) basis and self-duality stand in SelfDual.lean from :2736 (see the two 161II rows) - so what remains is 164III-164VII ON TOP of it: the index I x J and the family p_ij inside A (x) B, eta from the Parseval computation of 164IV, 164V's identification of the double sum with the product of sums (separation by product np-functionals), 164VI, and 164VII's density chain (A (.) B ultrastrongly dense in A (x) B, then E(A (.) B) ultranorm dense in E(A (x) B), then the span of the latter dense in X (x) Y by construction). None of that is in the tree in any form. It is machinery, it is ours to build, and it has not been costed line by line since the l2 item closed. THE STATEMENT HALF, settled and not this field's verdict: the `Nonempty (ExtTensor t ht X Y)` produced carries 164II's injectivity of eta as the structure field `eta_injective` (structure at :6063, field at :6094), discharged at the construction site `extTensorOfCompl` (:7490) by the thesis's own 164VI `extTensor_eta_injective` (:6138), and all three [VonNeumannAlgebra] binders are present on the theorem (:7589). The old note that this declaration 'inherits ExtTensor's omission of the injectivity of eta' has been false since the 164VI work; the class was moved weaker -> ok on 2026-08-27 and re-checked in the source today.  SPOT-CHECKED 2026-08-29 (route pass). The printed construction is where the row says it is (dils.tex:5079-5085 picks the two bases, sets p_ij = <e_i,e_i> (x) <d_j,d_j> and DEFINES X (x) Y = l2((p_ij)) "with l2 as in hilbmod-el2"), and none of 164III-164VII is in the tree. The statement-side facts re-verified in the source: ExtTensor is declared at SelfDual.lean:6063 with the eta_injective field at :6094, discharged at the construction site (:7489-7492) by extTensor_eta_injective (:6138), and univprop_ext_tensor sits at :7589 with all three binders. Line reference corrected: extTensorOfCompl is DECLARED at :7470 (the :7490 in this field is the use site of extTensor_eta_injective inside it, which is right). left-cost stands.
164II|extTensorSelf|B/Dils/SelfDual|ok|none|Non-vacuity witness for ExtTensor: the von Neumann tensor product over itself with eta = t is a self-dual exterior tensor product of A and B. Not a thesis statement; kept deliberately, PROVING-LOG session 14 having recorded nine vacuous theorems caused by an uninhabited PaschkeModule.
164II|extTensor_map_ext|B/Dils/SelfDual|ok|faithful|Private: two bounded module maps out of X (x) Y that agree on the elementary tensors are equal - the uniqueness half of 164II's universal property. The doc notes this is the substitute for ultranorm density that the author himself offers in bsols, solution hilbmod-tensor-ketbra.
164VI|extTensor_eta_injective|B/Dils/SelfDual|ok|faithful|dils.tex:5129, the step "eta is injective" inside the proof of 164II. Stated for the raw data (eta bilinear, not a map on X (.) Y) rather than for an ExtTensor, because it is what discharges the eta_injective field at the tree's only two construction sites, univprop_ext_tensor and extTensorSelf; on that encoding "injective" is triviality of the kernel of the induced additive map, which is exactly what is stated. 164VI's parenthetical "(and that the inner product on X (.) Y is definite)" is the same statement read through eta preserving inner products, and is recorded as such in the eta_injective field doc; the tree never forms the inner product on X (.) Y separately, so there is nothing else to state. PROOF is 164VI's own: 160X selfdual_gramschmidt for the finite orthonormal (e_k) and (d_l), orthonormality of the eta(e_k,d_l), then each coefficient c_kl = 0 by onbasis_coef_absorb. One step the thesis leaves tacit is made explicit -- c_kl = 0 in the von Neumann tensor A (x) B gives c_kl = 0 already in the algebraic A (.) B, which is vnTensor_alg_injective; without it the displayed conclusion of 164VI does not follow from its own previous display.
164IX|extTensor_inner_diff_ext|B/Dils/SelfDual|ok|faithful|Private auxiliary for 164IX: two vector functionals agreeing on the elementary tensors agree everywhere. This is 164IX's appeal to 148V innerprod_ultraweak.
164IX|ext_tensor_uniqueness|B/Dils/SelfDual|ok|faithful|164IX's uniqueness (dils.tex:5294 ext-tensor-uniqueness). RECLASSIFIED stronger -> ok, 2026-08-27 stmt-class pass: the reason for `stronger` -- 'neither ExtTensor is required to have eta injective' -- EXPIRED when eta_injective became a field of the structure (SelfDual.lean:6077, kernel form). Both E1 and E2 therefore carry injectivity, inner-product preservation (eta_inner), A-tensor-B-linearity (eta_smul) and the universal property (univ), which is 164IX's hypothesis on eta_2 field for field. The `exists-unique` is not excess either: it is 164II's 'unique up to an isomorphism which respects the embeddings' (dils.tex:5314). NB docs/STATEMENT-AUDIT.md's standing observation on ExtTensor still prints the expired form of this finding. The conclusion matches (a unique bounded bijective inner-product-preserving module map commuting with the embeddings). Proof is 164IX: mediating maps from the universal property in both directions, then inner-product preservation off the elementary tensors.|repaired: both ExtTensors now carry eta_injective as a field, so the statement assumes exactly 164IX's hypothesis (which has eta injective on both sides - the constructed one by 164VI, eta_2 by assumption) rather than less. Proof unchanged.
164II.1|ext_tensor_dense|B/Dils/SelfDual|ok|faithful|Property 1: the image of the algebraic tensor product under eta is ultranorm dense. REPAIRED 2026-08-27: this is now the thesis's own proof of property 1, which is one sentence at dils.tex:5311 - "Property 1 from the statement of the Theorem follows immediately from the fact that the exterior tensor product is unique up to an isomorphism which respects the embeddings". The model is extTensorOfCompl, the ExtTensor carried by the 150II completion of (X (.) Y) (.) C, and 164IX ext_tensor_uniqueness carries the density to an arbitrary ExtTensor; the comparison map preserves the inner product, hence the ultranorm seminorms, exactly, so the approximants transport with no loss. The previous proof transcribed the 163II projection argument, which the thesis prints at neither point.|proof-repaired 2026-08-27: the recorded reason - "164VII reads property 1 off its own l2((p_ij)) construction, which is unavailable for an arbitrary ExtTensor, so the 163II projection argument takes its place" - was wrong in its premise. 164VII is not the thesis's proof of property 1 for an ARBITRARY X (x) Y; point 100 (dils.tex:5311) is, and it needs a model plus 164IX, both of which the tree has. Our model is not the l2 one - that divergence is univprop_ext_tensor's and is recorded on its row - and the density of ITS elementary tensors costs only 164VII's own bSpan-to-unClosure step, extracted here as extTensor_bSpan_unClosure and still going through unDense_tSpan and 148III.3 ultranormcontstruct_smul, the "see ultranormcontstruct" of dils.tex:5165. So the l2 construction is not a blocker for property 1 at all, and the 600-1000 line item named in the old reason does not bear on this row. Measured: the 29-line projection block is gone and this proof is now 29 lines; the model costs four private declarations (extTensorOfCompl, _eta, _dense, exists_extTensor_dense) plus the extracted extTensor_bSpan_unClosure, of which about 60 lines are new and 108 are moved; SelfDual.lean goes 10755 -> 10871, +116, of which about 60 lines are doc comment, so the code delta is about +56 against 29 removed. hX and hY are used at last, so the set_option linter.unusedVariables suppression is gone.
166II|unSeminorm_eta_le_left|B/Dils/SelfDual|ok|faithful|Private: the estimate behind 166III bounding the Omega-seminorm of u (x) w by N(w) times the left-leg seminorm of u. Not a numbered point on its own.
164II.2a|ext_tensor_basis|B/Dils/SelfDual|ok|mild|Property 2a: (e_i (x) d_j) is an orthonormal basis of X (x) Y for orthonormal bases (e_i), (d_j). Statement matches. Proof is 164X's skeleton with a class-2 divergence in the last step: the thesis, having X (x) Y DEFINED as l2 for one distinguished pair of bases, reduces to that pair and verifies 160IX.2 against product np-functionals; here 164II.1 reduces the claim to elementary tensors, approximated with s chosen before u, so only the 166III estimates are needed. Product functionals still enter, but only for the non-degeneracy of <e_i,e_i> (x) <d_j,d_j>.|left-unavailable: same blocker. The thesis's last step reduces to the one distinguished pair of bases for which X ⊗ Y IS ℓ², which needs 164VII; 164II.1 reducing to elementary tensors is the substitute, and only the 166III estimates (unSeminorm_eta_le_left/_right, still consumed here) are needed. Product functionals still enter for the non-degeneracy of ⟨eᵢ,eᵢ⟩ ⊗ ⟨dⱼ,dⱼ⟩, as in 164X.  2026-08-29 RE-DERIVATION: the class stands but two of the claims above are false and one is misleading. FALSE 1, 'same blocker'. The blocker it points at is the one 164II.1 ext_tensor_dense carried until 2026-08-27 - '164VII reads property 1 off its own l2((p_ij)) construction, which is unavailable for an arbitrary ExtTensor' - and that was struck down on that date, on its row, because property 1 has a model-independent proof (any model with the density, plus 164IX). That overturn does not carry across to 2a, so the cross-reference now points at a ground that has been withdrawn. FALSE 2, 'which needs 164VII' names too little. 164VII's model-independent step IS in the tree, extracted as extTensor_bSpan_unClosure (B/Dils/SelfDual.lean:7394, doc from :7385), and for our own model its conclusion is exactly extTensorOfCompl_dense (:7530). What 164X's reduction actually needs is the l2((p_ij)) MODEL of 164III (dils.tex:5079), in which the distinguished (e_i (x) d_j) are the l2 basis BY CONSTRUCTION - 164VII being only its density half - and that model is what the tree lacks: L2 B p exists (SelfDual.lean:2750) but 164III-164VII on top of it are not converted, as the univprop_ext_tensor row records. Transporting 2a along 164IX from the model we do have does not rescue it either, since for the self-dual completion of (X (.) Y) (.) C no pair of bases is distinguished. So the accurate ground is: the thesis proves 2a inside its l2 model, where the reduction to the distinguished pair is free by construction, and that model is not converted; at the generality our statement has - an arbitrary E : ExtTensor - there is no distinguished pair to reduce to, so 164II.1 ext_tensor_dense reduces the goal to arbitrary elementary tensors eta v w, which then have to be approximated, and that is what the 166III estimates pay for. MISLEADING 3, 'as in 164X' on the last sentence: 164X uses product np-functionals for the separating identity (sum_i a_i* a_i) (x) (sum_j b_j* b_j) = sum_ij a_i* a_i (x) b_j* b_j at dils.tex:5325-5333, NOT for non-degeneracy, which it passes over with 'Clearly E_2 is orthonormal'. CHECKED AND UNCHANGED: unSeminorm_eta_le_left (:8508) and unSeminorm_eta_le_right (:8533) both exist, stated as the row describes, and both are consumed at :8737-8738; ext_tensor_dense is consumed at :8767; the finite set s is chosen at :8665 before u at :8680; and the product functionals enter only at :8639-8654, via ht.exists_productFunctional, to get that <e_i,e_i> (x) <d_j,d_j> is non-zero. The Lean doc comment at :8560-8583 already states the ground correctly - 'our E is an arbitrary ExtTensor, so there is no distinguished basis to reduce to' - and it is this row's wording that had drifted from it. Not fixable in place: the thesis's route would need 164III-164VII built on L2.
164II.2b|ext_tensor_ketbra_uwDense|B/Dils/SelfDual|ok|mild|CHECKED AGAINST THE 2026-08-18 AUTHOR RULING, AND IT IS SOUND. What it now states IS 164II.2b: the C-linear span of the operators ketbra((a.e_i) (x) (b.d_j), e_k (x) d_l) (mirrored) is ultraweakly dense in the adjointable operators on X (x) Y, in the entourage form (finitely many np-functionals, epsilon). The bra is E.eta (e k) (d l), matching 164XI's hatted e'_k (x) d'_l; 164II's own display writes the bra unhatted, a notational slip in the thesis. The pin doc block describes the DELETED sibling accurately: git abc3af3 shows ext_tensor_ketbra_dense demanded "exists approx : Finset (iota x kappa) -> Ba C E.Z ... UWTendsto approx atTop T", exactly as quoted, and the counterexample checks out (Finset (PUnit x PUnit) has a greatest element, so atTop is principal there, and the ultraweak topology being Hausdorff the net's value at that element must EQUAL T, forcing the von Neumann tensor product to equal the algebraic one). Proof is 164XI with the one extra step the doc names: Kaplansky's net lies in the norm closure of the algebraic tensor product, and norm continuity brings it back inside.|left-benign: already checked against the 2026-08-18 author ruling and sound. The one extra step over 164XI - Kaplansky's net lies in the norm closure of the algebraic tensor product and norm continuity brings it back inside - is an addition to the thesis's argument, not a replacement of it.
165III|dfn_tensor_of_hilbmod_maps|B/Dils/SelfDual|ok|faithful|Exactly 165III: a unique S (x) T on X (x) Y with (S (x) T)(x (x) y) = Sx (x) Ty. Proof is 165IV, through tensor_gram_bound and ExtTensor.univ. ERRATA already records that 165IV's appeal to cp-bilinear is not supplied by the vN-tensor definition and that the positivity is derivable regardless.
165V|hilbmod_tensor_ketbra|B/Dils/SelfDual|ok|faithful|All four parts of the exercise, stated for operators characterized by their values on elementary tensors, there being no bundled S (x) T: (1) ketbra(x1,x2) (x) ketbra(y1,y2) = ketbra(x1 (x) y1, x2 (x) y2); (2) 1 (x) 1 = 1; (3) (S (x) T)(S' (x) T') = SS' (x) TT'; (4) (S (x) T)* = S* (x) T*. The bundling costs nothing, 165III supplying the operators for any S, T, S', T'. Proof uses extTensor_map_ext, the substitute for ultranorm density that the exercise's own hint offers.
164XI|mem_uwClosure_of_npApprox|B/Dils/SelfDual|ok|faithful|Private bridge: entourage-form approximation yields membership of the ultraweak closure. Needed because 164II.2b is delivered in entourage form while 116VII wants Dense. Not a numbered point; the doc's 164XI is a provenance citation.
164XII.1|selfDual_complex_hilbert,extTensorHilb,extTensorHilbTensor|B/Dils/SelfDual|weaker|none|164XII (dils.tex:5367, Examples), item 1: "Any Hilbert space is a self-dual Hilbert C-module. For Hilbert spaces H and K we have H ox_Hilb K iso H ox_ext K." BOTH sentences are in the tree as of 2026-08-29, the second for Type 0 Hilbert spaces only. FIRST SENTENCE: 36II selfDual_hilbert (A/CStar/TowardsVN.lean:516) gives it for A/CStar's SelfDual, and selfDual_complex_hilbert (SelfDual.lean:8339) gives it for B/Dils's own SelfDual, which is a DIFFERENT predicate - 36I asks a module map to be continuous, 141IIa asks it to be bounded - so 36II does not discharge the ExtTensor.selfDual field and the Riesz argument is run again, in six lines. SECOND SENTENCE: extTensorHilb (SelfDual.lean:8388) exhibits an ARBITRARY Hilbert space tensor product gamma (109II Theses.A.Proc.IsHilbertTensorProduct) AS an ExtTensor (fun a b : C => a * b) vnTensor_mul_complex H K, and extTensorHilbTensor (SelfDual.lean:8488) specialises that to thesis A's chosen 110VI hilbTensor. Since any two exterior tensor products of the same pair satisfy the same universal property (164IX ext_tensor_uniqueness), that IS the asserted isomorphism - the same move by which extTensorSelf is the isomorphism of item 2. WEAKER, and this is the whole of the divergence: H and K are restricted to Type 0, where the thesis says "for Hilbert spaces H and K" without restriction; the reason is in the status field and is stated in the section doc at SelfDual.lean:8257. The fields other than the last two are bilinearity of gamma and its defining inner-product identity; eta_injective is 164VI extTensor_eta_injective, as at the other two construction sites; the universal property is 110III hilb_tensor_universal_property, reached across two bridges written here. The first is cstarInnerProductSpace (SelfDual.lean:8311), the converse of Mathlib's instCStarModuleComplex, a def and never an instance, and marked reducible. The second is the identification of the SMul C W that CStarModule carries with the scalar multiplication of the complex vector space: ExtTensor.univ hands them over as two separate instances, and they agree only because the inner product is definite (eq_of_inner_right_eq). ExtTensor.univ's boundedness hypothesis, stated with a norm, becomes 110I L2Bounded at sqrt (max C 0), stated with a real part, through hilbTensor_gram_norm (SelfDual.lean:8358). 241 lines, 86 of them doc comment and 142 code. No sorry.|LEFT-COST (2026-08-28 unverified sweep) the first sentence of 164XII item 1 is in the tree (36II selfDual_hilbert); the second is not, nothing relating hilbTensor to ExtTensor. Costed at 60-100 lines with the pieces named and the universal property called the only real work. RE-COSTED 2026-08-29: the estimate's "the universal property univ is the only real work" is not right - there is a prior step it does not name. ExtTensor.univ quantifies over a W carrying [CStarModule 𝒞 W] and SelfDual 𝒞 W; at 𝒞 = ℂ the tool for it is hilb_tensor_universal_property (110III), which is stated for an [InnerProductSpace ℂ] target. Mathlib has the bridge in the OTHER direction only (instCStarModuleComplex, Module/Constructions.lean:348, inner product space -> CStarModule ℂ) and the tree has neither direction, so a W given as a CStarModule over ℂ cannot be handed to 110III as it stands. MEASURED rather than guessed: the missing bridge was written and compiled outside the tree, ~25 lines - inner from CStarModule's, norm_sq_eq_re_inner from norm_eq_sqrt_norm_inner_self plus the fact that a nonneg complex has norm equal to its real part, conj_inner_symm from star_inner, add_left from inner_add_left, smul_left from inner_smul_left_complex. It must be a def and NOT an instance: with Mathlib's converse instance it would loop. Not added to the tree, having no consumer. So 60-100 lines is about right in total, but the shape of the work is a bridge plus the universal property, not the universal property alone. SECOND RE-COST 2026-08-29, and there is a UNIVERSE step neither the note nor yesterday's correction names. ExtTensor.{u} wants its three algebras in Type u alongside X and Y, and the tree's witness vnTensor_mul_complex is IsVNTensor.{0} - it is about C, which is Type 0. Probed: ExtTensor (fun a b : C => a * b) vnTensor_mul_complex H K FORMS for H K : Type, and does not form for H K : Type u with u > 0, the elaborator rejecting IsVNTensor.{0} against IsVNTensor.{u}. So the item as costed delivers the statement for Type-0 Hilbert spaces only, which is WEAKER than 164XII.1's 'for Hilbert spaces H and K'. Getting the general case means running the whole thing over C_u = ULift C: IsVNTensor for multiplication on C_u (transportable from vnTensor_mul_complex but not free - NPFunctional C_u, wstar, the product functionals) and CStarModule C_u H, which does not exist and would be a second module structure on H beside the CStarModule C one that Mathlib supplies. Neither is in the 60-100. The Type-0 version is available at that price; the thesis's statement is not. CONVERTED 2026-08-29, route (a): the Type 0 statement, rowed weaker. The universe finding of the SECOND RE-COST is confirmed exactly as written, in both directions, and it is the only reason the row is not ok. THREE THINGS THE EARLIER COSTINGS GOT WRONG. (1) The LEFT-COST says 36II selfDual_hilbert is "the same SelfDual predicate B/Dils uses". It is not: A/CStar's SelfDual (36I) quantifies over IsBoundedModuleMap, which is module-linearity plus Continuous, and B/Dils's (141IIa) over module-linearity plus an explicit bound. The ExtTensor.selfDual field is the B/Dils one, so 36II does not discharge it and selfDual_complex_hilbert re-runs Riesz. Cheap - six lines - but it is a piece the cost did not have. (2) The LEFT-COST expects eta_injective to come from injectivity of the algebraic tensor product into the completion, "the companion of hilbTensor_denseRange_coe". Nothing of the sort was needed: 164VI extTensor_eta_injective takes the four bilinearity and inner-product facts and returns injectivity, one line, exactly as at univprop_ext_tensor and extTensorSelf. (3) The 60-100 line estimate is low by about half: 142 lines of code and proof, 241 with the doc comment. The FIRST RE-COST's own measurement was accurate - the bridge is 24 lines and its five fields are the five it names, in the places it names them - but it missed that the bridge must be marked reducible. Left semireducible, the InnerProductSpace it produces carries a NormedSpace, hence a Module, that is only definitionally and not syntactically the NormedSpace ExtTensor.univ supplies, and every later rw and instance match across that diamond fails. The FIRST RE-COST also repeats, correctly, that the universal property is not the only work, and there is a further piece neither costing names: ExtTensor.univ gives the target W a SMul C W separate from its NormedSpace C W, so "c smul w" means two different things inside that proof, and each exchange between them has to be argued from definiteness of the inner product. That is what obliged the bilinear map into 110III to be built with LinearMap.mk2 against goals the elaborator states rather than against a hypothesis one can write down.
164XII.2|extTensorSelf|B/Dils/SelfDual|ok|none|164XII item 2: "Every von Neumann algebra is a self-dual Hilbert C*-module over itself. For any von Neumann algebras A and B we have A ox_vN B iso A ox_ext B as Hilbert A ox_vN B-modules." BOTH halves are in the tree. The first is selfDual_self (HilbertModules.lean:197). The second is extTensorSelf (SelfDual.lean:7457): the spatial tensor product C = A ox B, taken as a Hilbert C-module over itself with eta = t, IS an ExtTensor t ht A B, every field checked including the universal property - and since any two exterior tensor products satisfy that same universal property, this is exactly the isomorphism the Example asserts. The declaration is kept in the tree as the non-vacuity check for ExtTensor and carried no DISP row; it is this Example. The header note at SelfDual.lean:8148 saying "164XII (Examples) - not converted" is therefore too broad. Examples, no proof.
164XII.3|extPlainTensor,extTensor_ultranorm_completion|B/Dils/SelfDual|ok|route|164XII item 3: 'The norm closure of X odot Y in X ox_ext Y is the plain exterior tensor product of X and Y. In turn the ultranorm completion of the exterior tensor product of X and Y is isomorphic to X ox_ext Y.' CONVERTED 2026-08-29, both halves, off an ARBITRARY E : ExtTensor t ht X Y; nothing new is constructed. First half: extPlainTensor (SelfDual.lean:8067) is the norm closure of extAlgSpan E, the copy of X odot Y inside E.Z cut out by eta (a faithful copy by ExtTensor.eta_injective), with the defining data of a plain exterior tensor product proved: it is closed and complete (extPlainTensor_isClosed, extPlainTensor_completeSpace), stable under the elementary tensors t a b (extPlainTensor_op_smul_mem), the finite sums of elementary tensors are norm dense in it (mem_extPlainTensor_iff), and its inner product is the exterior one, which is ExtTensor.eta_inner. Second half: extTensor_ultranorm_completion (SelfDual.lean:8240) - X ox_ext Y IS a self-dual completion of X odot Y (the private extTensorCompl), so 163II selfdual_compl_defining_unique delivers, from any self-dual completion of X odot Y, a UNIQUE bijective bounded module map onto E.Z preserving the inner product and commuting with the embeddings; extPlainTensor_unDense records that the first half's object is ultranorm dense in E.Z, which is the sense in which the second half is about the first half's object. TWO CAVEATS, both stated in the section doc at SelfDual.lean:7978. (a) Uniqueness of the plain exterior tensor product - the plain analogue of 164IX ext_tensor_uniqueness, which is what would turn 'the norm closure IS the plain exterior tensor product' into an identification rather than a definition - is NOT transcribed; the thesis does not prove it here either, taking the plain tensor product as known. (b) The completion in the second half is taken of X odot Y in this file's standing rendering of it as the C-module (X odot Y) odot C with extBInner, not of the norm closure itself: SelfDualCompletion needs a C-module and the norm closure is only an A odot B-module, C = A ox B being strictly larger than the norm-closed algebra the elementary tensors generate. Universe-polymorphic in u throughout.|LEFT-COST (2026-08-28 unverified sweep) item 3 talks about the plain exterior tensor product of Hilbert C*-modules, which the tree does not have - only the self-dual ExtTensor. Costed at 120-200 lines in two named pieces. ESTIMATE VERIFIED 2026-08-29, with one citation corrected and one hazard checked. The uniqueness the note cites as '150XI IsComp...' is selfdual_compl_defining_unique (SelfDual.lean:5118), which is 163II and 151Ia, not 150XI - 150XI is dils-completion-setup. And that lemma carries the universe restriction 5.1 records against its sibling: its signature pins SelfDualCompletion.{u, v, v}, both completions in the SAME universe, which is why selfdual_compl_defining_dense could not be used at 163II. It does NOT bite here: step (i)'s object is the norm closure inside an ExtTensor's carrier, which is Type u, and the ExtTensor is Type u, so both slots agree. The 120-200 lines stands. CONVERTED 2026-08-29. The 120-200 line estimate was right in magnitude: 278 lines added, of which 47 are the section doc, so about 225 of code and proof. Two of the ingredients the estimate named were not needed. extTensor_gram is not used - the boundedness the second half wants is already inside extLift, the lift to (X odot Y) odot C used for 164II's universal property, which also carries extLift_op_smul; and extEta is not used either, since it runs the other way, from a SelfDualCompletion to an ExtTensor, whereas this row needs the converse. What the estimate did not name is that the converse needs eta_inner transported to (X odot Y) odot C: that is extLift_eta_inner with its algebraic half extLift_eta_inner_alg, about 35 lines of double induction, and it is the only real proof obligation of the second half. The universe hazard recorded against the sibling 164XII.1 does not bite: nothing here is a concrete witness, everything is stated for an arbitrary ExtTensor over algebras and modules in Type u, and both slots of selfdual_compl_defining_unique are then Type u as predicted.  SPOT-CHECKED 2026-08-29 (route pass): selfdual_compl_defining_unique is at SelfDual.lean:5118 as cited and does pin both slots to one universe, and the universe hazard is correctly judged not to bite. Line references drifted by two since this field was written - extPlainTensor is at :8069 and extTensor_ultranorm_completion at :8242. left-cost stands, and the conversion recorded above stands with it.
164XII.4|paschke_tensor_module|B/Dils/SelfDual|ok|none|164XII item 4: a forward reference - "in paschke-tensor it will be shown that (A_1 ox_{phi_1} B_1) ox_ext (A_2 ox_{phi_2} B_2) iso (A_1 ox A_2) ox_{phi_1 ox phi_2} (B_1 ox B_2)". That is the furthermore-claim of 167I, paschke_tensor_module (SelfDual.lean:10514); the main claim is paschke_tensor (SelfDual.lean:10596). Converted at its own point. Examples, no proof.
144I|baVec_centreSeparatingConj|B/Dils/SelfDual|ok|faithful|Private: the vector np-functionals of the adjointable operators are centre separating. This is 144I hilbmod_ordersep plus 152XIII, and it is the Omega_X / Omega_Y of the thesis's 165IX.
165VI|ba_ext_tensor_pres, ba_ext_tensor_iso|B/Dils/SelfDual|ok|faithful|COVERED (2026-08-27 stmt-class pass): the point IS fully stated in the tree; the status field says which declaration carries which clause. The original finding, taken against the named declaration alone, follows. 165VI's conclusion is that there IS an nmiu-isomorphism from B^a(X) (x) B^a(Y) onto C^a(X (x) Y) sending S (x) T to S (x) T. Ours states only that Theta(S,T) = S (x) T makes C^a(X (x) Y) a von Neumann tensor product (IsVNTensor Theta), which is the thesis's 165VII reduction BEFORE its appeal to tensor-uniqueness; the doc says so. The isomorphism is obtained at the use site, paschke_tensor calling tensor_uniqueness. Proof is 165VIII-165X and the route is the thesis's own (verify 116VII for the vector np-functionals), with two documented deviations: generation is read off the entourage form of 164II.2b through mem_uwClosure_of_npApprox, and 165X's square root is replaced by hilbmod_ordersep's own factorisation.|repaired: ba_ext_tensor_iso (SelfDual.lean:9452) states 165VI's conclusion - a unique bijective nmiu-map from the von Neumann tensor product onto C^a(X (x) Y) sending S (x) T to Theta S T - by running 165VII's own appeal to 114II tensor_uniqueness. ba_ext_tensor_pres is kept as the IsVNTensor half.  2026-08-27 stmt-class pass: RECLASSIFIED weaker -> ok under the `stmt` convention now written into docs/STATEMENT-AUDIT.md (a row grades the POINT, not the named declaration in isolation). Re-read dils.tex:5539-5542: the conclusion is an nmiu-ISOMORPHISM from the von Neumann tensor product of B-a(X) and B-a(Y) onto C-a(X (x) Y) sending S (x) T to S (x) T, and ba_ext_tensor_iso (SelfDual:9452) states it -- an exists-unique NMIUMap that is bijective and sends the elementary tensor to Theta S T. Not vacuous: Theta with its characterising property is supplied by dfn_tensor_of_hilbmod_maps (:8421), which is 165III. This declaration stays the IsVNTensor half (:8691), which is 165VII reduction before its appeal to tensor-uniqueness. lean_name extended.
166II|ultranorm_continuity_ext_tensor|B/Dils/SelfDual|ok|mild|Exactly 166II, with both norm bounds carried. ERRATA already records that only ONE of the two boundedness hypotheses is needed and that ours is proved without hxb. Proof is 166III with its appeal to 44III vanishing_effects replaced by an order estimate in the tensor product, legitimate because the legs are normal - which is precisely the half that 166II's printed proof leaves as an unfinished commented-out TODO, also in ERRATA.|left-thesis, and it grades the PROOF column (`mild`); the statement column is `ok`. The divergence stays in place ON PURPOSE and must not be closed by returning to the printed route. RE-DERIVED 2026-08-29. The ground is NOT the unfinished commented-out TODO in 166III - by the 2026-08-22 author ruling in ERRATA a step a reader supplies without pausing is no defect, and that one (ncp-ness of the legs) is supplied in the tree anyway by `vnTensor_legLeft_normal` / `vnTensor_legRight_normal`. The ground is that OUR ORDER ESTIMATE IS THE EVIDENCE FOR AN OPEN ERRATUM. ERRATA.md's row '166II (statement)' (line 143, status OPEN nit, thesis side) records that only ONE of the two norm-boundedness hypotheses is needed, and the evidence it cites is precisely that this proof never uses hxb: the bound on the x-net is needed only to make <x_a-x,x_a-x> (x) 1 an EFFECT, which is an artefact of routing the estimate through 44III `vanishing_effects`. Restoring 166III's appeal to 44III would put hxb back and destroy that evidence. Verified in the source today: `ultranorm_continuity_ext_tensor` (SelfDual.lean:9541) carries both bounds (hxb :9546, hyb :9546); hxb occurs exactly once in the file, in the binder, and the proof destructs hyb only; the `set_option linter.unusedVariables false in` at :9531 above the declaration is the standing evidence the erratum names. Also still true, and an A/VN finding rather than this row's: 44III `vanishing_effects` (A/VN/Basic.lean:1890) has ZERO consumers tree-wide - the only two mentions outside its own module are doc prose. SUPERSEDED ONLY IN ITS PHRASING: an earlier version of this field opened 'left-thesis-evidence, and NO LONGER ORPHANED' and reported the dead-limb finding that this declaration had no consumers. That is settled - 166IV `exttensor_dense_subsets` (:9690) consumes it at :9781 - and it was never a second verdict.
166IV|exttensor_dense_subsets|B/Dils/SelfDual|ok|faithful|Exactly 166IV; 'ultranorm-dense submodules' is spelled out as closure under addition and under the algebra action. REPAIRED: 166V is now transcribed. Elementary tensors suffice by 164II.1 ext_tensor_dense; for x ⊗ y, 158II kaplansky_hilbmod at A = ⊤ supplies norm-bounded nets u_α → x in U and v_α → y in V, and 166II ultranorm_continuity_ext_tensor gives u_α ⊗ v_α → x ⊗ y. The two nets are taken over ONE index - a finite set of np-functionals per leg plus a precision 1/(k+1) - so that 166II, which speaks of two nets along one filter, applies. The four hypotheses hUsub/hUsmul/hVsub/hVsmul are now used (they are 158II's 'U is a submodule') and the linter.unusedVariables suppression is gone; 0 ∈ U comes from hU and hUsmul, and ⟨d,d⟩ ∈ A is vacuous at A = ⊤.|repaired: THE BIG DEAD LIMB OF THIS SCOPE. kaplansky_hilbmod - 158II, the Kaplansky density theorem for Hilbert C*-modules, the whole 2100-line Kaplansky.lean - had ZERO consumers anywhere in the tree; every occurrence of the name outside its own file was a doc comment, and SelfDual.lean's import of Kaplansky.lean bought nothing else. 166V is its only use in dils.tex and 166IV had taken the other route. 166II ultranorm_continuity_ext_tensor was orphaned by the same shortcut and is load-bearing again too. The missing bridge the old note named is built: exists_bounded_net_of_entourage (SelfDual.lean:9006), 30 lines, from entourage-wise bounded approximation to a net over any index whose filter resolves every np-functional at every precision; mem_unClosure_of_unTendsto (already present) reads the estimate back out. Net cost +59 lines, not the 'roughly doubling' the old note costed. Statement byte-identical, axiom-clean in situ.
166VI|ncpPreservesDirSups|B/Dils/SelfDual|ok|faithful|Private one-liner: x -> omega(b phi(x) b*) is again an np-functional. Auxiliary for 166VII's estimates, not a numbered point.
166VI|unSeminorm_tprod_left|B/Dils/SelfDual|ok|faithful|Private: the omega-seminorm of d (x) b equals the seminorm of d for omega(b phi(.) b*). This is the first of 166VII's two displayed estimates, as an equality rather than an inequality.
166VI|unSeminorm_tprod_right|B/Dils/SelfDual|ok|faithful|Private: the omega-seminorm of a (x) e is at most sqrt(N(phi(a a*))) times the omega-seminorm of e. This is 166VII's second displayed estimate, with the thesis's uniform bound B replaced by a constant depending on the already-chosen a.
163II|paschke_tprod_dense|B/Dils/SelfDual|ok|route|MISLABELLED: the doc's leading DISP 163II is a cross-reference (the declaration is called "the Paschke-module analogue of selfdual_compl_defining_dense"), not the point transcribed; the real 163II is rows 47 and 48. NOTE CORRECTED 2026-08-29: the earlier text said the statement - that the elementary tensors of the Paschke module are ultranorm dense - is only implicit in the thesis's "by construction" at 151V and 164VII. It is not. There is no point 151V (parsec 1510 has points 10, 11, 20 only), and the thesis states the dense range of eta for this very module in the proof of 154III.1, dils.tex:3641, by 150II.2. Proof is the projection argument of the sibling selfdual_compl_defining_dense, not the thesis's transport-along-the-isomorphism of 163III, which our generality (an arbitrary axiomatised PaschkeModule) does not reach - see the status field.|left-forced. THE RECORDED VERDICT DID NOT SURVIVE RE-DERIVATION: it was wrong on its facts and so was the `proof` class it rested on, which is put back to `route` today. WHAT THE PREVIOUS VERDICT SAID AND WHY IT IS FALSE. It said: 'there is no thesis proof at this point to diverge from - the statement, that the elementary tensors of the Paschke module are ultranorm dense, appears in dils.tex only as by construction at 151V and 164VII', and on that ground the 2026-08-26 route pass moved the class route -> none. Both halves fail. (i) THERE IS NO POINT 151V. Parsec 1510 (dils.tex:3256-3326) contains points 10, 11 and 20 only, i.e. 151I, 151Ia `selfdual-completion-univ` and 151II; nothing numbered 151V exists anywhere in the thesis. (ii) THE THESIS DOES STATE IT, for this very module, in the proof of 154III.1: dils.tex:3639-3641 reads 'By dils-completion, there is a self-dual Hilbert B-module A (x)_phi B and B-linear inner product-preserving eta : A (.) B -> A (x)_phi B WITH ULTRANORM-DENSE RANGE'. It is 150II clause 2 (dils.tex:2649, proved at 150XV), applied. And the general form - for ANY eta into any self-dual module with the universal property, the image of eta is ultranorm dense - is the moreover-clause of 163II itself (dils.tex:4943-4959), with a printed proof at 163III. WHY THE DIVERGENCE NEVERTHELESS STANDS, which is the real ground. Our statement is at a generality the printed argument does not reach: `paschke_tprod_dense` (SelfDual.lean:9867) is stated for an ARBITRARY `PaschkeModule phi`, and that structure (Paschke.lean:435-472) is axiomatised by its universal property and carries NO density field and no construction to read the density off - unlike `SelfDualCompletion`, whose `dense` field (SelfDualCompletion.lean:71) is exactly what 154V appeals to. The printed route for that generality is 163III's: transport the density from the constructed module along the isomorphism the two universal properties produce. That needs a uniqueness-up-to-isomorphism for `PaschkeModule`, and the tree has none - grep for it today returns nothing; only the construction `paschkeModuleOf` (Paschke.lean:1318) and `existence_paschke` (:1347) exist. So the projection argument used here - D is already a B-submodule (`PhiCompatible.smul_action`), so bSpan D = D and 160IV.2 identifies D-perp-perp with the ultranorm closure of D, the projection onto it fixes every elementary tensor and hence is the identity by the uniqueness half of 154III.1 - is ours, and is the same argument the sibling `selfdual_compl_defining_dense` (:5266) runs, where the obstruction to 163III's route is universes rather than an axiomatised carrier. NOT A THESIS POINT: the DISP 163II picked up here is a cross-reference - the doc comment opens 'the Paschke-module analogue of `selfdual_compl_defining_dense` (163II)' - and the real 163II is rows 47 and 48 of this file. STILL TO DO, not done here: the declaration's doc comment (SelfDual.lean:9853-9866) repeats the false '151V/164VII, so there is no printed proof here to be faithful to' claim verbatim and wants correcting; SelfDual.lean is held by other work this session, so only the row is fixed today.  RE-CHECKED 2026-08-29 (route pass) and the GROUND SURVIVES INTACT: parsec 1510 (dils.tex:3256-3326) still contains points 10, 11 and 20 only, so there is no 151V; dils.tex:3637-3641 still states the ultranorm-dense range of eta for this very module inside 154III.1; and the blocker is still live - grep over Theses/B/Dils for a uniqueness-up-to-isomorphism of PaschkeModule returns nothing, only the structure (Paschke.lean:435), paschkeModuleOf (:1320) and existence_paschke (:1348), while paschke_unique_up_to_iso (Stinespring.lean:3579) is 140VIII about Paschke TRIPLES and does not touch the module. THE "STILL TO DO" IS DONE, and this field is the last thing that says otherwise: the doc comment now at SelfDual.lean:9853-9875 carries the correction verbatim ("There is no point 151V ... the thesis does state the dense range of eta ... at dils.tex:3641"), which is why the declaration has moved from :9867 to :9876. Nothing is outstanding on this row. left-forced stands.
166VI|dilationspace_dense_subset|B/Dils/SelfDual|ok|mild|Exactly 166VI (ultrastrongly dense star-subalgebras give ultranorm density of the span of the a (x) b); UnDense against mulInner is the mirrored ultrastrong uniformity, this file's convention throughout. Proof is 166VII's splitting and its two estimates, with one local deviation: no norm-bounded nets from dense-subalgebra are taken - a' is chosen first and b' afterwards, with accuracy depending on N(phi(a'a'*)).|left-benign: 166VII's own splitting and its two estimates, with a' chosen before b' instead of taking norm-bounded nets. Checked for the 166IV failure mode and it is NOT the same: 74VI dense_subalgebra, which the thesis's net version would have used, has a dozen consumers in A/VN and A/Proc, so nothing is orphaned by not using it here.
154III|isVNTensor_mop|B/Dils/SelfDual|ok|faithful|Not a numbered point: IsVNTensor transported to the opposite algebras, needed because 154III.5's dilating algebra is the opposite of the adjointable operators. The doc's 154III is a provenance citation.
153I|exists_ad_unitary_nmiu|B/Dils/SelfDual|differs|faithful|RECLASSIFIED stronger -> differs, 2026-08-27 stmt-class pass: the direction is MIXED, so this is not a generalisation of 153I but a strengthened special case of it, added for 167I. 153I hilbmod_ad_ncp gives that ad_T is an ncp-map for an ARBITRARY adjointable T; ours assumes U bijective and inner-product preserving -- hypotheses 153I does not have -- and concludes a BIJECTIVE NMIU-map, which 153I does not assert. Neither statement implies the other. 153I itself is carried in full and graded ok by hilbmod_ad_cp (part 1) and hilbmod_ad_ncp (part 2), both in bdils-hilbertmodules-selfdualcompletion.csv, so nothing is lost by this row's class. Multiplicativity and unitality are immediate and involution preservation comes from exists_nmiu_of_ncp, so nothing false is claimed.|left-benign: 153I gives only that ad_T is ncp; for a bijective inner-product-preserving U the multiplicativity and unitality are immediate and involution preservation comes from exists_nmiu_of_ncp. Nothing false is claimed.
34IV|exists_ncp_of_nmiu|B/Dils/SelfDual|ok|faithful|An nmiu-map is an ncp-map: 34IV.3 (an miu-map is cp) with normality carried along. A one-line repackaging, not a transcription of 34IV.
144V|ba_ext_of_unDense|B/Dils/SelfDual|ok|faithful|Two adjointable operators agreeing on an ultranorm-dense subset are equal. Auxiliary; the doc's 144V is a provenance citation (bounded module maps are ultranorm continuous), together with 42I.2.
114I|isVNTensor_comp|B/Dils/SelfDual|ok|faithful|IsVNTensor transports along nmiu-isomorphisms of the two factors, through the bridge to Theses.A.Proc.isTensorProduct_comp. This is the fact the commented-out last step of 167II needs in order to make sense of "beta_1 (x) beta_2 is an isomorphism" - see ERRATA 167II.
44XV|uwContinuous_nmiu|B/Dils/SelfDual|ok|mathlib|COVERED (2026-08-27 stmt-class pass): the point IS fully stated in the tree; the status field says which declaration carries which clause. The original finding, taken against the named declaration alone, follows. 44XV p_uwcont is a four-way TFAE for positive maps between von Neumann algebras; this states only (3) implies (1), for an nmiu-map. Closed by A/VN's p_uwcont, so the exercise's own argument is not exhibited here.|repaired: 44XV in full - the four-way TFAE for positive maps between von Neumann algebras - is A/VN/Basic.p_uwcont (Basic.lean:3229). The doc here now says it is a provenance citation for the (3) => (1) direction.  2026-08-27 stmt-class pass: RECLASSIFIED weaker -> ok under the `stmt` convention now written into docs/STATEMENT-AUDIT.md (a row grades the POINT, not the named declaration in isolation). 44XV is stated in the tree by A/VN/Basic.p_uwcont (Basic:3229), which has its OWN row in avn-basic.csv (row 74, classed ok) -- so lean_name is left alone rather than duplicating the name across chapters. Verified in the source: p_uwcont is a List.TFAE of exactly the four conditions of vn.tex:798-826 in the thesis order (ultraweak continuity; ultraweak continuity on the effects; PreservesDirSups; PreservesDirSups of every omega after f), and the trailing "conclude b maps-to a*ba is ultraweakly continuous" is p_uwcont_ad (:3280). This declaration is the (3) implies (1) direction only, and its doc now says it is a provenance citation.
44XV|uwContinuous_ncp|B/Dils/SelfDual|ok|mathlib|COVERED (2026-08-27 stmt-class pass): the point IS fully stated in the tree; the status field says which declaration carries which clause. The original finding, taken against the named declaration alone, follows. As the previous row, for an ncp-map: only (3) implies (1) of 44XV's TFAE.|repaired: as the previous row - 44XV in full is A/VN/Basic.p_uwcont (Basic.lean:3229), and the doc says so.  2026-08-27 stmt-class pass: RECLASSIFIED weaker -> ok under the `stmt` convention now written into docs/STATEMENT-AUDIT.md (a row grades the POINT, not the named declaration in isolation). As the uwContinuous_nmiu row above: 44XV in full is A/VN/Basic.p_uwcont (Basic:3229), which has its own row in avn-basic.csv (row 74, classed ok); this declaration is the (3) implies (1) direction for an ncp-map. lean_name left alone rather than duplicating the name across chapters.
167VI|vnTensor_map_ext|B/Dils/SelfDual|ok|faithful|Two ultraweakly continuous linear maps out of a tensor product agreeing on elementary tensors are equal - clause (1) of 108II through the A/Proc bridge. This is exactly the step 167VI performs by "ultrastrong density of the algebraic tensor product and normality".
166VI|ptmEta1_denseRange|B/Dils/SelfDual|ok|faithful|Private: 166VI at A' the algebraic tensor product of A_1, A_2 and B' all of B_12, i.e. the first density of the thesis's 167III. Carries all six [VonNeumannAlgebra] binders from section PaschkeTensorModuleAux.
166IV|ptmEta2_denseRange|B/Dils/SelfDual|ok|faithful|Private: 166IV applied to the elementary tensors of the two Paschke modules, i.e. the second density of 167III. Carries all six [VonNeumannAlgebra] binders.
167I|paschke_tensor_module|B/Dils/SelfDual|ok|route|167I's furthermore-claim, the isomorphism of dilation spaces, rendered as a bounded bijective inner-product-preserving module map together with its values on elementary tensors. All six [VonNeumannAlgebra] binders present - they were never missing on this declaration. Divergence class 2, admitted in the doc: instead of the thesis's two-step extension of U_0 (167V), both modules are recognised as self-dual completions of one and the same module, so 163II delivers boundedness, bijectivity, inner-product preservation and the elementary values at once. The two densities are the thesis's own 167III and the inner-product computation is 167IV.|left-cost, with a named list; it grades the PROOF column (`route`) and the statement column is `ok` (all six [VonNeumannAlgebra] binders were always present on this declaration). RE-DERIVED 2026-08-29 against dils.tex:5753-5900 and the tree. THE THESIS'S INGREDIENTS ARE ALL PRESENT AND ALL USED: 167III.1 is `ptmEta2_denseRange` (SelfDual.lean:11085, via 166IV `exttensor_dense_subsets` :9690 plus `paschke_tprod_dense`, dils.tex:5791-5799); 167III.2 is `ptmEta1_denseRange` (:10975, via 166VI `dilationspace_dense_subset` :9922, dils.tex:5806-5814); 167IV's inner-product computation is `ptmEtaA_inner` (:10911) and `ptmEta_inner_eq` (:10939), dils.tex:5815-5842. WHAT IS NOT RUN is 167V's extension bookkeeping (dils.tex:5844 ff.), and it cannot be, because its two steps are asymmetric in this tree. The SECOND step is present: `ExtTensor.univ` (the structure field at SelfDual.lean:6096-6110) IS the universal property of the self-dual exterior tensor product - but it CONSUMES a bilinear T : X1 -> X2 -> W defined on ALL of X1 x X2, i.e. it consumes 167V's intermediate U1 rather than producing it. And U1 is a bounded B1 (.) B2-linear map on the INCOMPLETE pre-module X1 (.) X2, which no extension lemma in the tree delivers: 151Ia `selfdual_completion_univ` (SelfDualCompletion.lean:218-225, re-read today) extends a bounded module map from a pre-module only INTO a self-dual, COMPLETE target over the same algebra, so from the pair core it lands in X1 (x) X2, never in X1 (.) X2; 163II is built from it and inherits the shape. NAMED LIST of what 167V would need built: (a) an extension theorem for a bounded module map from an ultranorm-dense sub-pre-module into a NON-complete pre-module target, of which the tree has no analogue, about 100-150 lines, a limit construction with no self-duality to close it; (b) `ptmU1`, the bilinear U1 assembled from (a) in the two variables, with its `IsExtBilin` fields and the `ExtTensor.univ` bound, about 80-120 lines by a density limit; (c) inner-product preservation of the resulting U by density plus 148V `innerprod_ultraweak`, about 40 lines, and surjectivity from ultranorm closedness of the range, about 50-60 lines - both of which the present route gets from 163II for nothing. About 270-390 lines to arrive at the same U, since the first extension step, once its target has to be complete, IS the single 163II extension already performed. The section doc-comment (SelfDual.lean:10736-10772) records the same analysis. SUPERSEDED VERDICT, do not read it as live: until the 2026-08-26 route pass this field opened by calling the divergence harmless - class 2, admitted in the doc, no ingredient skipped that is not the thesis's own. That description is still accurate as far as it goes, and nothing is orphaned; it is not the verdict, because the reason the printed route is not run is the costed item above.  SPOT-CHECKED 2026-08-29 (route pass): the blocker is still live - a grep over SelfDualCompletion.lean and HilbertModules.lean finds no extension lemma of any kind for a bounded module map into a NON-complete pre-module target, and 151Ia selfdual_completion_univ (SelfDualCompletion.lean:218) does require the target to be self-dual and complete, so item (a) of the named list is unbuilt as recorded. Line references drifted by nine - ptmEta2_denseRange is at SelfDual.lean:11094, ptmEtaA_inner at :10920, ptmEta_inner_eq at :10948. left-cost stands.
167I|paschke_tensor|B/Dils/SelfDual|ok|route|167I's main claim. THE BINDER REPAIR IS COMPLETE AND CORRECT: git 8d6f684 shows the statement originally carried NONE of the six [VonNeumannAlgebra] binders, git 93b20f5 (session 92) restored all six, and P_12 and the two dilating algebras carry von Neumann structure as data (vnP and PaschkeTriple.vn), so every algebra 167I calls a von Neumann algebra now is one. Nothing else in parsec 1670 dropped them: paschke_tensor_module always had them, vnTensor_map_ext carries all four it needs, and the private helpers sit under section PaschkeTensorModuleAux's own six binders. The tensor products of algebras go through IsVNTensor and the tensor products of maps through their values on elementary tensors, which is a faithful encoding. Divergence class 2: the passage from the standard dilations to arbitrary ones is missing from the printed proof (ERRATA 167II - it survives only as a LaTeX comment at dils.tex:5950-5961), and the Lean proof runs that commented argument with its two gaps filled.|left-thesis: THE STEP IS NOT IN THE PRINTED THESIS, so there is no printed route to return to and nothing here is ours to build. It grades the PROOF column (`route`); the statement column is `ok`. RE-DERIVED 2026-08-29. 167I quantifies over ARBITRARY Paschke dilations, but 167VI treats only the standard ones, and the passage from the standard dilations to arbitrary ones survives solely as a LaTeX comment - dils.tex:5958-5969 in the current source, the `\qed` at :5956 closing the proof one step early. ERRATA.md line 144, row '167II (paschke-tensor, proof)', records this and is OPEN on the thesis side; its own line reference 5950-5961 has drifted by eight lines and is worth refreshing when that file is next touched. Our `paschke_tensor` (SelfDual.lean:11239, green) is stated for arbitrary dilations, faithful to the Theorem, and runs that commented argument with both of its gaps filled: 'there are isomorphisms beta_i' is 140VIII paschke-unique-up-to-iso, and 'beta_1 (x) beta_2 is an isomorphism' - which presupposes that beta_1 (x) beta_2 exists as an nmiu-map at all - is `tensor_uniqueness` applied to the tensor product transported along the beta_i. That is the most faithful thing available. Also verified today, and not a second verdict: the binder repair is complete and correct - git 8d6f684 shows the statement originally carried none of the six [VonNeumannAlgebra] binders, git 93b20f5 restored all six, and P_12 and the two dilating algebras carry von Neumann structure as data (vnP, PaschkeTriple.vn), so every algebra 167I calls a von Neumann algebra is one. PHRASING CORRECTED 2026-08-29: this field used to open with the hyphenated LEFT-under-...-1 formula, which the verdict table matches by prefix and reads as the costed-machinery ground, the opposite of what the row says. The ground is and was the defect in the printed text.  SPOT-CHECKED 2026-08-29 (route pass) and the ground is exactly as recorded: the \qed closes the printed proof at dils.tex:5956 and the passage from the standard dilations to arbitrary ones survives only as the LaTeX comment at dils.tex:5958-5969. ONE CLAUSE OF THIS FIELD IS NOW STALE: it says ERRATA.md's own line reference "has drifted by eight lines and is worth refreshing". It has been refreshed - ERRATA.md line 144 reads dils.tex:5958-5969 today, which is the commented block to the line. Line reference corrected: paschke_tensor is at SelfDual.lean:11248. left-thesis stands.
146VIII|unSeminorm_mulInner_eq|B/Dils/Kaplansky|ok|faithful|146VIII says that for X = B with [a,b] = a*b the ultranorm uniformity coincides with the ultrastrong one. Under this tree's mirrored convention [a,b] = b a*, so what is proved is that the ultranorm seminorm of x is omega(xx*)^(1/2), the ultrastrong seminorm of x*: the ultranorm uniformity of mulInner is the MIRRORED ultrastrong uniformity, not the ultrastrong one, and the two genuinely differ. That is the faithful mirror of 146VIII and the doc says so, but it is worth flagging, because every "ultrastrongly dense" hypothesis in this file and in SelfDual.lean is stated as UnDense (mulInner .).
158Ia|kaplansky_bounded_approx|B/Dils/Kaplansky|ok|faithful|158Ia exactly (an ultrastrongly dense C*-subalgebra A of a von Neumann algebra B; every b in B is the ultrastrong limit of a net in A norm-bounded by N(b)), in the entourage phrasing this file uses throughout. The extra hA : IsClosed is what turns a StarSubalgebra into a C*-subalgebra. THESIS TYPO: 158Ia reads "for every element a in A, there is a net b_alpha in B with b_alpha -> a and N(b_alpha) <= N(b)" - a and b are interchanged and the net is in the wrong algebra; the intended reading, and the one used at 164XI and 166V, is "for every b in B there is a net in A". Proof is 74IV applied at b* and starred back, class 1 across the mirror.
158V|inv1p|B/Dils/Kaplansky|ok|none|(1+b) inverse via Ring.inverse, the resolvent occurring throughout 158V, together with the bounds dils.tex:4213 asserts.
158V.1|kaplansky_hilbmod_A₁|B/Dils/Kaplansky|ok|sorry|DELIBERATE DOCUMENTATION OF A FALSEHOOD. The term A_1 of kaplansky-splitting, transcribed factor for factor and in the thesis's multiplication order (so it is the star of a fully mirrored A_1, which is immaterial: star is ultraweakly continuous and the claim is convergence to 0). The claim is FALSE: ERRATA records the counterexample in B(l2) with y_0 = ketbra(e_1,e_2) and y_n = ketbra(e_1+e_n, e_2), where the vector functional omega_0 gives A_1 the value -1/12 for every n. The sorry is not closable and is kept as the record. WITNESS RE-RUN 2026-08-29 (asorry2 pass): `python3 scripts/kaplansky_witness.py` reproduces all 9 recorded values exactly over Q and exits 0, and its four expressions were read off against the four declarations character by character and match - the script builds them from P = inner y0 y0 and Q = inner yn yn in the same factor order as the Lean statements and with the same mirrored inner product, so the printed values are values of OUR transcriptions and not only of the thesis's terms, and the splitting check 4 times the sum equals 1 over 9 ties them together and would fail if any one were mis-transcribed. BUT THE RE-RUN ALSO OVERTURNED ONE ROW: the fourth value is omega_0(A_2) = 0, which this file and the Kaplansky.lean header read as 'this one functional does not see A_2'. It is not a blind spot - A_2 is TRUE, and `kaplansky_hilbmod_A_2` was PROVED on 2026-08-29 (see the 158V.3 row). Only THREE of the four estimates are false. Nothing in the tree cites any of the four outside their own declarations, so no proved result rested on them either way. This row (A_1) is unaffected: omega_0(A_1) = -1/12 for every n, the varying resolvent multiplies the constant <y,y> here, and the sorry stands at Kaplansky.lean:306.
158V.2|kaplansky_hilbmod_A₁'|B/Dils/Kaplansky|ok|sorry|As the previous row, for A_1', which is A_1 with y and y_alpha interchanged. False: omega_0(A_1') = -1/18 for every n on the same counterexample. Kept sorry deliberately. WITNESS RE-RUN 2026-08-29 (asorry2 pass): `python3 scripts/kaplansky_witness.py` reproduces all 9 recorded values exactly over Q and exits 0, and its four expressions were read off against the four declarations character by character and match - the script builds them from P = inner y0 y0 and Q = inner yn yn in the same factor order as the Lean statements and with the same mirrored inner product, so the printed values are values of OUR transcriptions and not only of the thesis's terms, and the splitting check 4 times the sum equals 1 over 9 ties them together and would fail if any one were mis-transcribed. BUT THE RE-RUN ALSO OVERTURNED ONE ROW: the fourth value is omega_0(A_2) = 0, which this file and the Kaplansky.lean header read as 'this one functional does not see A_2'. It is not a blind spot - A_2 is TRUE, and `kaplansky_hilbmod_A_2` was PROVED on 2026-08-29 (see the 158V.3 row). Only THREE of the four estimates are false. Nothing in the tree cites any of the four outside their own declarations, so no proved result rested on them either way. This row (A_1') is unaffected: omega_0(A_1') = -1/18 for every n, and the sorry stands at Kaplansky.lean:322.
158V.3|kaplansky_hilbmod_A₂|B/Dils/Kaplansky|ok|faithful|158V.3, the term A_2 of kaplansky-splitting (dils.tex:4204), transcribed as star-of-mirror at Kaplansky.lean:360-365: inv1p (inner B y0 y0) * inner B (y i) (y i - y0) * inv1p (inner B (y i) (y i)). Mirror sends the thesis's <u,v> to inner B u v with the product order reversed, star sends it back with each inner product's two arguments swapped, so this IS the thesis's (1+<y,y>)^-1 <y_a - y, y_a> (1+<y_a,y_a>)^-1 in the mirrored convention; checked by recomputing kaplansky-splitting directly, since with the file's A_1 and A_1' the identity <h(y)-h(y_a), h(y)-h(y_a)> = 4(A_1+A_1'+A_2+A_2') holds exactly with this term and no other. The RECLASSIFICATION differs to ok of the 2026-08-27 stmt-class pass stands: the mirroring defect that row recorded is repaired.|repaired: the ground this row rested on fell, and the sorry with it. The field read 'DELIBERATE TRANSCRIPTION OF A FALSEHOOD ... 158V is false, so the sorry is kept on purpose', and the falsehood was no falsehood: kaplansky_hilbmod_A2 (B/Dils/Kaplansky.lean:360) is proved, and the file carries three sorries where there were four -- A_1 at :306, A_1-prime at :322, A_2-prime at :420, all three confirmed at those lines on 2026-08-29 and no fourth anywhere in the file. RE-DERIVED 2026-08-29: scripts/kaplansky_witness.py reproduces all nine recorded values exactly, omega_0(A_1) = -1/12, omega_0(A_1-prime) = -1/18, omega_0(A_2-prime) = 1/6 and omega_0(A_2) = 0, and that zero is no blind spot of one functional. A_2 converges for EVERY np-functional, and the asymmetry that decides it is WHICH RESOLVENT MOVES WITH alpha: folding the two outer factors into the slots of the inner product puts the varying resolvent on the bounded vector y_alpha and the constant one on the small vector y_alpha - y. inv1p_conj_le_one (Kaplansky.lean:273, used at :391) then bounds the first seminorm by sqrt(omega 1) uniformly in alpha, Cauchy-Schwarz for the omega-seminorms (142III unSeminorm_inner_le, used at :401) sends the alpha-dependent half to 0, and uwTendsto_mul_left_right (:405) -- the mult-uws-cont the thesis itself cites -- carries the constant left factor through. In A_2-prime the two resolvents change places, the varying one lands on the small vector, and that is where omega_0 = 1/6 bites. ONE CITATION CORRECTED: the sentence 'The proofs for A_2, A_2-prime are very similar' is dils.tex:4282, not :4273; the label kaplansky-splitting is at dils.tex:4213 and the A_2 term is displayed at :4204. So that sentence is wrong twice over -- the two proofs are unalike, and only one of the two claims is true. The 158V erratum is unchanged in substance: 158V, the ultranorm continuity of h, is still false and the printed proof of 158II still has to be replaced, but three of its four estimates fail rather than all four. The proof uses nothing beyond the thesis's own toolbox, hence proof = faithful.
158V.4|kaplansky_hilbmod_A₂'|B/Dils/Kaplansky|ok|sorry|RECLASSIFIED differs -> ok, 2026-08-27 stmt-class pass, for the reason the A_2 row then gave: the mirroring defect is repaired and only the status column recorded it. (That row has since been rewritten - A_2 turned out to be TRUE and was proved on 2026-08-29 - but the statement-side reclassification it carried applies here unchanged.) A_2' (dils.tex:4208) is (1+<y_a,y_a>)^-1 <y - y_a, y> (1+<y,y>)^-1, transcribed as star-of-mirror at Kaplansky.lean:324-326: inv1p (inner B (y i) (y i)) * inner B y0 (y0 - y i) * inv1p (inner B y0 y0). Still false -- omega_0(A_2') = 1/6 for every n on the counterexample -- and deliberately kept sorry.|repaired: as the previous row - inv1p<y_a,y_a> * inner B y (y - y_a) * inv1p<y,y>, the fourth summand the mirrored splitting identity needs. Still false and deliberately sorry.  WITNESS RE-RUN 2026-08-29 (asorry2 pass): `python3 scripts/kaplansky_witness.py` reproduces all 9 recorded values exactly over Q and exits 0, and its four expressions were read off against the four declarations character by character and match - the script builds them from P = inner y0 y0 and Q = inner yn yn in the same factor order as the Lean statements and with the same mirrored inner product, so the printed values are values of OUR transcriptions and not only of the thesis's terms, and the splitting check 4 times the sum equals 1 over 9 ties them together and would fail if any one were mis-transcribed. BUT THE RE-RUN ALSO OVERTURNED ONE ROW: the fourth value is omega_0(A_2) = 0, which this file and the Kaplansky.lean header read as 'this one functional does not see A_2'. It is not a blind spot - A_2 is TRUE, and `kaplansky_hilbmod_A_2` was PROVED on 2026-08-29 (see the 158V.3 row). Only THREE of the four estimates are false. Nothing in the tree cites any of the four outside their own declarations, so no proved result rested on them either way. This row (A_2') is unaffected and is the one the A_2 finding sharpens: omega_0(A_2') = 1/6 for every n precisely BECAUSE the varying resolvent multiplies the small vector here, where in A_2 it multiplies the bounded one. The sorry stands at Kaplansky.lean:420.
158II|kaplansky_hilbmod_of_weak|B/Dils/Kaplansky|ok|route|Not a thesis statement: the sound part of a REPLACEMENT proof for 158II, reducing seminorm approximation to weak approximation by a Mazur-style variational argument on the convex set D meet the ball of radius N(x). The thesis's route (158V) is dead, so proof = route by construction. Deliberately hypothesis-light: no von Neumann algebra, no completeness, no closedness of A, no density of D.|left-thesis. THE GROUND, re-derived 2026-08-29: the printed proof of 158II (dils.tex:4143-4152, proved at 158III-158V) runs through 158V, which is FALSE as printed. ERRATA.md carries two rows for it: line 134, '158V kaplansky-hilbmod', the ultranorm-continuity step - h is not ultranorm continuous, not even on norm-bounded sets, counterexample in B(l2) with X = B over itself, y = ketbra of e1 and e2 and y_n = ketbra of e1 + e_n and e2 in the tree's mirrored convention; and line 135, '158V kaplansky-splitting', the displayed identity off by a factor 4. `python3 scripts/kaplansky_witness.py` was run today and reproduces all 9 recorded values of that counterexample exactly, in rational arithmetic. CORRECTED 2026-08-29: only THREE of the four estimates are false. `kaplansky_hilbmod_A1` (Kaplansky.lean:300, sorry at :306), A1' (:315, :322) and A2' (:415, :420) are private, deliberately not closable and still sorry; `kaplansky_hilbmod_A2` (:360) is PROVED as of 2026-08-29 - the witness gives it the value 0, which is not a blind spot of that one functional but the truth, and the thesis's own Cauchy-Schwarz argument closes it (see the 158V.3 row). All four are referenced NOWHERE outside their own declarations, so nothing in this file depended on them either way. So the divergence is not ours to close and no route exists to return to. This declaration is the sound part of the replacement: `kaplansky_hilbmod_of_weak` (Kaplansky.lean:826) reduces seminorm approximation to weak approximation by a Mazur-style variational argument on the intersection of D with the ball of radius N(x). It is not a thesis statement, so proof = route by construction, and it is deliberately hypothesis-light: no von Neumann algebra, no completeness, no closedness of A, no density of D. PHRASING CORRECTED 2026-08-29: this field used to phrase the ground with the hyphenated LEFT-under-...-2 formula, which the verdict table matches by prefix and reads as the costed-machinery ground - the opposite of what the row says. The ground is and was the defect in the printed proof.  RE-DERIVED INDEPENDENTLY 2026-08-29 (route pass) and THE GROUND SURVIVES IN FULL. dils.tex:4143-4152 is 158II and its printed proof runs through 158V. ERRATA.md lines 134 and 135 are the two 158V rows, both OPEN, and line 134 already carries the 2026-08-29 correction about A_2. python3 scripts/kaplansky_witness.py was run again today: "9 of 9 recorded values reproduce exactly", in rational arithmetic. The four estimates are where the field says they are - kaplansky_hilbmod_A_1 at Kaplansky.lean:300 with its sorry at :306, A_1' at :315 with :322, A_2 at :360 with NO sorry, A_2' at :415 with :420 - so exactly three sorries in the file and A_2 proved, as recorded. There is no printed route to return to and nothing here is ours to build. left-thesis stands. Line references in this field have drifted by four since it was written; the declaration named on this row is at Kaplansky.lean:830.
158II|kaplansky_weak_of_commutative|B/Dils/Kaplansky|ok|route|Not a thesis statement: the weak bounded approximation the previous row needs, established one-shot for commutative B. A step in our replacement proof.|left-thesis. THE GROUND, re-derived 2026-08-29: the printed proof of 158II (dils.tex:4143-4152, proved at 158III-158V) runs through 158V, which is FALSE as printed. ERRATA.md carries two rows for it: line 134, '158V kaplansky-hilbmod', the ultranorm-continuity step - h is not ultranorm continuous, not even on norm-bounded sets, counterexample in B(l2) with X = B over itself, y = ketbra of e1 and e2 and y_n = ketbra of e1 + e_n and e2 in the tree's mirrored convention; and line 135, '158V kaplansky-splitting', the displayed identity off by a factor 4. `python3 scripts/kaplansky_witness.py` was run today and reproduces all 9 recorded values of that counterexample exactly, in rational arithmetic. CORRECTED 2026-08-29: only THREE of the four estimates are false. `kaplansky_hilbmod_A1` (Kaplansky.lean:300, sorry at :306), A1' (:315, :322) and A2' (:415, :420) are private, deliberately not closable and still sorry; `kaplansky_hilbmod_A2` (:360) is PROVED as of 2026-08-29 - the witness gives it the value 0, which is not a blind spot of that one functional but the truth, and the thesis's own Cauchy-Schwarz argument closes it (see the 158V.3 row). All four are referenced NOWHERE outside their own declarations, so nothing in this file depended on them either way. So the divergence is not ours to close and no route exists to return to. This declaration is a step in that replacement: `kaplansky_weak_of_commutative` (private, Kaplansky.lean:1047) establishes the weak bounded approximation the previous row consumes, one-shot for commutative B, where the mirror obstruction recorded in PROVING-LOG vanishes. Not a thesis statement, so proof = route by construction. PHRASING CORRECTED 2026-08-29: this field used to phrase the ground with the hyphenated LEFT-under-...-2 formula, which the verdict table matches by prefix and reads as the costed-machinery ground - the opposite of what the row says. The ground is and was the defect in the printed proof.  RE-DERIVED INDEPENDENTLY 2026-08-29 (route pass) and THE GROUND SURVIVES IN FULL. dils.tex:4143-4152 is 158II and its printed proof runs through 158V. ERRATA.md lines 134 and 135 are the two 158V rows, both OPEN, and line 134 already carries the 2026-08-29 correction about A_2. python3 scripts/kaplansky_witness.py was run again today: "9 of 9 recorded values reproduce exactly", in rational arithmetic. The four estimates are where the field says they are - kaplansky_hilbmod_A_1 at Kaplansky.lean:300 with its sorry at :306, A_1' at :315 with :322, A_2 at :360 with NO sorry, A_2' at :415 with :420 - so exactly three sorries in the file and A_2 proved, as recorded. There is no printed route to return to and nothing here is ours to build. left-thesis stands. Line references in this field have drifted by four since it was written; the declaration named on this row is at Kaplansky.lean:1051.
158II|kaplansky_hilbmod_of_commutative|B/Dils/Kaplansky|ok|route|COVERED (2026-08-27 stmt-class pass): the point IS fully stated in the tree; the status field says which declaration carries which clause. The original finding, taken against the named declaration alone, follows. 158II with the extra hypothesis that B is COMMUTATIVE, which the thesis does not have. Kept in the tree as an independent route. The audit flagged its doc as stale ('the general (noncommutative) case remains open - see kaplansky_hilbmod'); VERIFIED FIXED session 95 - the doc now reads 'the commutativity hypothesis is not 158II's: 158II is unconditional, and it is proved unconditionally below as kaplansky_hilbmod ... This declaration is kept as an independent second route to the commutative case, not because the general case is open.' Not a thesis statement, so route stands.|left-thesis. THE GROUND, re-derived 2026-08-29: the printed proof of 158II (dils.tex:4143-4152, proved at 158III-158V) runs through 158V, which is FALSE as printed. ERRATA.md carries two rows for it: line 134, '158V kaplansky-hilbmod', the ultranorm-continuity step - h is not ultranorm continuous, not even on norm-bounded sets, counterexample in B(l2) with X = B over itself, y = ketbra of e1 and e2 and y_n = ketbra of e1 + e_n and e2 in the tree's mirrored convention; and line 135, '158V kaplansky-splitting', the displayed identity off by a factor 4. `python3 scripts/kaplansky_witness.py` was run today and reproduces all 9 recorded values of that counterexample exactly, in rational arithmetic. CORRECTED 2026-08-29: only THREE of the four estimates are false. `kaplansky_hilbmod_A1` (Kaplansky.lean:300, sorry at :306), A1' (:315, :322) and A2' (:415, :420) are private, deliberately not closable and still sorry; `kaplansky_hilbmod_A2` (:360) is PROVED as of 2026-08-29 - the witness gives it the value 0, which is not a blind spot of that one functional but the truth, and the thesis's own Cauchy-Schwarz argument closes it (see the 158V.3 row). All four are referenced NOWHERE outside their own declarations, so nothing in this file depended on them either way. So the divergence is not ours to close and no route exists to return to. This declaration is 158II with the extra hypothesis that B is COMMUTATIVE, which the thesis does not have, kept in the tree as an independent second route: `kaplansky_hilbmod_of_commutative` (Kaplansky.lean:1268), by `kaplansky_weak_of_commutative` upgraded through `kaplansky_hilbmod_of_weak`. SETTLED EARLIER AND NOT THE LIVE VERDICT: the audit once flagged this declaration's doc as claiming that 'the general (noncommutative) case remains open'; the doc was corrected in session 95 and now reads that 158II is unconditional and is proved unconditionally below as `kaplansky_hilbmod`, this declaration being kept as an independent second route to the commutative case. Verified in the source today at Kaplansky.lean:1168-1185. The statement class was moved weaker -> ok on 2026-08-27 under the `stmt` convention of docs/STATEMENT-AUDIT.md: 158II is stated in the tree unconditionally by `kaplansky_hilbmod` (:1983), which has its own row in this file (row 112), so lean_name is left alone. Re-checked against dils.tex:4143-4152 today: that declaration carries the point's hypotheses exactly - a closed StarSubalgebra, a submodule containing 0 and closed under + and the action, inner products in A, ultranorm density - with no commutativity and no self-duality. PHRASING CORRECTED 2026-08-29: this field used to open with the doc fix and then phrase the ground with the hyphenated LEFT-under-...-2 formula, so it read back as a closed row under one reading and as a costed one under another. It is neither.  RE-DERIVED INDEPENDENTLY 2026-08-29 (route pass) and THE GROUND SURVIVES IN FULL. dils.tex:4143-4152 is 158II and its printed proof runs through 158V. ERRATA.md lines 134 and 135 are the two 158V rows, both OPEN, and line 134 already carries the 2026-08-29 correction about A_2. python3 scripts/kaplansky_witness.py was run again today: "9 of 9 recorded values reproduce exactly", in rational arithmetic. The four estimates are where the field says they are - kaplansky_hilbmod_A_1 at Kaplansky.lean:300 with its sorry at :306, A_1' at :315 with :322, A_2 at :360 with NO sorry, A_2' at :415 with :420 - so exactly three sorries in the file and A_2 proved, as recorded. There is no printed route to return to and nothing here is ours to build. left-thesis stands. Line references in this field have drifted by four since it was written; the declaration named on this row is at Kaplansky.lean:1272.
141III|selfDual_lk|B/Dils/Kaplansky|ok|none|The clause of 141III's Examples list that says "if X and Y are self dual, then so is X (+) Y", taken at Y = B, which is itself self dual over itself by the second clause of the same list. 141III is an Examples point and proves nothing, so there is no argument to match; Lean supplies one.
158II|kaplansky_hilbmod_of_selfDual|B/Dils/Kaplansky|ok|route|COVERED (2026-08-27 stmt-class pass): the point IS fully stated in the tree; the status field says which declaration carries which clause. The original finding, taken against the named declaration alone, follows. 158II with the extra hypothesis that X is SELF DUAL. That is the case the linking-algebra route handles directly (B^a(X (+) B) needs X (+) B self dual, 152X); the general case is reduced to it in the next row by the self-dual completion. The proof cannot be the thesis's, 158V being false.|left-thesis. THE GROUND, re-derived 2026-08-29: the printed proof of 158II (dils.tex:4143-4152, proved at 158III-158V) runs through 158V, which is FALSE as printed. ERRATA.md carries two rows for it: line 134, '158V kaplansky-hilbmod', the ultranorm-continuity step - h is not ultranorm continuous, not even on norm-bounded sets, counterexample in B(l2) with X = B over itself, y = ketbra of e1 and e2 and y_n = ketbra of e1 + e_n and e2 in the tree's mirrored convention; and line 135, '158V kaplansky-splitting', the displayed identity off by a factor 4. `python3 scripts/kaplansky_witness.py` was run today and reproduces all 9 recorded values of that counterexample exactly, in rational arithmetic. CORRECTED 2026-08-29: only THREE of the four estimates are false. `kaplansky_hilbmod_A1` (Kaplansky.lean:300, sorry at :306), A1' (:315, :322) and A2' (:415, :420) are private, deliberately not closable and still sorry; `kaplansky_hilbmod_A2` (:360) is PROVED as of 2026-08-29 - the witness gives it the value 0, which is not a blind spot of that one functional but the truth, and the thesis's own Cauchy-Schwarz argument closes it (see the 158V.3 row). All four are referenced NOWHERE outside their own declarations, so nothing in this file depended on them either way. So the divergence is not ours to close and no route exists to return to. This declaration is 158II with the extra hypothesis that X is SELF DUAL: `kaplansky_hilbmod_of_selfDual` (Kaplansky.lean:1813). That is the case the linking-algebra route handles directly - B^a(X (+) B) needs X (+) B self dual, 152X - and the general case is reduced TO it by `kaplansky_hilbmod` (:1983) along the self-dual completion 150II, not the other way round. Both docs say so; verified in the source today at :1725-1730. SETTLED EARLIER AND NOT THE LIVE VERDICT: the statement class was moved weaker -> ok on 2026-08-27, because 158II unconditional is `kaplansky_hilbmod`, row 112 of this file, so lean_name is left alone. PHRASING CORRECTED 2026-08-29: this field used to open with that statement-side settlement and then phrase the ground with the hyphenated LEFT-under-...-2 formula, so it read back as a closed row under one reading and as a costed one under another. It is neither.  RE-DERIVED INDEPENDENTLY 2026-08-29 (route pass) and THE GROUND SURVIVES IN FULL. dils.tex:4143-4152 is 158II and its printed proof runs through 158V. ERRATA.md lines 134 and 135 are the two 158V rows, both OPEN, and line 134 already carries the 2026-08-29 correction about A_2. python3 scripts/kaplansky_witness.py was run again today: "9 of 9 recorded values reproduce exactly", in rational arithmetic. The four estimates are where the field says they are - kaplansky_hilbmod_A_1 at Kaplansky.lean:300 with its sorry at :306, A_1' at :315 with :322, A_2 at :360 with NO sorry, A_2' at :415 with :420 - so exactly three sorries in the file and A_2 proved, as recorded. There is no printed route to return to and nothing here is ours to build. left-thesis stands. Line references in this field have drifted by four since it was written; the declaration named on this row is at Kaplansky.lean:1817.
158II|kaplansky_hilbmod|B/Dils/Kaplansky|ok|route|158II exactly: X a Hilbert B-module over a von Neumann algebra with an ultranorm-dense A-submodule D, A a C*-subalgebra with <y,y> in A for every y in D; every x in X is the ultranorm limit of a net in D norm-bounded by N(x), in this file's entourage phrasing. [VonNeumannAlgebra B] and [CompleteSpace X] both present, the latter being what "Hilbert B-module" means; hA : IsClosed is what turns a StarSubalgebra into a C*-subalgebra, and hD0 is part of "submodule". PROOF = ROUTE BY NECESSITY: the printed proof (158III-158V) runs through 158V, which is FALSE (ERRATA, and the four sorried estimates above are the record); this proof uses the linking algebra with the corner embedding, whose ultrastrong seminorms are exactly the ultranorm seminorms of X, plus thesis A's 74IV and the self-dual completion 150II. 158III and 158IV are not needed and are not converted.|left-thesis, AND LOAD-BEARING. THE GROUND, re-derived 2026-08-29: the printed proof of 158II (dils.tex:4143-4152, proved at 158III-158V) runs through 158V, which is FALSE as printed. ERRATA.md carries two rows for it: line 134, '158V kaplansky-hilbmod', the ultranorm-continuity step - h is not ultranorm continuous, not even on norm-bounded sets, counterexample in B(l2) with X = B over itself, y = ketbra of e1 and e2 and y_n = ketbra of e1 + e_n and e2 in the tree's mirrored convention; and line 135, '158V kaplansky-splitting', the displayed identity off by a factor 4. `python3 scripts/kaplansky_witness.py` was run today and reproduces all 9 recorded values of that counterexample exactly, in rational arithmetic. CORRECTED 2026-08-29: only THREE of the four estimates are false. `kaplansky_hilbmod_A1` (Kaplansky.lean:300, sorry at :306), A1' (:315, :322) and A2' (:415, :420) are private, deliberately not closable and still sorry; `kaplansky_hilbmod_A2` (:360) is PROVED as of 2026-08-29 - the witness gives it the value 0, which is not a blind spot of that one functional but the truth, and the thesis's own Cauchy-Schwarz argument closes it (see the 158V.3 row). All four are referenced NOWHERE outside their own declarations, so nothing in this file depended on them either way. So the divergence is not ours to close and no route exists to return to. This declaration is 158II exactly: `kaplansky_hilbmod` (Kaplansky.lean:2065) - X a Hilbert B-module over a von Neumann algebra with an ultranorm-dense A-submodule D, A a C*-subalgebra with <y,y> in A for every y in D; every x in X is the ultranorm limit of a net in D norm-bounded by N(x), in this file's entourage phrasing. [VonNeumannAlgebra B] and [CompleteSpace X] are both present, the latter being what 'Hilbert B-module' means; hA : IsClosed is what turns a StarSubalgebra into a C*-subalgebra; hD0 is part of 'submodule'. Re-read against dils.tex:4143-4152 today and it matches clause for clause. PROOF = ROUTE BY NECESSITY: this proof uses the linking algebra with the corner embedding, whose ultrastrong seminorms are exactly the ultranorm seminorms of X, plus thesis A's 74IV and the self-dual completion 150II (`dils_completion`, used at :1995). 158III and 158IV are not needed and are not converted. NOT A DEAD LIMB, settled and not a second verdict: until 2026-08-26 this declaration had zero consumers tree-wide, because 166IV - its only use in dils.tex, at 166V - had taken another route. 166IV `exttensor_dense_subsets` is now on 166V and consumes it twice, SelfDual.lean:9768 and :9775. PHRASING CORRECTED 2026-08-29: this field used to phrase the ground with the hyphenated LEFT-under-...-2 formula, which the verdict table matches by prefix and reads as the costed-machinery ground - the opposite of what the row says.  RE-DERIVED INDEPENDENTLY 2026-08-29 (route pass) and THE GROUND SURVIVES IN FULL. dils.tex:4143-4152 is 158II and its printed proof runs through 158V. ERRATA.md lines 134 and 135 are the two 158V rows, both OPEN, and line 134 already carries the 2026-08-29 correction about A_2. python3 scripts/kaplansky_witness.py was run again today: "9 of 9 recorded values reproduce exactly", in rational arithmetic. The four estimates are where the field says they are - kaplansky_hilbmod_A_1 at Kaplansky.lean:300 with its sorry at :306, A_1' at :315 with :322, A_2 at :360 with NO sorry, A_2' at :415 with :420 - so exactly three sorries in the file and A_2 proved, as recorded. There is no printed route to return to and nothing here is ours to build. left-thesis stands. Line references in this field have drifted by four since it was written; the declaration named on this row is at Kaplansky.lean:2069.
