DISP|lean_name|module|stmt|proof|note|status
168I|(not converted)|B/Dils/Pure|ok|none|Header note: 168I-168IV (introduction; the two rejected notions of purity; the polar-decomposition motivation) are prose and are declared "nothing to formalize". Correct: the only mathematical content is 168III's two justifications, and both are converted elsewhere in this very file - "every nmiu-map is extreme among unital ncp-maps" as 172VIII nmiu_ncp_extreme, and "every ncp-map is a composition of two extreme maps" as 172XII ncp_extreme_comp.
94II.5|cornerSet.instCStarAlgebra|B/Dils/Pure|ok|faithful|proc.tex 94II part 5 (corner-vna-basic): pAp with the operations, involution and norm of A and with p as unit is a C*-algebra. The corner is the subtype {a // p*a*p = a}, which is 94II.1's first characterisation; the projection hypothesis is carried as [Fact (IsStarProjection p)] and the file header explains why it is not decoration (without idempotence the set is not closed under multiplication). Parts 1 (the second iff, ceil_r a cup ceil_l a <= e), 2, 3, 4 are in the file as untagged lemmas (val_mul, mul_left/mul_right, isClosed_setOf); part 1's ceiling characterisation is nowhere.
94II.5|cornerSet.instPartialOrder|B/Dils/Pure|ok|none|The order of pAp defined as the lift of A's along Subtype.val. Not a separate clause of 94II - part 5 gives the C*-structure and part 6 speaks of "self-adjoint elements of eAe" ordered as in A - so this is a definitional choice, made explicit and then justified by the next row.
94II.5|cornerSet.instStarOrderedRing|B/Dils/Pure|ok|faithful|That the inherited order IS the star-order of the C*-algebra pAp. The thesis does not state this separately (it is implicit in part 5 plus part 6); the substance is that sqrt a stays in the corner, which is cornerSet.sqrt_mem. Legitimate and needed: without it "the supremum in pAp" of part 6 would be about a different order.
94II.6|cornerSet.isLUB_mem|B/Dils/Pure|ok|faithful|Part 6, first half: the supremum in A of a nonempty directed bounded set of self-adjoint elements of the corner lies in the corner. Proof is the hint's: p(.)p is normal (44VIII ad_normal) and fixes the set, so it fixes the supremum.
94II.6|cornerSet.saMap_isLUB|B/Dils/Pure|ok|faithful|Part 6, second half: that supremum is the supremum in pAp. Stated in the transported direction (an IsLUB in sa(pAp) maps to an IsLUB in sa(A)), which together with isLUB_mem is the point. Boundedness is supplied by the LUB itself rather than assumed, as in the text.
94II.8|cornerSet.restrictNP|B/Dils/Pure|ok|none|Part 8, first half: the restriction of an np-functional on A to pAp is an np-functional. Normality is exactly saMap_isLUB. Part 7 (the inclusion is an ncp-SU-map) is rendered later as cornerInclNcp, but only as an ncp-map - subunitality of the inclusion is stated nowhere.|repaired sample 2026-09-05: 94II is an Exercise with no proof block and no solution; clause 8 prints only "Deduce from this".
94II.8|cornerSet_vonNeumannAlgebra|B/Dils/Pure|ok|faithful|Part 8's conclusion: pAp is a von Neumann algebra when A is. Directed suprema from part 6, faithfulness of the np-functionals from the restrictions of A's, which already separate - the thesis's own two ingredients. Parts 9 (the projection is ncpu; here cornerLin/cornerNcp, tagged 34V/44VIII instead) and 10 (every np-map on eAe is a restriction; the ultraweak and ultrastrong topologies agree) are not converted anywhere.
56VI|fact_isStarProjection_floor|B/Dils/Pure|ok|faithful|Instance wrapper: floor b is a projection (56VI), junk value 0 off the effects. Substantive case is floor_spec (A/VN, faithful to 56VI); junk value via IsStarProjection.zero is Lean plumbing.|repaired 2026-09-04, faithful 2026-09-04 w3 mathlib-row re-derivation: the content -- floor b is a projection -- is 56VI, discharged by floor_spec (A/VN's faithful transcription); this wrapper only adds the off-domain junk value 0. Follows the thesis via our own lemma, so faithful not mathlib.
56I|fact_isStarProjection_ceil|B/Dils/Pure|ok|faithful|Instance wrapper: ceil b is a projection (56I/59I), junk value 0 off the positive cone. Substantive case is ceil_spec (A/VN, faithful); junk value via IsStarProjection.zero is Lean plumbing.|repaired 2026-09-04, faithful 2026-09-04 w3 mathlib-row re-derivation: the content -- ceil b is a projection -- is 56I/59I, discharged by ceil_spec (A/VN); this wrapper only adds the off-cone junk value 0. Follows the thesis via our own lemma, so faithful not mathlib.
68III|fact_isStarProjection_cceil|B/Dils/Pure|ok|faithful|Instance wrapper: cceil b is a projection (68III). Content from cceil_isLeast in A/VN (faithful); the central support is by definition the least central projection absorbing b.|repaired 2026-09-04, faithful 2026-09-04 w3 mathlib-row re-derivation: the content -- cceil b is a projection -- is 68III, discharged by cceil_isLeast (A/VN). Follows the thesis via our own lemma, so faithful not mathlib.
169II|IsCornerFor|B/Dils/Pure|stronger|none|Definition dils-corner. Two widenings, both away from the chapter's standing setting. (i) The test object C is quantified over C*-algebras with PartialOrder+StarOrderedRing, where 169II's ncp-maps go between VON NEUMANN algebras; more test maps f means a harder universal property, so IsCornerFor is a strictly stronger predicate than the printed one. (ii) A and B themselves carry no [VonNeumannAlgebra] binder. The doc comment at 169IV admits (i) in so many words ("a stronger statement, since the universal property has to hold against more maps f"). Everything else matches clause for clause: a in [0,1]_A, h a = h 1, and a UNIQUE ncp f' with f = f' after h. NB the whole of QUESTIONS D7 says this definition is the wrong one (both f and f' should be subunital); no ruling yet, so it is audited as printed. The widening is now an open author question: docs/DECISIONS.md section 3.8.|left-benign: the widened test class (C ranges over C*-algebras where 169II's ncp-maps go between von Neumann algebras) makes IsCornerFor a strictly stronger predicate, and it is proved in that stronger form at every site that concludes it (169IV, 169V, 169VI, 170IV.1). Caveat, unchanged: QUESTIONS D7 is OPEN and says 169II's definition is wrong in a different way - both f and f' should be subunital - so the definition may yet change.
169II|IsCorner|B/Dils/Pure|stronger|none|"A corner is an ncp-map which is a corner for some effect" - matches 169II, inheriting IsCornerFor's two widenings. The widening is now an open author question: docs/DECISIONS.md section 3.8.|left-benign: inherits IsCornerFor's widened test class and missing binders; same open-D7 caveat.
169IV|ncp_eq_zero_ceil|B/Dils/Pure|ok|route|Private, the one real step of 169IV: an ncp-map killing an effect b kills ceil b. Divergence class 2 and forced, as the doc says: proc.tex 95III closes this with 60V ncp_ceil (ceilings computed in the TARGET), which is unavailable because our test object need not be a von Neumann algebra; instead ceil b = sup_n b^(1/2^n) (56I vna_ceil_sup) plus Kadison's inequality (34XIV) via the private ncp_eq_zero_sqrt.|left-forced, re-derived 2026-09-03 from proc.tex 95II-95III, dils.tex and the tree; the earlier text is confirmed and cut to its ground. The step is the printed one: proc.tex:329-336 (prop-corner) closes f(floor(p)^perp) = 0 by ceil(f(ceil(p^perp))) = ceil(f(p^perp)) = 0, i.e. 60V ncp_ceil (Theses/A/VN/Projections.lean:2900), which computes a ceiling in the TARGET and so carries [VonNeumannAlgebra] on it. Our IsCornerFor (Pure.lean:699) quantifies its test algebra over C*-algebras, and ncp_eq_zero_ceil (Pure.lean:820) is stated in that widened setting - [VonNeumannAlgebra A] on the source, C a bare CStarAlgebra from the section variables at Pure.lean:801 - so the printed tool cannot be applied. 61II ncp_ceill (Projections.lean:3285) computes in the target too and does not help. The substitute is the thesis's own construction of the ceiling, 56I vna_ceil_sup (Projections.lean:906), with Kadison 34XIV through the private ncp_eq_zero_sqrt (Pure.lean:806): same fact, no mathematics changed, nothing missing from the tree. Narrowing IsCornerFor's test class would restore the printed step and is the open author item docs/DECISIONS.md 3.8 - a statement change, out of scope here.
34V|cornerLin_cp|B/Dils/Pure|ok|faithful|Private: complete positivity of b -> pbp into the corner, from 34V.1 ad_cp. This is proc.tex 94II part 9 / 95III's "pi is ncp by ad-ncp", carrying no 94II label.
44VIII|cornerLin_normal|B/Dils/Pure|ok|faithful|Private: normality of b -> pbp read in the corner, from 44VIII ad_normal plus the fact that the corner's order is inherited. Again 94II part 9, unlabelled as such.
34IV|cornerInclNcp|B/Dils/Pure|ok|faithful|Private: the inclusion pAp -> A as an ncp-map (the zeta of proc.tex 95III). Complete positivity by 34IV.3 cp_of_mi; normality by cornerSet.val_normal, which needs no centrality. 94II part 7 asks for ncpSU; subunitality is not stated, and is not needed here.
169IV|standard_corner_dils|B/Dils/Pure|stronger|route|Example standard-corner-dils: h_a : A -> floor(a) A floor(a), b -> floor(a) b floor(a), is a corner of a in [0,1]_A. Rendered as existence plus the defining formula, which pins the map. Stronger only through IsCornerFor's widened test class (see the 169II row); with A a von Neumann algebra, as here. Proof is proc.tex 95III's, with the two deviations the doc records: 60V ncp_ceil replaced by vna_ceil_sup + Kadison (forced by the widening), and zeta's normality taken from cornerSet.val_normal rather than from ad-ncp. Everything else - h(a)=h(1) as floor(a) a floor(a) = floor(a), uniqueness from surjectivity, existence as f after zeta via 63IV cp_comprehension - is the source's.|left-forced, re-derived 2026-09-03 from dils.tex:6088 (standard-corner-dils), its proof proc.tex 95II-95III (proc.tex:288-337) and the tree. standard_corner_dils (Pure.lean:964) carries [VonNeumannAlgebra A], so the setting matches. The proof is the printed one step for step - h(a) = h(1) as floor(a) a floor(a) = floor(a), uniqueness from surjectivity of h_p, existence as f after zeta via 63IV cp_comprehension - with exactly two deviations, both forced by the single strengthening that IsCornerFor (Pure.lean:699) quantifies its test algebra over C*-algebras where dils.tex:6068 quantifies over von Neumann algebras. (i) The last step cannot use 60V ncp_ceil (Projections.lean:2900), a ceiling in the target; it goes through ncp_eq_zero_ceil (Pure.lean:820), whose row above carries the same ground. (ii) zeta's normality comes from cornerSet.val_normal rather than from ad-ncp, the corner's suprema being those of A. Neither changes any mathematics. The widening is harmless here because the predicate is CONCLUDED, not assumed; docs/DECISIONS.md 3.8 lists 169IV among the rows that correctly prove the stronger form.
159III|pdil_mketbraBa_star|B/Dils/Pure|ok|faithful|Private: ketbra(x,y)* = ketbra(y,x) as an identity of algebra elements, the form 169VI's "straightforward computations (using hilbmodketbrarules)" consume. 159III is transcribed proper in SelfDual.lean.
169VI|pdil_theta|B/Dils/Pure|ok|none|Definition of the thesis's vartheta : B -> q P q, b -> ketbra(e.b, e) with e = 1 tensor 1, mirrored to ketbra(b SMUL e, e) in this file's convention. Departure, admitted in the section doc: pdil_theta is typed into the whole of P, and the corestriction to qPq and its inverse qTq -> h(qTq) are not top-level definitions - but they ARE formed, inside pdil_theta_normal, which is where 169VI uses them, so the miu-ISOMORPHISM is on record.|left-by-choice: pdil_theta is typed into the whole of P rather than into q P q, deliberately and on the record. Re-derived 2026-08-29: pdil_theta is B/Dils/Pure.lean:1128, a private def into (Ba B M.X)-mop; the corestriction to the corner and its inverse are formed inside pdil_theta_normal, at Pure.lean:1230-1245, which is where 169VI uses them, so the miu-ISOMORPHISM is on record. The section doc says so in as many words at Pure.lean:1017-1020, 'the corestriction is formed inside that proof rather than as a definition'. What is left is the choice to leave the two maps unnamed at top level. EARLIER RECORD, kept: the field opened with 'NOTE CORRECTED', which reads back as the category `note`; the correction it records stands, the departure being smaller than first written.
169VI|pdil_isCornerFor|B/Dils/Pure|stronger|faithful|Private: for the STANDARD Paschke dilation of a unital map, h is a corner for q = ketbra(e,e). This is what 169VI proves, and since 2026-09-04 the proof runs the printed route to the end. e = 1 (x) 1; q = theta(1) is a projection because <e,e> = phi(1) = 1; h after theta = id (pdil_h_theta) and theta after h = q(.)q (pdil_theta_h); those two identities are exactly the thesis's corestriction Phi : B iso qPq with inverse qTq -> h(qTq), an miu-ISOMORPHISM, 'and thus also normal' (starAlgEquiv_preservesDirSups); q(.)q is the standard corner h_q of 169IV standard_corner_dils, floor q = q for a projection; and h = Phi^{-1} after h_q inherits the universal property along Phi (isCornerFor_of_ncpIso). Stronger via IsCornerFor's widened test class.|repaired 2026-09-04: the shortcut is put back onto the printed step. The old proof read the two identities straight into IsCornerFor, applying 63IV cp_comprehension here, where dils.tex:6117 writes h = theta^{-1}(q(.)q) and concludes 'so h is indeed a corner (of q)' by transporting the standard corner along the isomorphism; that inlined 169IV instead of using it, and the declaration's doc said so. Now 169IV standard_corner_dils is called at q (floor q = q by Theses.A.Proc.floor_of_isStarProjection), the corestriction Phi is built from pdil_h_theta and pdil_theta_h, and isCornerFor_of_ncpIso - moved up the file, otherwise unchanged - carries the universal property across. Five private declarations whose only role was the old route are dropped as unreachable: pdil_theta_cp, pdil_thetaNcp, pdil_thetaNcp_apply, pdil_theta_normal, pdil_h_one; the normality the thesis states is the corestriction's, which the new proof uses, while pdil_theta_normal proved normality of theta into P through cornerSet.val_normal, encoding bookkeeping the printed argument never asks for. About +44 new lines against -52 removed. Pure.lean compiles at exit 0 with no new warnings. stmt stays stronger: IsCornerFor's test class.
169V|h_is_corner_for_unital_map|B/Dils/Pure|stronger|faithful|Lemma h-is-corner-for-unital-map: if (P,rho,h) is a Paschke dilation of a UNITAL ncp-map then h is a corner. Both [VonNeumannAlgebra] binders present (restored in session 70; they are 140II's standing hypothesis). Stronger only through IsCornerFor's widened test class. Proof is 169VI as printed: reduce to the standard dilation of 154III via 140VIII exists_paschke_iso_paschkeModule, where h is a corner for q = ketbra(e,e), then carry the corner property back along the nmiu-isomorphism.|left-benign: both [VonNeumannAlgebra] binders present; stronger only through IsCornerFor's widened test class.
169VIII|IsFilterFor|B/Dils/Pure|differs|none|Definition dils-def-filter, with the author's ruling of 2026-08-16 built in (ERRATA row 169VIII; the question was QUESTIONS B11, deleted from QUESTIONS.md the day the ruling landed, at ffd073b -- whose subject line names A5 while its diff removes A6 and B11, so read the diff): the mediating f' is required SUBUNITAL, where dils.tex asks only for an ncp-map. Audited against the corrected form, as the brief directs, and the correction is right - under the printed reading c = (1/2).id is a filter for b = 1 and 169XI.2a is false. Second, independent departure, re-checked 2026-08-27 against QUESTIONS D7, the ruling that closed B11, and DECISIONS 1.1 and 2.1 and covered by NONE of them (2.1's standing authorisation is expressly limited to changes that bring a statement CLOSER to the printed one, and this goes beyond it), now filed as DECISIONS 3.8: the test object C is quantified over C*-algebras rather than von Neumann algebras, and A, B carry no [VonNeumannAlgebra] binder. c(1) <= b is kept, as the ruling says. The widening is now an open author question: docs/DECISIONS.md section 3.8.|left-thesis: ERRATA row "169VIII" - as printed the Definition makes 169XI.2a false (c' = (1/2).id is then a filter for 1), and the author ruled on 2026-08-16 (QUESTIONS B11, deleted from QUESTIONS.md at ffd073b when the ruling landed) that the mediating f' be subunital, with c(1) <= b kept. That ruling is what is rendered. The second departure, the widened test class, is a benign generalisation.
169VIII|IsFilter|B/Dils/Pure|differs|none|"A filter is an ncp-map which is a filter for some positive element" - matches 169VIII, inheriting IsFilterFor's repair and its widened test class. The widening is now an open author question: docs/DECISIONS.md section 3.8.|left-thesis: inherits IsFilterFor's ruled correction (ERRATA "169VIII"; the question was QUESTIONS B11, ruled 2026-08-16 and deleted from QUESTIONS.md that day at ffd073b) and its benign widening.
96III|sfilter_cp_uwlim|B/Dils/Pure|stronger|faithful|Private re-derivation of proc.tex 96III.1 ncp-uwlim (a pointwise ultraweak limit of completely positive maps is completely positive), needed because Theses.A.Proc is off this import path. The doc notes it is stated without a von Neumann structure on the domain, which Theses.A.Proc.ncp_uwlim_1 asks for and never uses - so a genuine (small) generalisation.|left-benign: the von Neumann structure on the domain that Theses.A.Proc.ncp_uwlim_1 asks for is never used there, so this is a genuine small generalisation.
34V|exists_sfilterAd|B/Dils/Pure|ok|faithful|Private: x -> d* x d is an ncp-map B -> B (34V ad-cp for complete positivity, 44VIII ad-normal for normality). Provenance citation, not a transcription of either point.
169X|sfilter_approxPseudo_star|B/Dils/Pure|ok|none|Private auxiliary for proc.tex 96V: t is an approximate pseudoinverse of a iff t* is one of a*. Not a numbered point; a bookkeeping step of 96V's approximation argument. 169X itself prints no argument: the Example only cites.|repaired 2026-09-04, regraded 2026-09-04: reclassified faithful -> none. the point prints no argument -- 169X dils-stand-filter is an Example (dils.tex:2158-2165) that states the standard filter and then only cites, "See canonical-filter, dfn-standard-corner-and-filter or [westerbaan2016universal]" -- so there is nothing for faithful to match.
81II|sfilter_ldiv_div|B/Dils/Pure|ok|none|Private auxiliary for proc.tex 96V: d* \ (d* x d) / d = x for x in the corner. Provenance citation to 81II (division), not a transcription.|repaired 2026-09-05, cross-file consistency: 81II (vn.tex:5357, division-basic) is an Exercise with no hint, no Proof point and no solution; all six 81II rows in avn-division-normalfunctionals.csv are none with the note `Exercise, no thesis proof`, and this row's own note calls its 81II tag a provenance citation rather than a transcription.
81VI|sfilter_bipos|B/Dils/Pure|ok|none|Private: bipositivity of x -> d* x d on the corner, which is 81VI.2 sequential-douglas specialised through sfilter_ldiv_div.|repaired sample 2026-09-05: 81VI is an unsolved Exercise and the two-line corollary does not follow its hint.
169X|sfilter_factor|B/Dils/Pure|ok|mild|Private, the heart of 169X (proc.tex 96V): an ncp-map f with f(1) <= d*d factors as f = d* g(.) d through an ncp-map g into the corner. The author's argument is followed step for step (81VI.1 for the value, 81VI.2 for positivity, 96III.1 applied to the truncated-sum approximants for complete positivity) except for normality, which goes through bipositivity of d*(.)d on the corner rather than through div-usc (81IX). That last divergence is FORCED: sfilter_factor's domain D is a bare C*-algebra (Pure.lean:1419), because our 169VIII IsFilterFor quantifies its test object over C*-algebras where proc.tex 96I and dils.tex 169VIII quantify over von Neumann algebras, so the thesis's normality step - f ultraweakly continuous on the unit ball of its DOMAIN - has no ultraweak topology to run in. The sibling Theses.A.Proc.canonicalFilter_factor is free of this and does take the thesis's own route.|left-forced, re-derived 2026-09-04 against proc.tex 96V (proc.tex:414-465) and sfilter_factor at Pure.lean:1601. Three of the four steps are the thesis's and were re-checked: 81VI.1 for the value, 81VI.2 for positivity, 96III.1 ncp-uwlim on the truncated-sum approximants with 81VII div-approx. The fourth cannot be. The printed normality step is 'g is ultraweakly continuous on (B)_1 ... as is f by p-uwcont', which needs f ultraweakly continuous on the unit ball of its DOMAIN; the domain here is a bare C*-algebra (section binders at Pure.lean:1420 carry no [VonNeumannAlgebra]) because the only call site discharges our 169VIII IsFilterFor, which quantifies its test object over C*-algebras where proc.tex 96I opens 'let B be a von Neumann algebra'. On a bare C*-algebra there is no ultraweak topology at all, and 44XV p_uwcont and preservesDirSups_of_continuousOn_effects both carry [VonNeumannAlgebra] there. Ours pushes the directed supremum through f.preservesDirSups' and bipositivity of d*(.)d on the corner instead (Pure.lean:1826-1852). Putting the shortcut back means weakening IsFilterFor, i.e. a statement change. The sibling Theses.A.Proc.canonicalFilter_factor carries [VonNeumannAlgebra] on its domain and does run the printed route.
169X|dils_stand_filter|B/Dils/Pure|stronger|none|Example dils-stand-filter: c_b : ceil(b) B ceil(b) -> B, a -> sqrt(b) a sqrt(b), is a filter of b >= 0. Rendered as existence plus the defining formula. Stronger in two ways, both benign: IsFilterFor's conclusion now includes SUBUNITALITY of the mediating map (the author's repair - and the proof does establish it, from sfilter_bipos), and the test object ranges over C*-algebras. The Example prints no argument, closing on a bare "See ..." citation; ours runs proc.tex 96V's proof through sfilter_factor, with uniqueness by mult_cancellation_3, the hint 169XII gives.|repaired 2026-09-04, regraded 2026-09-04: the point prints no argument -- 169X dils-stand-filter is an Example (dils.tex:2158-2165) whose whole justification is the bare citation "See canonical-filter, dfn-standard-corner-and-filter or [westerbaan2016universal]" -- so there is nothing for faithful to match. left-benign: both strengthenings are benign - subunitality of the mediating map is the author's ruled repair of 169VIII and the proof does establish it, and the test object ranges over C*-algebras.
169XII|dils_filters_injective|B/Dils/Pure|differs|route|Exercise dils-filters-injective: filters are injective. RECLASSIFIED stronger -> differs, 2026-08-27 stmt-class pass: the two divergences point OPPOSITE ways. Stronger half: no [VonNeumannAlgebra] binders on A or B, where the exercise's setting has them (dils.tex 169XI's 'between von Neumann algebras'), and it is proved without them. WEAKER half, not previously recorded: the hypothesis IsFilter is our WIDENED predicate -- IsFilterFor (Pure.lean:1373) quantifies its test object C over C*-algebras where 169VIII's ncp-maps go between von Neumann algebras, so a filter in the printed sense need NOT satisfy it and this statement does not imply the printed point. No declaration in the tree states injectivity for printed filters. The widening is free to undo here: the proof only ever tests the universal property at CU = ULift C (ncpOfNonneg, Pure.lean:671), itself a von Neumann algebra. Divergence class 2, admitted in the doc: the hint and bsols route through the standard filter c_b and mult-cancellation, whereas here the UNIQUENESS half of c's own universal property is tested against the ncp-maps out of the lifted scalars CU (ncpOfNonneg), then extended from effects to positives by rescaling and to all of A by the Jordan decomposition. 169X dils_stand_filter is proved in the file and IS used, at Pure.lean:1847 -- inside dils_examples_pure_2 (170II.2, declared at Pure.lean:2723), not inside dils_filter_basics_2b as an earlier correction to this row said; it is simply not used here. The widening is now an open author question: docs/DECISIONS.md section 3.8.|left-forced, RE-DERIVED 2026-09-04 in the dedicated statement-alignment pass; the earlier ground survives and the question the pass was asked -- can the test class be the printed von Neumann one NOW -- is answered NO, for a reason that is recorded here so it is not re-costed. (i) The recommended repair, docs/DECISIONS.md 3.8 option (a), is to add [VonNeumannAlgebra C] to the test-object quantifier of IsFilterFor and IsCornerFor. That NARROWS two definitions, and the ten declarations that PROVE the predicate (isFilterFor_ncpId, standard_corner_dils, pdil_isCornerFor, h_is_corner_for_unital_map, dils_stand_filter, isCorner_comp_nmiuBij, isCornerFor_comp, and in VNExamples.lean su_isQuotient_of_isFilterFor, su_isComprehension_of_isCornerFor, su_stand_corner_ceil) would each prove something WEAKER. The section 2.1 ruling authorises bringing a statement up to the print; it explicitly does not authorise weakening one, so 3.8 still needs its own ruling and stays open. (ii) The conservative alternative the brief prefers -- a sibling predicate in the printed shape plus a sibling dils_filters_injective for it, weakening nothing -- is blocked by the prerequisite 3.8 already names, and it is still there: the whole argument tests the universal property at CU = ULift C (ncpOfNonneg, Pure.lean:672), and the only VonNeumannAlgebra (ULift C) instance in the tree is instVonNeumannAlgebraCU at VNExamples.lean:753, which is DOWNSTREAM (VNExamples.lean imports Theses.B.Dils.Pure). VonNeumannAlgebra C itself is upstream (A/VN/Basic.lean:666) but is the wrong universe, and no test object other than the scalars will do, since the argument turns on a map out of an object determined by its value at 1. Reproducing the instance in Pure.lean means moving or duplicating about 45 lines of saDown/saUp/npDown machinery, and duplicating the Definition on top of that would leave the tree with two renderings of 169VIII -- which is worse for the audit than one honest open question. (iii) The other, opposite divergence is unchanged and deliberate: no [VonNeumannAlgebra] binders on A or B, where the exercise says "between von Neumann algebras". They cannot be added: dils_filters_injective is applied at Pure.lean:5030 and :5408 to a filter whose intermediate algebra is a bare C*-algebra. The printed proof through 169X dils_stand_filter would need them, since the standard filter is built on ceil(b) B ceil(b) and carries [VonNeumannAlgebra B]. Nothing false is proved and nothing is blocked; the row waits on docs/DECISIONS.md 3.8.
169XI.1|smul_norm_inv_le_one|B/Dils/Pure|ok|none|Private auxiliary: t.w <= 1 for w >= 0 and t > 0 with t.norm(w) <= 1. Not a numbered point; at t = norm(phi 1)^{-1} it is the rescaling bsols performs before its two appeals to 140X.4. Generalised from smul_norm_succ_inv_le_one (the t = (norm(w)+1)^{-1} case) on 2026-09-04, when dils_filter_basics_1 was put back on the solution's own two-case route.
169XI.1|dils_filter_basics_1|B/Dils/Pure|differs|faithful|Exercise dils-filter-basics-exercise part 1: if (P,rho,h) is a Paschke dilation of phi and c a filter, then (P,rho,c after h) is a Paschke dilation of c after phi. Statement class differs, for a mixed direction. Stronger half: no [VonNeumannAlgebra] binders on A, B or C (Pure.lean:2153), where the exercise says 'between von Neumann algebras', and proved without them. Weaker half: the hypothesis IsFilter c is our WIDENED predicate (IsFilterFor, Pure.lean:1383, quantifies its test object over C*-algebras where 169VIII quantifies over von Neumann algebras), so instantiated at the exercise's own data this statement does not fire, and no sibling states part 1 for printed filters. The PROOF is now bsols's own, in its two steps: the subunital case in dils_filter_basics_1_subunital, and the general case reduced to it by rescaling the whole dilation through 140X.4 paschke_basics_4 twice, at lambda = norm(phi 1)^{-1} and at lambda^{-1}. Also bsols's: dils-filters-injective for phi = h'' after rho' and for h after sigma' = h'', and uniqueness of sigma taken from the DILATION's universal property. The widening is an open author question: docs/DECISIONS.md section 3.8.|repaired 2026-09-04: the one recorded deviation is gone. It was the rescaling: bsols assumes phi(1) <= 1 and reduces the general case by rescaling the WHOLE dilation twice through 140X.4, where ours rescaled the competing h' alone by (norm(phi 1)+1)^{-1} and needed no case split. The proof now splits on phi(1) <= 1 exactly as bsols:1281 does, runs the subunital case with no rescaling at all (h'(1) = c(phi(1)) <= c(1) <= b), and in the other branch takes lambda = norm(phi 1)^{-1} - well defined because phi(1) not <= 1 forces phi(1) != 0, the side condition bsols also names - applies paschke_basics_4 to get a dilation of lambda.phi, applies the subunital case, and applies paschke_basics_4 again at lambda^{-1} to scale back. +74 lines for the new private lemma and about -20 in the body. Pure.lean compiles at exit 0 with no new warnings. THE DEAD-LIMB NOTE THAT USED TO SIT HERE IS WITHDRAWN: 140X.4 paschke_basics_4 now has a consumer, its only one, which is the one bsols itself uses it for. Call sites of this theorem re-checked and unchanged: dils_filter_basics_2b, paschke_pure, pure_ncp_extreme. stmt stays differs: the binder and widened-predicate mix is untouched.
169XI.1|dils_filter_basics_1_subunital|B/Dils/Pure|ok|faithful|Private, new 2026-09-04: 169XI.1 in the case bsols treats first, phi(1) <= 1. It carries the whole argument of the exercise's solution; the public dils_filter_basics_1 is this plus the rescaling reduction. With phi subunital the competing h' needs no rescaling: h'(1) = h'(rho'(1)) = c(phi(1)) <= c(1) <= b puts it inside c's universal property, giving h'' with c after h'' = h'; then phi = h'' after rho' because c is injective (169XII), the dilation's universal property gives sigma, and its uniqueness clause closes the argument. Not a numbered point of its own.|repaired 2026-09-04: faithful by construction 2026-09-04: this IS bsols.tex:1274-1300, transcribed line for line, and it carries no [VonNeumannAlgebra] binders for the same reason the public theorem does not.
169XI.2|dils_filter_basics_2a|B/Dils/Pure|weaker|faithful|Exercise part 2, first half: for a filter c' of phi(1) there is a unique unital ncp-map phi' with phi = c' after phi'. Audited against the corrected text: ERRATA records that dils.tex prints "phi = c after phi'", naming the filter of part 1, which does not typecheck; c' is meant, and that is what is rendered.  Proof is the two-liner the corrected 169VIII makes available: subunitality of the mediating psi gives phi(1) = c'(psi(1)) <= c'(1), the filter clause gives c'(1) <= phi(1), and injectivity of a filter (169XII) yields psi(1) = 1. Under the printed 169VIII this statement is FALSE - that was the whole point of QUESTIONS B11 (c' = (1/2).id is a filter for 1 under the printed reading, and phi = id on C then has no unital factorisation), which the author RULED on 2026-08-16 (mediating map subunital, c(1) <= b kept) and which was deleted from QUESTIONS.md that day at ffd073b; the correction is ERRATA "169XI.2 solution". RECLASSIFIED stronger -> weaker, 2026-08-27 stmt-class pass. The old verdict rested on "no [VonNeumannAlgebra] binders", which the session-70 repair made false: all three ([VonNeumannAlgebra A] [VonNeumannAlgebra B] [VonNeumannAlgebra C'], Pure.lean:2250) are present, so NOTHING is left pulling in the stronger direction -- while the hypothesis IsFilterFor c' (phi 1) is our WIDENED predicate (test object over C*-algebras, Pure.lean:1373, where 169VIII quantifies over von Neumann algebras). So this assumes strictly more than the ERRATA-corrected point and concludes exactly the same; no sibling states it for printed filters. Per rule 5 of STATEMENT-AUDIT this is the tree's best form of the point, and the repair is cheap and named: the proof instantiates the universal property only at C = A (Pure.lean:2260), which already carries [VonNeumannAlgebra A], so narrowing IsFilterFor's test class to von Neumann algebras -- or adding a von-Neumann-test variant -- would make this row ok without touching the argument. Costed, with dils_filter_basics_2b, dils_filters_injective and dils_filter_basics_1, at docs/DECISIONS.md section 3.8. The widening is now an open author question: docs/DECISIONS.md section 3.8.|repaired: [VonNeumannAlgebra] binders on A, B and C' are now present on dils_filter_basics_2a (Pure.lean:2240), so the statement carries the exercise's "between von Neumann algebras". The c'-for-c reading remains the ERRATA-corrected one, which is right. FWD-REF 2026-09-04 w3: proof cites dils_filters_injective (1690.120); ALLOWED -- injectivity of filters is derivable from 169X (standard filter) + mult-cancellation (part A), both before 169XI, exactly as exercise 169XII's own hint states; it is placed first in the file only for Lean dependency order. No proof change.
169XI.2|dils_filter_basics_2b|B/Dils/Pure|weaker|faithful|Exercise part 2, second half ("conclude that ..."): if (P,rho,h) is a Paschke dilation of phi' then (P,rho,c' after h) is one of phi. RECLASSIFIED stronger -> weaker, 2026-08-27 stmt-class pass, for exactly the reason given on the dils_filter_basics_2a row: the three [VonNeumannAlgebra] binders are present (Pure.lean:2290), so nothing strengthens this statement, while the hypothesis IsFilterFor c' (phi 1) is our WIDENED predicate and assumes strictly more than the corrected point. The old "No [VonNeumannAlgebra] binders" reason was made false by the session-70 repair, which the status field already recorded without regrading. The solution says "by the previous point" and that is exactly what is done - part 1 applied to c' and the dilation of phi'; unitality of phi' is carried as a hypothesis and never used, which is correct (it is only part 2's first half that needs it). The widening is now an open author question: docs/DECISIONS.md section 3.8.|repaired: [VonNeumannAlgebra] binders on A, B and C' are now present on dils_filter_basics_2b (Pure.lean:2280).
170I|IsPureMap|B/Dils/Pure|differs|none|Definition dils-def-pure. dils.tex 170I defines pure as 'filters, corners AND THEIR COMPOSITIONS'; IsPureMap (Pure.lean:2348) is the normal form 'a filter after a corner' of 168IV. The two DO now agree, and the bridge is proved in the file, sorry-free: section ProcPure (Pure.lean:2425-2660) carries isPureMap_of_procIsPure (Pure.lean:2590), every Theses.A.Proc.IsPure map between von Neumann algebras is an IsPureMap, and procIsPure_of_factorisation (Pure.lean:2610), the converse for a factorisation whose intermediate algebra is a von Neumann algebra. The reason this row used to give - that proc.tex 100III states the equivalence for four incompatible predicates, so bridging is a merge of two developments rather than a lemma - was wrong about three of the four. Re-checked declaration by declaration 2026-08-29; all four differences are still TRUE of the definitions, but only one obstructs. (a) TEST OBJECTS von Neumann there against C* here: still true (Measurement.lean:1628 and :1718 carry [VonNeumannAlgebra] on the test object; Pure.lean:699 and :1379 do not), NOT an obstruction - 169IV standard_corner_dils (Pure.lean:964) and 169X dils_stand_filter (Pure.lean:1847) prove the C*-strength universal property for the STANDARD corner and filter, and proc.tex 98IV.1 corner_unique (Measurement.lean:3810) and 98II.1 filter_unique (:3834) make every corner and every filter isomorphic to a standard one, so the strength transports across the isomorphism (isCornerFor_of_ncpIso, isFilterFor_of_ncpIso). (b) THE SUBUNITALITY REPAIR: still true, and the gloss that went with it ('ours are strictly stronger') is WRONG for filters - IsFilterFor's existence clause is the stronger and its uniqueness clause the WEAKER, ranging over NCPSUMap only, so the two predicates are incomparable rather than ordered. Both halves close: ncp-uniqueness from 169XII dils_filters_injective (Pure.lean:1923), subunitality of the mediating map from the standard filter. Not an obstruction. (c) UNITAL CORNERS: still true (Measurement.lean:1636 demands pi 1 = 1; Pure.lean:707 does not). Free in the forward direction, three lines in the converse - a non-unital corner is the standard one followed by an ncp-isomorphism, and an ncp-isomorphism is pure by proc.tex 100II. (d) [VonNeumannAlgebra] ON EVERY INTERMEDIATE ALGEBRA: true only for composites, and the one that bites. The inductive's filter (Measurement.lean:3696) and corner (:3699) constructors carry NO von Neumann binder at all; only comp (:3702) carries one, on the algebra in the middle. That is why procIsPure_of_factorisation must take [VonNeumannAlgebra C] as a hypothesis and cannot be restated as IsPureMap phi implies IsPure phi. No [VonNeumannAlgebra] binders on IsPureMap itself, unchanged. 171VII paschke_pure (Pure.lean:4402) still composes two corners by hand, deliberately: it is stated without that binder on the middle algebra, so the new corollary isPureMap_ncpComp (Pure.lean:2650) does not apply to it.|repaired 2026-08-29: the verdict that stood here, `open` with 'not costed', is withdrawn, and so is its reason. Bridging IsPureMap to Theses.A.Proc.IsPure - 170I as printed - is a LEMMA, not a merge of the two developments, and both directions are now in the tree with no sorry: isPureMap_of_procIsPure (170I implies 168IV, at von Neumann objects, no further hypotheses) and procIsPure_of_factorisation (168IV implies 170I, given [VonNeumannAlgebra] on the intermediate algebra). Six supporting declarations carry the work: procIsCornerOf_of_isCornerFor and procIsFilter_of_isFilterFor (our predicates imply proc.tex's), isCornerFor_of_ncpIso and isFilterFor_of_ncpIso (the C*-strength universal properties transport along an ncp-isomorphism), isCorner_of_procIsCornerMap and isFilter_of_procIsFilter (proc.tex's imply ours, via the standard corner and standard filter). Corollary isPureMap_ncpComp: pure maps compose, which 170I asserts and the normal form did not give. Pure.lean compiles at exit 0. ONE residue, and it is the honest cost of what is left: the converse cannot be stated as IsPureMap phi implies Theses.A.Proc.IsPure phi, because 170I's comp constructor demands [VonNeumannAlgebra] of the algebra in the middle and IsPureMap asks only for a C*-algebra there. Removing that residue means changing one of the two definitions - putting the binder on IsPureMap's intermediate algebra, or taking it off comp - which is a statement change and needs an author ruling. stmt stays `differs`: as a definition IsPureMap is still 168IV's normal form. Two rows elsewhere repeat the retracted reason and should be re-graded - 169IV pext_corner_iso in this file (corrected in place, same date) and 201III dils_examples_pure_1 in docs/audit/beff-vnexamples.csv, whose 2026-08-28 re-costing rests on 'no declaration in the tree mentions both predicates', which is no longer true.
170II.2|isCorner_comp_nmiuBij|B/Dils/Pure|ok|faithful|Private auxiliary: a corner precomposed with a bijective nmiu-map is a corner (for the preimage of its effect). Not a numbered point; it is the step 170II.2's proof leaves implicit when it says "h = c' after (h' after theta)".
170II.2|dils_examples_pure_2|B/Dils/Pure|ok|faithful|Examples dils-examples-pure part 2: the right-hand leg h of any Paschke dilation is pure. Both [VonNeumannAlgebra] binders present (restored, same repair as 169V). Proof is dils.tex:6205 transcribed: c' the standard filter of phi(1) (169X), phi' the unique unital map with phi = c' after phi' (169XI.2a), h' a corner by 169V, (P',rho',c' after h') a dilation of phi by 169XI.2b, and 140VIII paschke_unique_up_to_iso to move it to the given triple.
170IV.1|surjective_nmiu_1, surjective_nmiu_1_pure|B/Dils/Pure|ok|faithful|COVERED (2026-08-27 stmt-class pass): the point IS fully stated in the tree; the status field says which declaration carries which clause. The original finding, taken against the named declaration alone, follows. Exercise surjective-nmiu, first half: a surjective nmiu-map between von Neumann algebras is a corner of a central projection. The central projection, its projectionhood and centrality, and IsCornerFor are all delivered; what is dropped is the exercise's trailing "hence pure", which is nowhere stated for this map (and would need the identity to be exhibited as a filter, since IsPureMap demands the normal form). Both [VonNeumannAlgebra] binders present - restored by the author's ruling on QUESTIONS D5 ("fix transcription"): the exercise says "between von Neumann algebras" and our transcription had dropped it, which is not academic, since the whole reachable route (69IV carrier_miu) needs the binder. Implemented and the question deleted on 2026-08-16 at 3aa13e7, so this names no open decision. Proof is bsols's: ker rho = z A by weakly-closed-ideal, then the isomorphism theorem.|repaired: surjective_nmiu_1_pure (Pure.lean:2980) is the exercise's trailing "hence pure", kept a separate declaration because surjective_nmiu_1 is destructured positionally inside paschke_pure; it rests on the new ncpId, isFilter_ncpId and isPureMap_of_isCorner.  2026-08-27 stmt-class pass: RECLASSIFIED weaker -> ok under the `stmt` convention now written into docs/STATEMENT-AUDIT.md (a row grades the POINT, not the named declaration in isolation). Re-read dils.tex:6231-6236: the first half is "any surjective nmiu-map between von Neumann algebras is a corner of a central projection, HENCE PURE". The corner (the projection, its projectionhood, its centrality and IsCornerFor) is this declaration; the trailing "hence pure" is surjective_nmiu_1_pure (Pure:2676), which gets IsPureMap from isPureMap_of_isCorner off this declaration's own corner. It is a separate declaration only because surjective_nmiu_1 is destructured positionally in paschke_pure. lean_name extended.
170IV.2|surjective_nmiu_2|B/Dils/Pure|ok|sorry|Exercise surjective-nmiu, second half: every corner of a central projection is a surjective nmiu-map. Checked against the printed statement and it IS the printed statement - "there is an nmiu-map equal to phi as a map, and it is surjective" - which is the whole point of keeping it. It is FALSE under 169II as printed, deliberately left sorry, and refuted in-tree by surjective_nmiu_2_false. QUESTIONS D7. The two [VonNeumannAlgebra] binders match the exercise. GROUND RE-DERIVED 2026-08-29 (asorry2 pass) AND IT SURVIVES; what the row did not say is WHAT BLOCKS THE PROOF, and the answer is that NOTHING IS MISSING - the statement is REFUTABLE, so no proof can exist and the sorry is not a cost estimate. dils.tex 170IV is parsec 1700 point 40 `surjective-nmiu` (dils.tex:6231): 'Show that any surjective nmiu-map between von Neumann algebras is a corner of a central projection, hence pure --- and conversely, that any corner of a central projection is a surjective nmiu-map.' Read against the Lean today: the second clause is ours verbatim, with 'corner' read through `IsCornerFor` (Pure.lean:699-703), and that predicate IS 169II as printed - the mediating f is quantified over ncp maps, not ncpsu, which is precisely what lets lambda times h_z be a corner again. `surjective_nmiu_2_false` (Pure.lean:3068) exhibits, axiom-clean, a phi with IsStarProjection 1, IsCentral 1, IsCornerFor phi 1 and NO nmiu-map equal to phi, which contradicts the conclusion of `surjective_nmiu_2` instantiated at A = B = CU, z = 1. THE TWO [VonNeumannAlgebra] BINDERS DO NOT SAVE IT, checked today: Theses.VonNeumannAlgebra is a Prop class (Common.lean:73) and ULift of C carries an instance, `instVonNeumannAlgebraCU` (Theses/B/Eff/VNExamples.lean:758), so the binder-carrying statement is refuted too. The contradiction is not derived inside Pure.lean only because VNExamples imports Pure and not the other way round - an import fact, not a mathematical gap - and it could be stated in VNExamples if the record were ever wanted as a single theorem. BINDER-EXPIRY CHECK, prompted by `su_procIsPure_of_isPureMap` landing on 2026-08-29: that declaration retires the [VonNeumannAlgebra C] binder on the INTERMEDIATE algebra of `procIsPure_of_factorisation`, which is a different declaration and was never a blocker recorded on this row; and in any case dropping a binder GENERALISES a statement, so it can never turn a refuted one into a provable one. The first half `surjective_nmiu_1` is proved and unaffected, as is `surjective_nmiu_1_pure`. Verdict unchanged: deliberately sorry, not closable, waiting on QUESTIONS D7 (QUESTIONS.md:223) and docs/DECISIONS.md 1.1, both still live. NOTED, not changed: this is the only one of the tree's nine sorry rows with no status field, so `sorry_map.py` reads no verdict off it; on the substance it is a `left-ruling`, D7 being a decision request.
170IV.2|surjective_nmiu_2_false|B/Dils/Pure|ok|faithful|Not a thesis statement: the machine-checked counterexample to the row above (A = B = CU, z = 1, phi = lambda.id for lambda > 0, lambda not 1). Kept deliberately, as the record of QUESTIONS D7, and it does exactly what the entry describes - it verifies IsCornerFor phi 1 and the non-existence of an nmiu-map equal to phi.
170IV.2|pcorner_centralCorner|B/Dils/Pure|ok|none|Private: the standard corner h_z : A -> zA of a CENTRAL projection, as an nmiu-map. This is the true half of 170IV.2 for the concrete corner, and is what 171II needs; it is not offered as a rendering of the exercise.
171II|pcorner_exists_inclNcp|B/Dils/Pure|ok|faithful|Private: the inclusion zA -> A as an ncp-map, out of which h'_p : cceil(p)A -> pAp of 171II is built. Centrality is taken as a hypothesis and, as the doc says, is not needed (cornerSet.val_normal covers every corner); the hypothesis is kept only so the call sites read as the thesis's argument.
171II|pcorner_untendsto_tprod_proj|B/Dils/Pure|ok|faithful|Private, the one analytic step of 171II: p a Q_s tensor 1 -> a tensor 1 ultranorm along the finite partial sums of an orthogonal family of projections with join cceil(p). This is the thesis's own display ap = a cceil(p) p = sum_i u_i <u_i, ap>, transported into the abstract Paschke module.
68I|pcorner_forall_mul_eq_zero_iff|B/Dils/Pure|ok|faithful|Private: (for all x, p x a = 0) iff cceil(p) a = 0. This is exactly the displayed equivalence 171II's proof needs to conclude ceil(rho_0) = cceil(p); closed through 68I cceil_fundamental, where the thesis argues directly from the partial isometries. Both directions are the thesis's.
159IV|pcorner_sigma|B/Dils/Pure|ok|none|Private: the corestriction of rho to cceil(p)A, an injective nmiu-map with the same range. The section header's 159IV/48VI/73IX are provenance citations for the surjectivity argument that consumes it, not transcriptions.
171II|pcorner_rho_surjective|B/Dils/Pure|ok|faithful|Private, step 3 of 171II, on the thesis's own route. By step 2 every element of the module is an elementary tensor (pcorner_tprod_surjective), so T(u_i tensor 1) = s_i tensor 1 for an s_i in pA, and the thesis's element is c = sum_i T(u_i) u_i*, mirrored c = sum_i star(v_i) s_i. Three things make the display work: rho(c_sigma) equals T after the basis projection P_sigma (pcorner_rho_surjective's hKeyA), so the norm of c_sigma is at most that of T because rho is injective on cceil(p)A hence isometric (48VI sigma plus NonUnitalStarAlgHom.norm_map); the left supports q_i = star(v_i)v_i are pairwise orthogonal, so star(c_sigma)c_sigma telescopes to the increasing Gram sums sum_i star(s_i)s_i, bounded by the square of the norm of T; so (star(c_sigma)) is ultranorm Cauchy and converges by ultranorm completeness of A over itself (149V on selfDual_self) - the thesis's "the sums converge ultrastrongly in A". rho(c) = T is then checked on elementary tensors, the limit taken ultraweakly through innerprod_ultraweak and Cauchy-Schwarz for np-functionals.|repaired 2026-09-03: the printed route is now built in full. Step 1 is cornerLeft / cornerLeft_selfDual (pA as a self-dual Hilbert pAp-module: its ultranorm seminorms are those of A, so it inherits ultranorm completeness from A and 149V applies), step 2 is cornerU / pcorner_tprod_surjective (the h_p-compatible B(a,b) = ba lifts to U with U(a tensor b) = ba; U preserves the inner product - checked on elementary tensors, extended by 160IV density and 148I - and is onto, so every element of the module is an elementary tensor a tensor 1), and step 3 is the printed display. The abstract substitutes are gone: pcorner_mketbra_tprod, pcorner_npUnop and pcorner_uwTendsto_op are deleted with the ketbra/48VI-closure argument they served, and 159IV ketbra_ultraweakly_dense is no longer used here. About 980 lines net added to Pure.lean; full-file compile exit 0, no new warnings (two fewer than before).
171II|cornerLeft|B/Dils/Pure|ok|none|Auxiliary of the 171II conversion: 171II, step 1: the thesis's `𝒜p`, mirrored — the norm-closed left ideal `p𝒜 = {x ∈ 𝒜 : px = x}`, as a ℂ-subspace of `𝒜`.|repaired sample 2026-09-05: a plain Submodule definition, no argument to follow. row added 2026-09-04 with the 171II conversion.
171II|cornerU|B/Dils/Pure|ok|faithful|Auxiliary of the 171II conversion: 171II, step 2: the unique bounded module map `U` with `U(a ⊗ b) = ba` (the thesis's `U(α ⊗ pap) = α pap`).|row added 2026-09-04 with the 171II conversion.
171II|cornerLeft_selfDual|B/Dils/Pure|ok|faithful|Step 1 of 171II (dils.tex:6264-6281), mirrored: the thesis's Ap is the norm-closed left ideal cornerLeft p = pA, a pre-Hilbert pAp-module for b . x = bx and <x,y> = y x*, whose module norm is the norm of A by the C*-identity and which is norm closed in A hence complete. Self-duality is the thesis's own argument: the ultranorm seminorms of pA are exactly those of A restricted (cornerLeft_unSeminorm_eq, and back along the standard corner cornerLeft_unSeminorm_eq'), A is ultranorm complete over itself by 141III selfDual_self through 149V, and pA is ultranorm closed in A, so pA is ultranorm complete and 149V gives self-duality.|repaired 2026-09-04: faithful 2026-09-03: new, written for this repair; the thesis prints exactly this argument.
171II|pcorner_tprod_surjective|B/Dils/Pure|ok|faithful|Step 2 of 171II (dils.tex:6283-6305), in the form step 3 uses it: every element of A tensor_{h_p} pAp is an elementary tensor a tensor 1. B(a,b) = ba is h_p-compatible with bound constant 1 (both sides of the 154II inequality are the same norm), so 154III gives the bounded module map cornerU with U(a tensor b) = ba; U preserves the inner product (computed on elementary tensors, extended by their ultranorm density, 160IV.2 as pcorner_unDense_tprod, and the ultranorm continuity of a bounded module map, 148I), hence is injective, and U(a tensor 1) = pa already exhausts pA. That is the thesis's "U is an isomorphism with U* = U^{-1}".|repaired 2026-09-04: faithful 2026-09-03: new, written for this repair.
172X|pext_exists_ncpId|B/Dils/Pure|ok|none|Private: the identity is an ncp-map. Not a thesis statement.
169IV|pext_corner_iso|B/Dils/Pure|ok|route|Private: an abstract corner h for a is the standard corner h_{floor a} followed by an ncp-isomorphism. Not a numbered point - it is the substitute for proc.tex 100III pure-fundamental, which the thesis quotes and which is off this import path; obtained by playing the two universal properties (169II) of h and of h_{floor a} (169IV) against each other.|left-forced, re-derived 2026-09-03 from proc.tex, dils.tex and the tree; ground unchanged, ONE LINE REFERENCE CORRECTED (the declaration is at Pure.lean:4223, not :4203). pext_corner_iso is private and unnumbered: the in-chapter substitute for the thesis's citation of proc.tex 100III pure-fundamental when it needs an abstract corner to be the standard one. GROUND: the printed citation is stated at a generality this declaration does not have. Theses.A.Proc.pure_fundamental (A/Proc/Measurement.lean:4151) IS on the import path, and the step of it that matters is proc.tex 98IV.1 Theses.A.Proc.corner_unique (Measurement.lean:3810), which carries [VonNeumannAlgebra] on ALL THREE of A, B, C and so demands that the abstract corner's TARGET be a von Neumann algebra. pext_corner_iso's target C is a bare CStarAlgebra (Pure.lean:4223-4225), which is the point of it: it is applied at Pure.lean:4432, :4469 and :5387 to corners coming out of IsPureMap, whose intermediate algebra is a bare C*-algebra. VonNeumannAlgebra being a Prop class does not rescue the citation - proving it of C is what the conclusion would give, so at this generality the citation is circular. And what our substitute runs is 98IV.1's OWN argument: corner_unique obtains beta and gamma from the two universal properties and makes them mutually inverse by the uniqueness clause, and pext_corner_iso does exactly that between 169IV standard_corner_dils (Pure.lean:964) and the given corner. What differs is the citation and its binder, not the mathematics. Two earlier grounds stay withdrawn: 100III is on the import path, and section ProcPure (Pure.lean:2445-2680) bridges proc.tex's predicates to ours (isCorner_of_procIsCornerMap :2567, isFilter_of_procIsFilter :2584) with no statement change.
172X|pext_dilation_target_iso|B/Dils/Pure|ok|faithful|Private: transport of a Paschke dilation along an ncp-isomorphism of the target. Not a numbered point; needed because the v of pext_corner_iso is not unital in general (QUESTIONS D7), so "c after v is again a filter" - which the thesis's route would need - is exactly what is in doubt.
171II|paschke_corner|B/Dils/Pure|ok|faithful|Theorem paschke-corner: (cceil(p)A, h_{cceil p}, h'_p) is a Paschke dilation of the standard corner h_p : A -> pAp. Rendered as existence of rho and h together with their defining formulas, which pins both, so nothing is lost by the existential. IsStarProjection p is carried as [Fact ...]; that cceil(p) is a projection is supplied by 68III rather than assumed. All three printed steps are run: step 1 cornerLeft_selfDual, step 2 cornerU / pcorner_tprod_surjective, step 3 pcorner_rho_surjective. The bijective corestriction sigma : cceil(p)A -> Ba(A tensor_{h_p} pAp)^op then carries the dilation of 154III.5 across, by pcorner_transport.|repaired 2026-09-03: the divergence recorded in PROVING-LOG 67-68 - the thesis's steps 1 and 2 dropped, everything done inside the abstract PaschkeModule of 154III - is closed. pA is now constructed as a self-dual Hilbert pAp-module and A tensor_{h_p} pAp is shown isomorphic to it, and step 3 runs the printed display. The proof of paschke_corner itself is unchanged; what changed is that the lemma it consumes, pcorner_rho_surjective, is now on the thesis's route. Compiled with the rest of Pure.lean, exit 0.
171VII|isCornerFor_comp|B/Dils/Pure|ok|none|Private: corners compose, in the special case 171VII needs (the first corner unital). Not a numbered point; it is the elementary substitute for proc.tex 100III, which 170I's definition would otherwise force. Stated with hypotheses e <= a_1 and h_1(e) = a_2 that make it exactly the case at hand.
171VII|paschke_pure|B/Dils/Pure|ok|mild|Theorem paschke-pure: phi is pure iff the rho-leg of its Paschke dilation is surjective. Both [VonNeumannAlgebra] binders present, as in the source. 171VIII is followed in both directions; the local deviations are forced by IsPureMap's normal form: where the thesis says "phi is a composition of pure maps, hence pure", the file must compose two CORNERS by hand (isCornerFor_comp), and where the thesis quotes pure-fundamental for phi = c after h_p it uses pext_corner_iso. The thesis's "ker rho = zA by prop:weakly-closed-ideal, so rho is a corner by the isomorphism theorem" arrives pre-packaged as 170IV.1.|left-forced, re-derived 2026-09-04 against dils.tex 171VII-171VIII (dils.tex:6373-6406) and paschke_pure at Pure.lean:4402. The forward half is where the shortcut is and it cannot be put back. 171VIII opens 'For the converse, assume phi is pure. Write p = ceil(phi). There is a unique ncp-map c with phi = c after h_p', i.e. it starts from the STANDARD corner of ceil(phi), which it gets from pure-fundamental / square-f. Our hypothesis IsPureMap hands out an ABSTRACT corner h for an effect a with a bare C*-algebra in the middle, and the only bridge to Theses.A.Proc.pure_fundamental, procIsPure_of_factorisation (Pure.lean:2628), demands [VonNeumannAlgebra] on that middle algebra - 170I's comp constructor asks for it and IsPureMap does not. So the printed opening is unreachable from the hypothesis as stated, and pext_corner_iso (Pure.lean:4203) identifies the abstract corner with the standard corner of floor a instead: a different projection, the same class. Weakening IsPureMap's middle to a von Neumann algebra would be a statement change, and would break the two call sites that want the C*-middle. Two smaller items, both encoding and both re-verified: the backward half composes two CORNERS by hand (isCornerFor_comp, Pure.lean:4350) where the thesis says 'the composition of pure maps, hence pure' - IsPureMap is 168IV's normal form filter-after-corner, and dils_examples_pure_2 hands out a bare C*-middle so isPureMap_ncpComp does not apply; and the thesis's 'Clearly h_{cceil p} is surjective' is re-derived inline in two lines (Pure.lean:4427-4429) because 171II paschke_corner pins rho only by its defining formula. 170IV.1 surjective_nmiu_1 supplies the 'ker rho = zA, so rho is a corner' step pre-packaged, which is not a deviation.
170II.1|pure_conjOperator_comp|B/Dils/Pure|ok|none|Private algebraic auxiliary (ad_V after ad_S = ad_{S.V}). Not a thesis statement.
170II.1|dils_examples_pure_1|B/Dils/Pure|ok|none|Examples dils-examples-pure part 1: the pure maps B(H) -> B(K) are precisely the ad_T for bounded T : K -> H. Both directions are stated, as an iff. Divergence class 2 and unavoidable: dils.tex gives this Example NO proof and bsols.tex no solution, and proc.tex 99XI ad-pure covers only a(.)a inside one algebra. The route taken is 171VII paschke_pure plus 140III stinespring_is_paschke, then 138II/138VI to turn a surjective nmiu-map B(H) -> B(K_0) into an inner automorphism. PROVING-LOG session 92.|left-no-thesis-proof: dils.tex gives this Example no proof and bsols.tex no solution, so there is no route to restore; proc.tex 99XI ad-pure covers only a(.)a inside one algebra. The forward appeal to 171VII paschke_pure is an EXPOSITION-ORDER inversion but not a circularity - re-verified session 95's second pass that 171VIII cites dils-examples-pure for part 2 only, and that paschke_pure's proof uses dils_examples_pure_2, never part 1. 2026-08-26 B/Dils route pass: RECLASSIFIED route -> none, under reason 1. dils.tex gives this Example NO proof and bsols.tex no solution, so there is nothing to match; proc.tex 99XI ad-pure covers only a(.)a inside one algebra. The route taken (171VII paschke_pure plus 140III stinespring_is_paschke, then 138II/138VI to turn a surjective nmiu-map B(H) -> B(K_0) into an inner automorphism) is an EXPOSITION-ORDER inversion but not a circularity: 171VIII cites dils-examples-pure for part 2 only, and paschke_pure's proof uses dils_examples_pure_2, never part 1.
172II|NCPExtreme|B/Dils/Pure|ok|none|Definition (dils.tex 172II). Matches the displayed condition exactly: for every 0 < lambda < 1 and ncp phi_1, phi_2 with phi_1(1) = phi_2(1) = phi(1), lambda phi_1 + (1-lambda) phi_2 = phi implies phi_1 = phi_2 = phi. Equality of maps is rendered pointwise. No [VonNeumannAlgebra] binders (definition).
25I|smulReal_mono_aux|B/Dils/Pure|ok|faithful|Private: multiplication by a nonnegative real is monotone. Provenance citation to 25I, not a transcription.
157IV|ncpSMul|B/Dils/Pure|ok|none|Private: a nonnegative real multiple of an ncp-map is an ncp-map. Not a thesis statement; 157IV is cited because paschke_correspondence_surjective consumes bundled ncp-maps.
172III|ncp_extreme_paschke|B/Dils/Pure|ok|faithful|Theorem ncp-extreme-paschke, all three clauses, as a TFAE: h injective on rho(A)' ; h injective on [0,1]_{rho(A)'} ; phi ncp-extreme. Both [VonNeumannAlgebra] binders present. 1=>2 and 2=>3 are the thesis's verbatim (157IV.3 paschke-correspondence for lambda psi = phi_t, then h(t) = h(lambda 1)). 3=>1 now runs the thesis's own argument (dils.tex:6475-6510) step for step: 170II.2 dils_examples_pure_2 gives h pure, so h = c . k with k a corner and c a filter; 169XII dils_filters_injective gives k(a) = 0 (the printed pap = 0); the new private exists_mu_lambda is the printed "cstar-positive and some easy algebra" step (cstar.tex:1209 part 2, -‖x‖ <= x <= ‖x‖) and is stated as an EXISTENTIAL so the values are never used; k(t) = lambda k(1) is the printed ptp = lambda p, and 1/4 k(1) <= lambda k(1) <= 3/4 k(1) is what 0 < lambda < 1 is read off. The printed degenerate case p = 0 (there: phi = 0 hence P = {0}) appears as k(1) = 0, whence h = 0 by Kadison ncp_cp_cs and phi_0 = phi_1, so 0 = 1 in P by 157IV.2 - that injectivity IS the minimality the thesis invokes. Then psi_1 = lambda^-1 phi_t, psi_2 = (1-lambda)^-1 phi_{1-t} and extremity give phi_t = phi_{lambda 1}, so t = lambda 1 and mu a = 0.|2026-08-26 B/Dils route pass: REPAIRED. 3=>1 rewritten to the printed proof of 172III (dils.tex:6475 "3 => 1", 6484 dils-examples-pure, 6489 dils-filters-injective, 6492 cstar-positive, 6497 ptp = lambda p, 6501 the p = 0 case, 6503-6510 the convex splitting). The old "left-simpler-and-sound" excuse is withdrawn: the detour is now run, with lambda opaque, so the ptp = lambda p step is load-bearing for lambda < 1. New private lemma exists_mu_lambda carries the cstar-positive step. Only substitution: the thesis's "phi = 0 hence P = {0}" is obtained from 157IV.2 paschke_correspondence_embedding (phi_0 = phi_1 forces 0 = 1), the same minimality, since no trivial-von-Neumann-algebra triple exists in the tree. Doc-comment rewritten; Pure.lean compiles at exit 0.
172III|exists_mu_lambda|B/Dils/Pure|ok|faithful|Private auxiliary for the 3 => 1 half of 172III: for self-adjoint a there are 0 < mu, l with 1/4 <= mu a + l <= 3/4 (dils.tex:6492-6494). The thesis prints only "Using cstar-positive and some easy algebra, we can find ...", and that is the argument followed: cstar-positive.2 (cstar.tex:1209) is -‖a‖ <= a <= ‖a‖, i.e. Mathlib's norm_le_iff_neg_algebraMap_le, and then mu = (4(‖a‖+1))^-1 puts mu a in [-1/4, 1/4] and l = 1/2 shifts it into [1/4, 3/4]. Deliberately EXISTENTIAL, not a formula: 172III's proof uses only 0 < mu, 0 < l and the two bounds, so that the thesis's own reading of l < 1 off ptp = l p survives. stmt ok -- the point itself is ncp_extreme_paschke (own row).
172VIII|nmiu_ncp_extreme|B/Dils/Pure|stronger|faithful|Corollary nmiu-ncp-extreme: every nmiu-map is ncp-extreme. TWO declarations now. nmiu_ncp_extreme_paschke is 172VIII in the thesis's own setting ([VonNeumannAlgebra] on both algebras) proved by the thesis's own proof 172IX (dils.tex:6523): (B,rho,id) is a Paschke dilation of rho - the mediating map for a competing triple is forced to be h' by id . sigma = h' - and id is injective, so 172III ncp_extreme_paschke clause 1 => 3 applies. nmiu_ncp_extreme is kept unchanged: no [VonNeumannAlgebra] binders, hence strictly stronger and out of reach of the printed route, proved by strict convexity of b -> b*b with Choi 34XVIII.1. Same pattern as 157VII phiT_reflects_nonneg.|repaired - verdict RE-DERIVED 2026-08-29 against dils.tex:6520-6526 and the tree, and it survives; the field is reworded only because it also carried, in quotation, the word for the harmless-divergence verdict it had superseded, so the row read two ways at once. Current state, checked this pass: TWO declarations, both live and both sorry-free. nmiu_ncp_extreme_paschke (Pure.lean:5340) is 172VIII in the thesis's own setting, [VonNeumannAlgebra] on both algebras, by the thesis's own proof 172IX (dils.tex:6523-6524, "Easy: (B, rho, id) is a Paschke dilation of rho and id is injective"): the mediating map for a competing triple is forced to be h' by id after sigma = h', and 172III ncp_extreme_paschke clause 1 implies clause 3 then gives ncp-extremity. nmiu_ncp_extreme (Pure.lean:5221) is left byte-identical in statement and proof - no von Neumann binders, hence strictly stronger and out of reach of the printed route, proved by strict convexity of b -> b*b with Choi 34XVIII.1 - and it is the form consumed at :5511. HISTORY, not the current reading: until 2026-08-26 this row's verdict was that the missing printed route was a harmless divergence to be left alone; that verdict was withdrawn when nmiu_ncp_extreme_paschke was added, and no statement was weakened to do it. Same pattern as 157VII phiT_reflects_nonneg in Paschke.lean.
172VIII|nmiu_ncp_extreme_paschke|B/Dils/Pure|ok|faithful|172VIII in the thesis's OWN setting -- [VonNeumannAlgebra] on both algebras -- by the thesis's own proof 172IX (dils.tex:6523), quoted in full: "Easy: (B, rho, id) is a Paschke dilation of rho and id is injective." Both halves are transcribed: the universal property of (B, rho, id) holds because the mediating map for a competing triple (P', rho', h') is forced to be h' itself by id . sigma = h', and h' does satisfy h' . rho' = rho; id is injective; then 172III ncp_extreme_paschke, clause 1 => 3, gives ncp-extremity. The companion nmiu_ncp_extreme (own row, classed stronger) drops the two binders and is out of reach of this route, which is why both are kept -- the same pattern as 157VII phiT_reflects_nonneg.
172X|pure_ncp_extreme|B/Dils/Pure|ok|mild|Theorem (dils.tex 172X): every pure ncp-map is ncp-extreme. Both [VonNeumannAlgebra] binders present. 172XI is transcribed with the two deviations the doc records: proc.tex 100III pure-fundamental is replaced by pext_corner_iso + pext_dilation_target_iso (IsPureMap only gives an abstract corner, and the mediating v is not unital - D7), and the final injectivity computation goes through cceil(p) x = 0 via 68I rather than through p <= 1 - ceil(t), which would need t >= 0 and the centrality of ceil(t).|left-forced, re-derived 2026-09-04 against dils.tex 172X-172XI (dils.tex:6528-6551) and pure_ncp_extreme at Pure.lean:6209; both deviations stand and both are statement-level. (i) 172XI opens 'By pure-fundamental phi = c after h_p for a filter c and projection p = ceil(phi)' - the STANDARD corner. pure_ncp_extreme destructures IsPureMap with a BARE C*-algebra in the middle, and the only route to Theses.A.Proc.pure_fundamental is procIsPure_of_factorisation (Pure.lean:2628), which carries [VonNeumannAlgebra] on that middle algebra because 170I's comp constructor does. Verified in place today. So the file takes the abstract corner IsPureMap gives and identifies it with the standard corner of floor a (pext_corner_iso, Pure.lean:4203, plus pext_dilation_target_iso for the not-necessarily-unital mediating iso, QUESTIONS D7). Undoing this means putting the binder on IsPureMap, a statement change. (ii) The printed injectivity computation covers only one of the two arguments. dils.tex:6540-6551 assumes c(ptp) = 0 and concludes p <= 1 - ceil(t), cceil(p) <= 1 - ceil(t), t <= ceil(t) = 0, which needs t >= 0 and 1 - ceil(t) central; but the goal it is discharging, our ncp_extreme_paschke clause 2 (Pure.lean:5749-5751, and the thesis's own 'injective on [0,1] of the commutant'), is InjOn, so t and t' are two arbitrary effects and their difference is not an effect. Ours (Pure.lean:6291-6321) runs on the difference x: p x = 0 from p x p = 0 and centrality of x, then p y x = 0 for all y, then cceil(p) x = 0 by 68I pcorner_forall_mul_eq_zero_iff, then x = cceil(p) x = 0. Centrality of x is already in hand from the thesis's own 'as h_{cceil p} is surjective'.
172XII|ncp_extreme_comp|B/Dils/Pure|ok|none|Corollary ncp-extreme-comp: every ncp-map is the composition of two ncp-extreme maps. The thesis gives no proof and bsols no solution. Ours is the obvious one and the one the corollary's placement intends: phi = h after rho for the Paschke dilation, rho ncp-extreme by 172VIII and h by 172X together with 170II.2.
190II.1|Pred|B/Eff/StatesPredicates|ok|none|Definition dfn-mandso clause 1: a predicate on X is a map X -> 1, rendered as X ⟶ effObj C. That Pred X is an effect algebra is not restated here; it is the instance predEffectAlgebra of Effectus.lean, which the beff-effectus-quotients audit checked field by field against 180VII.
190II.2|Scal|B/Eff/StatesPredicates|ok|none|Clause 2, first half: a scalar is a predicate on 1, i.e. a map 1 -> 1. Scal C = effObj C ⟶ effObj C. Matches.
190II.2|scalEffectMonoid|B/Eff/StatesPredicates|ok|faithful|Clause 2, second half: the scalars with lambda ⊙ mu = lambda after mu form an effect monoid. Lean's mul l m = m ≫ l is exactly l after m. The point's own justification is used: 1_M = id_M (181XIII, here truth_effObj_eq_id, proved in the file) gives one_mul/mul_one, associativity is Category.assoc, and PCM-enrichment (FinPAC.comp_ovee / ovee_comp) gives distributivity.
190II.3|IsRealEffectus|B/Eff/StatesPredicates|ok|none|Clause 3: a real effectus is one whose scalars are ISOMORPHIC AS EFFECT MONOID to [0,1]. Rendered as "there is a BIJECTIVE EffectMonoidHom Scal C -> I". A bijective effect-monoid morphism need not have a morphism inverse in general (the inverse has to reflect perp), so this is weaker than "isomorphic" unless that reflection is proved somewhere - and it is not. The same gap is flagged in the beff-effectus-quotients audit for cotupl_pcm_ea_iso.|repaired - IsRealEffectus (StatesPredicates.lean:551) now asks for a mutually inverse pair of EffectMonoidHoms between Scal C and I, which is what "isomorphic as effect monoid" means at eff.tex:2099. Its only two consumers were repaired with it in e67f1e9: su_real_separating (VNExamples.lean:2845) and effectus_vn_real_separating (5858) discharge it, the inverse being a morphism because k(1) = s(k) times 1 makes the scalar map reflect perp.  2026-08-26 B/Eff stmt pass: RECLASSIFIED weaker -> ok. VERIFIED: IsRealEffectus (StatesPredicates.lean:551) now asks for a mutually inverse PAIR of EffectMonoidHoms between Scal C and I -- exists phi : Hom (Scal C) I, exists psi : Hom I (Scal C), psi (phi k) = k and phi (psi r) = r -- which is what 'isomorphic as effect monoid' means at eff.tex:2099. The old bijective-morphism reading (whose inverse need not reflect perp) is gone.
190II.4|predEffectModule|B/Eff/StatesPredicates|ok|faithful|Clause 4: lambda . p = lambda after p turns Pred X into an M-effect module. Lean's smul l p = p ≫ l is lambda after p. All four axioms discharged from PCM-enrichment and 1_M = id, as the point says.
190II.5|predMap|B/Eff/StatesPredicates|ok|none|Clause 5, first half: Pred(f)(p) = p after f. Lean fun p => f ≫ p. Matches.
190II.5|predMap_functor, predMapHom, predFunctor|B/Eff/StatesPredicates|ok|none|Clause 5, second half. TWO OMISSIONS. (i) "Pred(f) is an M-effect module homomorphism if f is total" is not stated on its own; it appears only inside the functor's construction. (ii) The existential ∃ F, ∀ X, (F.obj X).unop.carrier = Pred X pins only the OBJECT part - it says nothing about the action on maps, so it does not assert that the functor is p -> p after f. This is precisely the defect that QUESTIONS B6 / session 10 repaired for 192III.1 and .2 (which were restated so a transported impostor cannot satisfy them). B6 is no longer an open question: Bas answered it on 2026-08-15 ("yes, please fix the statements"), session 39 dropped the existential shape entirely, and the section was deleted on 2026-08-16 at f277d72. The repair had not been carried over to THIS statement when the finding above was written; it since has been -- see the status field. Clause 5 prints no argument -- it asserts the homomorphism and functor claims with "It is easy to see" -- so the construction inside the proof is ours, and it is correct. 2026-08-27 unrowed pass: predMapHom (StatesPredicates.lean:594) and predFunctor (614), both named in the status field above, are moved into lean_name. predMapHom is clause 5's first half on its own -- for total f, Pred f is a homomorphism of M-effect modules, preserving 1 (which IS totality of f), partial sums (FinPAC.ovee_comp) and scalars (associativity); predFunctor is the substitution functor given directly, with predFunctor_obj and predFunctor_map both rfl. Verdict unchanged.|repaired 2026-09-04, regraded 2026-09-04: the point prints no argument -- clause 5 of the Definition dfn-mandso (eff.tex:2107-2116) asserts the homomorphism and functor claims with "It is easy to see" and gives no reason (unlike clauses 2 and 4, which do print one) -- so there is nothing for faithful to match. repaired - both omissions closed. (i) "Pred f is an M-effect module homomorphism for total f" is now its own declaration, predMapHom (StatesPredicates.lean:590). (ii) the substitution functor is now the def predFunctor (612) with predFunctor_obj and predFunctor_map both rfl, and predMap_functor (636) adds the morphism clause HEq (F.map f).unop.toFun (predMap f.1), so a transported impostor no longer satisfies it.  2026-08-26 B/Eff stmt pass: RECLASSIFIED weaker -> ok. VERIFIED, both omissions closed. (i) predMapHom (StatesPredicates.lean:590) is 'Pred f is an M-effect module homomorphism for total f' as its own declaration. (ii) predMap_functor (636) now adds the morphism clause HEq (F.map f).unop.toFun (predMap f.1) to the object clause, and the honest functor predFunctor (612) has predFunctor_obj and predFunctor_map both rfl -- so a functor transported along a family of bijections no longer satisfies the statement.
190II.6|Substate|B/Eff/StatesPredicates|ok|none|Clause 6, first half: a substate on X is a map 1 -> X.
190II.6|Stat|B/Eff/StatesPredicates|ok|none|Clause 6, second half: a state is a total substate; Stat X is the subtype of total 1 -> X. Matches.
190II.7|SeparatingPredicates|B/Eff/StatesPredicates|ok|none|Clause 7, first half: Pred X jointly monic for every X, spelled out as (forall p, f ≫ p = g ≫ p) -> f = g. Matches.
190II.7|SeparatingStates|B/Eff/StatesPredicates|ok|none|Clause 7, second half: Stat X jointly epic for every X. Matches. (190III/190IV/190V, the Examples lists for vN, OUS, OUG, Set, CRng, CH, EJA, are not formalized here; 190III lives in VNExamples.lean and the file header says the rest are not converted.)
191II|emod_po1|B/Eff/StatesPredicates|ok|faithful|Private, element level: the left pushout square of 191II. Statement is the thesis's diagram read elementwise (alpha on E x M, beta on M x F agreeing on M x M, unique h on E x F). Proof is 191IV verbatim: alpha(1,0) = beta(1,0), so alpha(x,0) perp beta(0,y), and f(x,y) = alpha(x,0) ⋁ beta(0,y).
191II|emod_po2|B/Eff/StatesPredicates|ok|faithful|Private, element level: the right pushout square. Proof is the thesis's: delta(0,y) <= delta(0,1) = 0, so delta(x,y) = delta(x,0) and g(x) = delta(x,0).
191II|emod_je|B/Eff/StatesPredicates|ok|faithful|Private, element level: joint epicity of the two cotuples M x M -> M x M x M. The triple is left-associated ((M x M) x M), matching Effectus.lean's convention. Proof is 191V verbatim: f(1,0,0) = g(1,0,0), f(0,1,0) = g(0,1,0), f(0,0,1) = f(1,1,0)^perp = g(0,0,1), then the scalar expansion.
191II|emod_isPushout1|B/Eff/StatesPredicates|ok|faithful|Private: the categorical form of the left square in EMod_M. Assembled from emod_po1.
191II|emod_isPushout2|B/Eff/StatesPredicates|ok|faithful|Private: the categorical form of the right square. Assembled from emod_po2.
191II|emod_effectus_aux|B/Eff/StatesPredicates|weaker|faithful|Private: Nonempty (EffectusTotalStructure (EMod_M)^op). See the emod_effectus row - the "with scalars M and separating predicates" half of the headline is not asserted. The finite-products half of the proof (M initial via lambda -> lambda.1, the one-element module final, componentwise products) is present as emodInit/emodIsInitial/emodIsTerminal/emodPair, untagged.|left-cost, and the COSTING IS CUT AGAIN 2026-09-04 by a fresh search: the 2026-08-29 ground has decayed on two of its three factual claims, so the figure comes down from 480-650 lines to about 350-500 and the verdict survives only on the placement problem and on item (iii). WHAT THE OLD GROUND GOT WRONG, checked by name and by content this pass: (1) "no lemma anywhere computes ParPerp or parOvee at a concrete total-form effectus" is now FALSE -- ovee is computed concretely at three, ous_ovee_eq (OrderUnit.lean:3059), eja_ovee_eq (JordanAlgebras.lean:2916) and the SET argument set_le_isSome (ExtensiveExamples.lean:855), all by the same recipe: exhibit a ParBound witness by hand and close with the generic parOvee_eq (Effectus.lean:1963). Item (iv), the effect-ALGEBRA transport, therefore has three worked precedents and re-costs from 200-300 to about 100-150. (2) "SeparatingPredicates occurs only three more times in Theses/, established for WStarCPSU-op and refuted for Rng-op" is now FALSE -- it is established for SET (ExtensiveExamples.lean:482), OUS-op (OrderUnit.lean:2510), EJA-op (JordanAlgebras.lean:2488) and WStarCPSU-op, and refuted for CRng-op, bCH and OUG-op. Item (vi) has four precedents. (3) Scal is likewise computed at concrete categories now -- ejaScalEquivI (JordanAlgebras.lean:2957) and the generic pval_scal_one/pval_scal_zero and par_scalarsAreTwo_of_cofan (ExtensiveExamples.lean:298, :305, :318). WHAT SURVIVES, and it is the whole of the remaining cost: every one of those tools lives DOWNSTREAM of this file -- ExtensiveExamples, OrderUnit and JordanAlgebras all import StatesPredicates, through Quotients and DiamondAmp -- so the EMod_M development here cannot reach them without hoisting the generic ones (ScalarsAreTwo, par_scalarsAreTwo_of_cofan, the parPredEquiv apparatus) into Effectus.lean first. And item (iii), Hom_EMod(M x M, E) iso E by f to f(1,0), is still not written; its injective half is emod_je (StatesPredicates.lean, private, this file), which proves exactly the decomposition it needs, so only the inverse e to ((l,m) to l . e ovee m . e-perp) is missing, about 80-120 lines. STILL ABSENT, re-checked: no Scal (EMod_M-op) iso M and no SeparatingPredicates (EMod_M-op) anywhere in the tree. Mathlib has no effect algebras and no effect monoids at all. REVISED NAMED LIST at C = EMod_M-op, against emodPres: (i) instances in scope by letI off emodPres, about 15; (ii) the iso top + top with (M x M)-op from emodPres.hP, the analogue of rngTopCoprodIso, about 20; (iii) the hom description, about 80-120; (iv) ParPerp and parOvee on Pred (Par.of E), about 100-150 with the three precedents; (v) Scal as an effect MONOID, about 80; (vi) SeparatingPredicates, about 40 with the four precedents; plus the hoist of the generic scalar apparatus out of ExtensiveExamples, about 60-100. Total about 350-500 lines, none of it built. This is costed machinery of ours, not a defect in the printed text and not an author question. The private auxiliary emod_effectus_aux carries the same ground and the same list.
191II|emod_effectus|B/Eff/StatesPredicates|weaker|faithful|Theorem emod-effectus, first sentence: "EMod_M^op is an effectus in total form WITH SCALARS M AND SEPARATING PREDICATES". Only the effectus structure is asserted; neither Scal (EMod_M^op) iso M nor SeparatingPredicates (EMod_M^op) is stated anywhere in the file. This is the "has all X headline dropped in favour of the witness" pattern of the standing observations, and it is the same shape as the complaint about effectus_vn_partial that used to be QUESTIONS B13 (now closed, ruled and deleted 2026-09-04: 180V does pin its effect object). Proof follows 191III-191VI.|left-cost, and the COSTING IS CUT AGAIN 2026-09-04 by a fresh search: the 2026-08-29 ground has decayed on two of its three factual claims, so the figure comes down from 480-650 lines to about 350-500 and the verdict survives only on the placement problem and on item (iii). WHAT THE OLD GROUND GOT WRONG, checked by name and by content this pass: (1) "no lemma anywhere computes ParPerp or parOvee at a concrete total-form effectus" is now FALSE -- ovee is computed concretely at three, ous_ovee_eq (OrderUnit.lean:3059), eja_ovee_eq (JordanAlgebras.lean:2916) and the SET argument set_le_isSome (ExtensiveExamples.lean:855), all by the same recipe: exhibit a ParBound witness by hand and close with the generic parOvee_eq (Effectus.lean:1963). Item (iv), the effect-ALGEBRA transport, therefore has three worked precedents and re-costs from 200-300 to about 100-150. (2) "SeparatingPredicates occurs only three more times in Theses/, established for WStarCPSU-op and refuted for Rng-op" is now FALSE -- it is established for SET (ExtensiveExamples.lean:482), OUS-op (OrderUnit.lean:2510), EJA-op (JordanAlgebras.lean:2488) and WStarCPSU-op, and refuted for CRng-op, bCH and OUG-op. Item (vi) has four precedents. (3) Scal is likewise computed at concrete categories now -- ejaScalEquivI (JordanAlgebras.lean:2957) and the generic pval_scal_one/pval_scal_zero and par_scalarsAreTwo_of_cofan (ExtensiveExamples.lean:298, :305, :318). WHAT SURVIVES, and it is the whole of the remaining cost: every one of those tools lives DOWNSTREAM of this file -- ExtensiveExamples, OrderUnit and JordanAlgebras all import StatesPredicates, through Quotients and DiamondAmp -- so the EMod_M development here cannot reach them without hoisting the generic ones (ScalarsAreTwo, par_scalarsAreTwo_of_cofan, the parPredEquiv apparatus) into Effectus.lean first. And item (iii), Hom_EMod(M x M, E) iso E by f to f(1,0), is still not written; its injective half is emod_je (StatesPredicates.lean, private, this file), which proves exactly the decomposition it needs, so only the inverse e to ((l,m) to l . e ovee m . e-perp) is missing, about 80-120 lines. STILL ABSENT, re-checked: no Scal (EMod_M-op) iso M and no SeparatingPredicates (EMod_M-op) anywhere in the tree. Mathlib has no effect algebras and no effect monoids at all. REVISED NAMED LIST at C = EMod_M-op, against emodPres: (i) instances in scope by letI off emodPres, about 15; (ii) the iso top + top with (M x M)-op from emodPres.hP, the analogue of rngTopCoprodIso, about 20; (iii) the hom description, about 80-120; (iv) ParPerp and parOvee on Pred (Par.of E), about 100-150 with the three precedents; (v) Scal as an effect MONOID, about 80; (vi) SeparatingPredicates, about 40 with the four precedents; plus the hoist of the generic scalar apparatus out of ExtensiveExamples, about 60-100. Total about 350-500 lines, none of it built. This is costed machinery of ours, not a defect in the printed text and not an author question. The private auxiliary emod_effectus_aux carries the same ground and the same list.
191II|emod_effectus_representation|B/Eff/StatesPredicates|ok|faithful|Theorem emod-effectus, second sentence: "every effectus C in total form with scalars M and separating predicates is EQUIVALENT TO A SUBCATEGORY of EMod_M^op". What is stated is that some functor Tot C -> EMod_M^op with object part Pred and morphism action pinned by HEq is FAITHFUL. Since docs/191II-subcategory.md (2026-09-04) that IS the printed sentence: for this codomain "admits a faithful functor" and "is equivalent to a subcategory" are interderivable, because a faithful functor can always be made injective on objects by retagging Pred X as the isomorphic effect module with carrier the product of Pred X with the singleton {X} - effect algebras are non-empty, so distinct X give disjoint carriers - and a faithful functor injective on objects corestricts to an ISOMORPHISM onto a non-full subcategory. The retagging is purely formal and uses no choice. Proof is 191VII's ("Pred f = Pred g iff p after f = p after g for all p").|repaired 2026-09-04 -- REGRADED weaker/left-ruling to ok, on docs/191II-subcategory.md, which settles docs/DECISIONS.md section 2.3 (formerly QUESTIONS B16). NO STATEMENT CHANGED: emod_effectus_representation is byte-identical; what changed is the verdict and the declaration's warning docstring. THE OLD GROUND WAS WRONG TWICE. (i) It said the inference needs Pred to be FULL onto its image. Full-onto-image does not rescue the inference, and fullness is FALSE anyway: Pred from SET to EA-op is not full, since an EA-map from the powerset of N to 2 is an ultrafilter on N and only the principal ones are in the image. (ii) It said the missing clause is a gap in the printed argument. It is not: 191II says "a subcategory", indefinite and not full, and on the standard non-full reading it is true as printed, by the retagging above. The discrete-two-object counterexample that the old ground leaned on does not touch it - the terminal category has no two distinct objects to tag - and what faithfulness fails to give is injectivity on objects, which is a labelling matter. WHAT IS ACTUALLY DEFECTIVE is a sentence of 191VII, not of 191II: it names THE subcategory Pred C, the literal image, which need not be a subcategory at all - in vN_cpu-op with arrows taken as bare functions Pred A = Pred A-op, and a composite across that identification, the symmetrised transpose (id + T)/2 on M2, is not completely positive and so is not Pred of anything. Filed as 191VII in ERRATA.md. If the subcategory clause is ever wanted in Lean it goes in as a separate corollary: the naive tag does not survive EModCat's bundling (carrier equality gives only a type equality) and a cardinal separator would cost a universe bump and weaken the object clause, so the pinned form above stays the usable one.
186VIII.1|par_isTotal_iff_hat|B/Eff/StatesPredicates|ok|faithful|Proposition pardp clause 1 (eff.tex:1614) repackaged as a criterion (StatesPredicates.lean:1991): a partial map omega : Par.of X -> Par.of Y is total iff omega = hat(g) for some g : X -> Y. Two departures from the point on the STATEMENT side, neither of them a gap. (i) The uniqueness of g is dropped -- the point says 'then f = hat(g) for a unique g' -- but it is carried in full by pardp_1, which has its own 186VIII.1 row in beff-effectus-quotients.csv, and unbundled by par_hat_inj (StatesPredicates.lean:1985); so the point IS stated in the tree and this row is ok, not weaker. (ii) The iff adds the converse, that hat(g) is always total, which is not part of 186VIII.1 at all -- eff.tex states it at 188IV ('Recall 1 after hat(g) = 1'). Purpose recorded in the file: with 191VIII.2 it is how the tree computes Stat for a concrete total-form effectus.|repaired 2026-09-03, mild -> faithful on re-derivation. The forward half invokes pardp_1 (B/Eff/Effectus.lean:1576), and pardp_1 IS eff.tex:1614's printed proof, transcribed: it builds hsq.lift out of EffectusTotalForm.isPullback_kappa, i.e. the right pullback square of the effectus axioms that the point's own diagram uses, and reads uniqueness off hsq.hom_ext. Citing the sibling that carries the same DISP is the thesis's argument at one remove, not a shortcut. The converse half is two lines with no printed counterpart because it is not part of 186VIII.1 at all; eff.tex states it at 188IV, 'Recall 1 after hat(g) = 1'. So there is nothing of eff.tex:1614's proof that this declaration replaces or skips. Line refs re-checked and current.
191VIII|rng_po1|B/Eff/StatesPredicates|ok|faithful|Private, element level: the left pushout square for unital rings, f(r,s) = alpha(r,0) + beta(0,s). Transcribed from bsols.tex:1833.
191VIII|rng_po2|B/Eff/StatesPredicates|ok|faithful|Private, element level: the right pushout square, g(r) = delta(r,0). From bsols.
191VIII|rng_je|B/Eff/StatesPredicates|ok|faithful|Private, element level: joint epicity of the two cotuples over the initial ring. From bsols.
191VIII|rng_isPushout1|B/Eff/StatesPredicates|ok|faithful|Private: categorical form of the left square in RingCat.
191VIII|rng_isPushout2|B/Eff/StatesPredicates|ok|faithful|Private: categorical form of the right square.
191VIII|exc_rng_eff, exc_rng_eff_pred_idem, exc_rng_eff_no_separating_predicates, rngHomIdemEquiv, exc_rng_eff_pred_idem_orth, exc_rng_eff_pred_idem_one, exc_rng_eff_pred_idem_zero|B/Eff/StatesPredicates|weaker|faithful|Exercise exc-rng-eff, headline: Rng^op is an effectus in total form. That much is stated and proved from bsols. But PART 1 OF THE EXERCISE IS NOWHERE IN THE TREE: "the predicates on R correspond to its idempotents; p perp q iff pq = qp = 0; p^perp = 1-p; p ⋁ q = p+q; so 2 is its effect monoid of scalars; conclude Rng^op does not have separating predicates" is not stated, not as a lemma and not inside a proof. The doc comment asserts the idempotent/scalar description in prose only. 2026-08-27 unrowed pass: the four declarations tagged 191VIII.1 in the file are moved into lean_name rather than given rows of their own, so that the count of `weaker` points does not gain three duplicates of a single gap. They are: rngHomIdemEquiv (StatesPredicates.lean:2239, private), the correspondence itself as an Equiv between ring maps rngI × rngI ⟶ R and the idempotents of R by φ ↦ φ(1,0); exc_rng_eff_pred_idem_orth (2354), pᵖ = 1 − p; and the two pins exc_rng_eff_pred_idem_one (2368) and exc_rng_eff_pred_idem_zero (2383). The row stays `weaker` for exactly the three clauses the costed list names -- "p ⊥ q iff pq = qp = 0", "p ⋁ q = p + q" and "so 2 is its effect monoid of scalars" -- and for nothing else.|left-cost, and the 350-500 line costing is REVISED DOWN to about 250-350 on 2026-09-04 after a fresh search by name and by content, because two of the 2026-08-29 ground's claims have decayed. WHAT DECAYED: (1) "no computation of ParPerp or parOvee exists at ANY concrete category in the tree" is now FALSE -- ovee is computed at three, ous_ovee_eq (OrderUnit.lean:3059), eja_ovee_eq (JordanAlgebras.lean:2916) and the SET argument set_le_isSome (ExtensiveExamples.lean:855), each by exhibiting a ParBound witness by hand and closing with the generic parOvee_eq (Effectus.lean:1963); so items (iii) and (iv), the computation of Par.pproj1, Par.pproj2, parNabla, ParPerp and parOvee at Rng-op, re-cost from 140 to about 60-90 lines between them. (2) "what is missing for item (v) is only the identification of Scal (Rng-op) with Bool, and that still waits on (i) and (iii)" is now FALSE in its second half: ExtensiveExamples.lean carries a GENERIC tool for exactly this clause, par_scalarsAreTwo_of_cofan (:318), which yields ScalarsAreTwo (Par C) from a cofan presenting top + top whose two legs are distinct and are the ONLY maps top to S -- no hom-by-triples description enters. At Rng-op that hypothesis is nearly immediate from what is already here: top is the initial ring, top + top is rngII = rngI x rngI, and rngHomIdemEquiv (StatesPredicates.lean, private) says ring maps rngI x rngI to R are the idempotents of R, which at R = the initial ring are 0 and 1. So item (v) re-costs from 120 to about 40-60, and it no longer waits on item (i). WHAT SURVIVES, and is now the bulk: item (i), the analogue of rngHomIdemEquiv for (rngI x rngI) x rngI where ring maps out are triples of orthogonal idempotents summing to 1 -- there is still no triple product anywhere in the Rng development, whose only maps-out-of-a-product tools (rngHomOfIdem, rngHomIdemEquiv, rngHomIdem_compl, rngPredHomEquiv) are all at the two-factor arity, and Mathlib has nothing either; about 180 lines, cheapened only by rngIto_central and rngIto_prod_apply, which are stated for an arbitrary target and carry over unchanged. PLUS a placement problem the old ground did not see: par_scalarsAreTwo_of_cofan, ScalarsAreTwo and the parPredEquiv apparatus all live in ExtensiveExamples.lean, which is DOWNSTREAM of StatesPredicates.lean (ExtensiveExamples imports DiamondAmp imports Quotients imports StatesPredicates), so using them for Rng-op means either hoisting them into Effectus.lean, about 60-100 lines, or stating the Rng-op clauses in ExtensiveExamples instead. STILL MISSING, unchanged: "p perp q iff pq = qp = 0", "p ovee q = p + q", and "so 2 is its effect monoid of scalars". ALREADY BUILT and not part of the cost: exc_rng_eff_pred_idem, the Equiv between Pred (Par.of R-op) and the idempotents of R; p-perp = 1-p as exc_rng_eff_pred_idem_orth; the pins exc_rng_eff_pred_idem_one and _zero; and the part's conclusion, exc_rng_eff_no_separating_predicates, on the Exercise's own witness Z[X]. Revised total about 250-350 lines. Costed machinery of ours, not a defect in the print and not an author question.
191VIII.2|exc_rng_eff_no_hom, exc_rng_eff_no_separating_states|B/Eff/StatesPredicates|ok|faithful|Exercise part 2, first half only: IsEmpty (ZMod 2 →+* ℤ). The part's second half - "conclude Rng^op does not have separating states" - is not stated. Proof is the obvious one (1+1 = 0 in ZMod 2 but 2 ≠ 0 in ℤ), which is what the exercise intends.|repaired - verdict RE-DERIVED 2026-08-29 and it survives; the field is reworded because it opened with the costed verdict it had itself superseded and so read two ways at once. Both halves of part 2 of Exercise exc-rng-eff are now in the tree and neither is missing: exc_rng_eff_no_hom (StatesPredicates.lean:1963) is IsEmpty (ZMod 2 ->+* Z) by the obvious argument (1+1 = 0 in ZMod 2 but 2 is not 0 in Z), which is what the Exercise intends, and the part's conclusion is exc_rng_eff_no_separating_states (:2119), "not SeparatingStates (Par Rng^op)", on the Exercise's own route - ZMod 2 has no states while 1 and 0 are distinct partial maps out of it. Checked this pass: both compile in a file with no sorry. The tool the old note said was missing exists: parStatEquiv (:2006), "the states of Par.of X are the points of X", an Equiv Stat (Par.of X) iso (top to X) for any total-form effectus C, built from 186VIII.1 pardp with par_isTotal_iff_hat and par_hat_inj. HISTORY, not the current reading: until 2026-08-26 this row was filed as costed machinery blamed on that missing tool, and one clause of the blame was never true for Rng^op in any case - exc_rng_eff writes hasFiniteCoproducts := inferInstance and hasTerminal := inferInstance, both Mathlib globals, so the CoprodPres half of the blocker never applied here and the only real work was the iso top+top iso (rngI x rngI)^op off rngPres.hP.
192II|MConvexComb|B/Eff/StatesPredicates|ok|none|Definition (eff.tex 192II): a formal M-convex combination over X is p : X -> M with finite support and ⋁_x p(x) = 1. Encoded as toFun together with a nodup list that IS the support (x in l iff p x ≠ 0) summing to 1 under PCM.IsSumOf. Field by field this is the point; the bra-ket shorthand is a notation, not a clause.
192III.1|MConvexComb.map|B/Eff/StatesPredicates|ok|faithful|Exercise* exc-dm-effectus part 1: (D_M f)(p)(y) = ⋁_{x; f x = y} p(x). Defined by choice from exists_map, whose specification is exactly that partial sum over any nodup enumeration of the fibre. FIXME(choice) in the file records the only cost.
192III.1|MConvexComb.map_comp|B/Eff/StatesPredicates|ok|faithful|Part 1's functoriality, second half (map_id is stated separately, untagged). Proof is bsols's fibre computation.
192III.1|MConvexComb.map_eta|B/Eff/StatesPredicates|ok|faithful|Naturality of eta (bsols.tex:2016). Part of part 2's monad data rather than a clause of its own.
192III.1|exc_dm_effectus_functor|B/Eff/StatesPredicates|ok|faithful|Part 1 as an actual Functor Type u ⥤ Type u whose object part is literally MConvexComb M and whose action is literally MConvexComb.map (both rfl). The doc records that until session 10 this was an existential pinning only objects, which QUESTIONS B6 showed is satisfiable by an impostor; the repair is real. B6 is settled, not pending: Bas answered it 2026-08-15 ("yes, please fix the statements"), session 39 made the functor and monad honest definitions pinned by rfl lemmas, and the question was deleted on 2026-08-16 at f277d72. The old tail of this note -- that predMap_functor and stat_functor "still lack" the repair -- has itself expired: both gained the morphism clause and were re-classed ok on 2026-08-26 (rows 190II.5 and 192VII of this file).
192III.2|MConvexComb.mu|B/Eff/StatesPredicates|ok|faithful|Part 2: mu(Phi)(x) = ⋁_phi Phi(phi) ⊙ phi(x). By choice from exists_mu, whose specification is that sum. Matches the display.
192III.2|MConvexComb.mu_eta|B/Eff/StatesPredicates|ok|faithful|Monad law mu after eta = id. From bsols.
192III.2|MConvexComb.mu_mu|B/Eff/StatesPredicates|ok|faithful|Monad law mu after mu = mu after D_M mu. From bsols.
192III.2|MConvexComb.mu_map|B/Eff/StatesPredicates|ok|faithful|Naturality of mu (bsols.tex:2029), with the author's own route (expand, exchange the two sums, contract the inner, regroup along the fibres) recorded in the doc.
192III.2|MConvexComb.mu_map_eta|B/Eff/StatesPredicates|ok|faithful|Monad law mu after D_M eta = id (bsols.tex:2078).
192III.2|exc_dm_effectus_monad|B/Eff/StatesPredicates|ok|faithful|Part 2 as an actual Monad on Type u, with functor part exc_dm_effectus_functor and eta, mu literally MConvexComb.eta and .mu. Same session-10 repair as part 1.
192III.3|MConvexComb.eq_eta_punit|B/Eff/StatesPredicates|ok|faithful|Helper: D_M 1 is a singleton, the thesis's "D_M 1 iso 1 makes 1 final". Also covers the trivial effect monoid, which is what QUESTIONS B7 turned on. B7 asked whether 1 = 0 is admitted; Bas answered on 2026-08-15 (d61feea, "Fix 194I") that effect monoids stay possibly trivial and that 194I now performs the case split explicitly -- the shape our proof already had, so no Lean change was needed -- and the question was deleted on 2026-08-16 at f277d72.
192III.3|DMKleisli.effectus|B/Eff/StatesPredicates|weaker|faithful|Private: Kl(D_M) is an effectus in total form. The exercise says "is an effectus WITH M AS SCALARS"; the scalars clause is not asserted. Proof follows bsols.tex:2100 onwards step for step - coproducts of Kl are Set's with coprojections eta after kappa_i, empty initial, D_M 1 iso 1 final, and the two pullback squares plus joint monicity pointwise. The log's claim (session 83) that the solution is followed is ACCURATE; the one deviation it records is that the coproduct is justified through the concrete cofan rather than through the Kleisli adjunction the author cites, an ordering matter, not different mathematics.|repaired 2026-09-04: PROOF COLUMN REFILED mild -> faithful 2026-09-03: the recorded proof deviation is not a deviation. It said the coproduct is justified through the concrete cofan rather than through the Kleisli adjunction the author cites. bsols.tex:2092-2099 puts it the other way round - the main sentence is 'It is easy to see that the coproduct X+Y from Set is also a coproduct in D_M with coprojectors eta after kappa_i', and the adjunction appears only in a parenthetical '(In fact, for any category C and monad T, the inclusion functor K ... is a left adjoint and so preserves colimits.)' Our isColimitSum (StatesPredicates.lean:4288) is the concrete cofan of the main sentence, so we are on the printed route and the parenthetical is the aside. The rest is bsols step for step: isInitialEmpty (:4255) for the empty set, isTerminalOne (:4251) for D_M 1 iso 1, and the two pullback squares plus joint monicity pointwise on MConvexComb M (X + Y). THE STATEMENT SIDE IS UNCHANGED AND STILL COSTED (stmt = weaker, left-cost): eff.tex:2380 part 3 asks that Kl(D_M) be an effectus WITH M AS SCALARS, and neither DMKleisli.effectus (StatesPredicates.lean:4472) nor exc_dm_effectus_kleisli (:4513) asserts the scalars clause; nothing in the tree computes Scal of it. Named list, 270-370 lines once for the pair: (i) the instances by letI off isTerminalOne and isColimitSum, ~15; (ii) the isos top iso ob PUnit and top + top iso ob (PUnit + PUnit), ~30; (iii) the bijection Scal (Par (Kl D_M)) iso D_M(2) iso M by p to p(inl), now 25-35 rather than 60 - the inverse is MConvexComb.bin (:3296) with bin_apply (:3356), bin_self (:3364), bin_eq_zero (:3373), bin_comm (:5073) and map_bin (:3405), and the forward half is exists_splitLeft (:3959) read at X := PUnit plus MConvexComb.ext (:2581); (iv) parOvee, parOrth and Par composition COMPUTED at Kl(D_M), ~200-300, genuinely absent - no computation of ParPerp or parOvee at any concrete category occurs in the tree, Effectus.lean:1950, :1953 and :2142 being the generic definitions, and the effect-monoid structure being generic and present (scalEffectMonoid, :501) does not supply it. Item (iv) is SHARED with items (iv)/(v) of the 191II emod_effectus list and item (v) of the 191VIII list and must be counted once across all of them. Mathlib has no effect monoids. The precedent for what (iv) costs is the same computation for the von Neumann effectus at B/Eff/VNExamples.lean:2962 onwards, several hundred lines. The session-10 repair is confirmed still in place: the statement is about exc_dm_effectus_monad itself, not an arbitrary monad agreeing with D_M on objects, which was false. Part of the old blanket blocker stays expired: DMKleisli.effectus builds its terminal and coproducts from PUBLIC data (:4251, :4255, :4288, pres M :4296), so they can be brought into a statement with a letI and no hoisting is needed.
192III.3|exc_dm_effectus_kleisli|B/Eff/StatesPredicates|weaker|faithful|The public form of the row above; identical content. The doc records the session-10 repair (it used to quantify over an arbitrary monad agreeing with D_M on objects, which is false); the current statement is about exc_dm_effectus_monad itself, so the repair is in place. "with scalars M" is still not asserted.|repaired 2026-09-04: PROOF COLUMN REFILED mild -> faithful 2026-09-03: the recorded proof deviation is not a deviation. It said the coproduct is justified through the concrete cofan rather than through the Kleisli adjunction the author cites. bsols.tex:2092-2099 puts it the other way round - the main sentence is 'It is easy to see that the coproduct X+Y from Set is also a coproduct in D_M with coprojectors eta after kappa_i', and the adjunction appears only in a parenthetical '(In fact, for any category C and monad T, the inclusion functor K ... is a left adjoint and so preserves colimits.)' Our isColimitSum (StatesPredicates.lean:4288) is the concrete cofan of the main sentence, so we are on the printed route and the parenthetical is the aside. The rest is bsols step for step: isInitialEmpty (:4255) for the empty set, isTerminalOne (:4251) for D_M 1 iso 1, and the two pullback squares plus joint monicity pointwise on MConvexComb M (X + Y). THE STATEMENT SIDE IS UNCHANGED AND STILL COSTED (stmt = weaker, left-cost): eff.tex:2380 part 3 asks that Kl(D_M) be an effectus WITH M AS SCALARS, and neither DMKleisli.effectus (StatesPredicates.lean:4472) nor exc_dm_effectus_kleisli (:4513) asserts the scalars clause; nothing in the tree computes Scal of it. Named list, 270-370 lines once for the pair: (i) the instances by letI off isTerminalOne and isColimitSum, ~15; (ii) the isos top iso ob PUnit and top + top iso ob (PUnit + PUnit), ~30; (iii) the bijection Scal (Par (Kl D_M)) iso D_M(2) iso M by p to p(inl), now 25-35 rather than 60 - the inverse is MConvexComb.bin (:3296) with bin_apply (:3356), bin_self (:3364), bin_eq_zero (:3373), bin_comm (:5073) and map_bin (:3405), and the forward half is exists_splitLeft (:3959) read at X := PUnit plus MConvexComb.ext (:2581); (iv) parOvee, parOrth and Par composition COMPUTED at Kl(D_M), ~200-300, genuinely absent - no computation of ParPerp or parOvee at any concrete category occurs in the tree, Effectus.lean:1950, :1953 and :2142 being the generic definitions, and the effect-monoid structure being generic and present (scalEffectMonoid, :501) does not supply it. Item (iv) is SHARED with items (iv)/(v) of the 191II emod_effectus list and item (v) of the 191VIII list and must be counted once across all of them. Mathlib has no effect monoids. The precedent for what (iv) costs is the same computation for the von Neumann effectus at B/Eff/VNExamples.lean:2962 onwards, several hundred lines. The session-10 repair is confirmed still in place: the statement is about exc_dm_effectus_monad itself, not an arbitrary monad agreeing with D_M on objects, which was false. Part of the old blanket blocker stays expired: DMKleisli.effectus builds its terminal and coproducts from PUBLIC data (:4251, :4255, :4288, pres M :4296), so they can be brought into a statement with a letI and no hoisting is needed.
192IV|MConvex|B/Eff/StatesPredicates|ok|none|Definition: an abstract M-convex set is (X,h) with h(eta x) = x and the displayed multiplication law, equivalently h after mu = h after D_M h. Both fields present and in the parenthetical (Eilenberg-Moore) form, which the point offers as equivalent.
192IV|MConvex.IsAffine|B/Eff/StatesPredicates|ok|none|Definition of M-affine, in the displayed elementwise form f(h_X(p)) = h_Y(D_M f (p)). THESIS TYPO, not in ERRATA: 192IV's parenthetical "(Equivalently: h_X after D_M f = f after h_Y)" does not typecheck in either composite; it must read h_Y after D_M f = f after h_X, which is what Lean has.
192IV|MConvex.Cancellative|B/Eff/StatesPredicates|ok|none|Definition of cancellative, with bin l y x the mixture of y (weight l) and x (weight l^perp), and the quantifier over lambda ≠ 1. Matches the display exactly.
192IV|AConvMCat|B/Eff/StatesPredicates|ok|none|The category AConv_M: objects are bundled (carrier, structure), homs are affine maps. Matches; the "equivalently the Eilenberg-Moore category" reading is not separately established.
192V.1|MConvex.ofConvex|B/Eff/StatesPredicates|ok|none|Examples clause 1, the structure: a convex subset s of a real vector space with h of a combination is sum lambda_i x_i. The formula is pinned by MConvex.ofConvex_h.
192V.1|convex_subset_mconvex|B/Eff/StatesPredicates|ok|faithful|Examples clause 1, the claim: that structure is cancellative. Proof is the obvious real-vector-space cancellation. (Clause 2 of the Examples - the triangle T/~, an abstract [0,1]-convex set that is not a convex subset and is not cancellative - is not formalized; the file header says so.)
192V.3|semilattice_unitInterval_convex|B/Eff/StatesPredicates|ok|faithful|Examples clause 3, first half: every semilattice is an abstract [0,1]-convex set with h of a combination is the join of the x_i with lambda_i ≠ 0. The structure map IS pinned (the doc explains why Nonempty would be much weaker) - contrast stat_mconvex below, where it is not. No thesis proof (a bare citation to neumann1970quasivariety); the argument is ours.
192V.3|semilattice_cancellative_iff|B/Eff/StatesPredicates|ok|faithful|Examples clause 3, second half: a semilattice is cancellative iff x = y for all x, y. Stated as an iff for any structure satisfying the join formula. No thesis proof; the lambda = 1/2 argument is ours.
192V.4|cancellative_iso_convex|B/Eff/StatesPredicates|ok|none|Examples clause 4: every cancellative abstract [0,1]-convex set is isomorphic to a convex subset of a real vector space. The target's convex structure is PINNED to MConvex.ofConvex (session 9 repair) and "isomorphic" is rendered as an affine bijection, which is an isomorphism in AConv_[0,1] because the inverse of a bijective affine map is affine - so nothing is lost. CHECKED THE LOG'S CLAIM: eff.tex 192V.4 is an unlabelled Examples bullet citing statesofconvexsets thm. 8, it is not an Exercise, and bsols.tex has no solution keyed to it (its only convex/cancellative hits are inside the aconv-cong solution). So the session-85 claim "there is nothing to transcribe" is accurate and proof = none is the right verdict; the free-vector-space argument in the file is an independent check, not a divergence.
192VII|statSum_eta|B/Eff/StatesPredicates|ok|faithful|The proof's "clearly h of a Dirac is phi".
192VII|statSum_mu|B/Eff/StatesPredicates|ok|faithful|The displayed six-line computation of 192VIII, in the form ⋁_i (⋁_j phi_ij after lambda_ij) after sigma_i = ⋁_{i,j} phi_ij after (sigma_i ⊙_op lambda_ij). Fubini for iterated partial sums replaces the chain of cotuple/tuple rewrites, but it is the same identity and the same reason.
192VII|statMap|B/Eff/StatesPredicates|ok|none|(Stat f)(phi) = f after phi, with totality carried.
192VII|statSum_statMap|B/Eff/StatesPredicates|ok|faithful|The proof's "f after ⋁_i phi_i after lambda_i = ⋁_i f after phi_i after lambda_i, which is clearly true".
192VII|statMConvex|B/Eff/StatesPredicates|ok|faithful|The convex structure on Stat X, with its structure map pinned by statMConvex_h (which carries no DISP).
192VII|statMap_isAffine|B/Eff/StatesPredicates|ok|faithful|Stat f is M^op-affine for total f, exactly as the Proposition's second sentence says.
192VII|statFunctor|B/Eff/StatesPredicates|ok|faithful|The functor Stat : Tot C ⥤ AConv_{M^op}, given directly with the right action on maps.
192VII|stat_mconvex|B/Eff/StatesPredicates|ok|faithful|Proposition 192VII, first half, as Nonempty (MConvex (Scal C)^op (Stat X)) - which does not mention h at all, and so does not assert the point's "with h of a combination equal to the cotuple of the phi_i after the tuple of the lambda_i". This is exactly what 192V.3's own doc comment warns against three thousand lines earlier. The pinned form is present in the neighbourhood as statMConvex + statMConvex_h, so nothing is lost in the file as a whole, but the DISP-carrying public statement is weaker than the point.|repaired - stat_mconvex (StatesPredicates.lean:5282) is now an existential over the structure with the point's own h pinned as a second component: st.h p is the partial sum of the lambda_i after phi_i over any enumeration of the support, the expanded form of the cotuple after the tuple. The pinned witness statMConvex_h, previously untagged, is what discharges it.  2026-08-26 B/Eff stmt pass: RECLASSIFIED weaker -> ok. VERIFIED: stat_mconvex (StatesPredicates.lean:5279) is an existential over the MConvex structure with the point's h PINNED as a second component -- st.h p is the partial sum of phi_i after lambda_i over any nodup enumeration of the support of p, which is the expanded form of the cotuple after the tuple. The bare Nonempty form the row objected to is gone.
192VII|stat_functor|B/Eff/StatesPredicates|ok|faithful|Proposition 192VII, second half, as ∃ F, ∀ X, (F.obj X).carrier = Stat X - pinning only the object part, so it does not assert that the functor's action is f -> f after (-). Same defect as predMap_functor and emod_effectus_representation, and the same one QUESTIONS B6 had repaired for 192III.1/.2 -- B6 itself was answered by Bas on 2026-08-15, implemented in session 39 and deleted from QUESTIONS.md on 2026-08-16 at f277d72, so it records a finished ruling and not a pending one. The finding above is superseded by the status field, and predMap_functor has since been repaired the same way. The affineness half IS separately stated (statMap_isAffine), and statFunctor gives the honest functor.|repaired - stat_functor (StatesPredicates.lean:5296) now adds the morphism clause HEq (F.map f).1 (statMap f.1 f.2) to the object clause, witnessed by the statFunctor already in the file, so the action f to f after (-) is pinned.  2026-08-26 B/Eff stmt pass: RECLASSIFIED weaker -> ok. VERIFIED: stat_functor (StatesPredicates.lean:5296) pins the morphism action, HEq (F.map f).1 (statMap f.1 f.2), alongside the object clause, witnessed by statFunctor. Same repair as 192III.1/.2.
193II|MConvex.IsCongruence|B/Eff/StatesPredicates|ok|none|Definition aconv-cong: phi ~ psi (i.e. D_M q phi = D_M q psi) implies h(phi) ~ h(psi). Rendered with Quotient.mk of a Setoid. Matches.
193II.1|aconv_cong_surjective|B/Eff/StatesPredicates|ok|faithful|Part 1 asks for the surjectivity of q, D_M q AND D_M D_M q; only the last two are stated (the doc says "as is q itself" but does not state it). Proof is the author's: D_M of a section of q is a section of D_M q.|repaired - aconv_cong_surjective (StatesPredicates.lean:5321) is now the three-fold conjunction the part asks for: q, D_M q and D_M D_M q are all surjective. The proof is still the author's.  2026-08-26 B/Eff stmt pass: RECLASSIFIED weaker -> ok. VERIFIED: aconv_cong_surjective (StatesPredicates.lean:5325) is the three-fold conjunction the part asks for -- q, D_M q and D_M D_M q all surjective -- with the author's proof (D_M of a section of q is a section of D_M q).
193II.2|aconv_cong_iff|B/Eff/StatesPredicates|ok|faithful|Part 2's equivalence (congruence iff h descends). The point's trailing sentence "By the previous point h_∼ is unique, if it exists" is not stated - and it is not free, it is what makes h_∼ well defined. Proof is the thesis's, in both directions.|repaired - aconv_cong_iff (StatesPredicates.lean:5350) is now stated with ExistsUnique, so the point's trailing "by the previous point h_~ is unique, if it exists" is on record; uniqueness is proved from surjectivity of D_M q, i.e. from 193II.1, which is the point's own justification.  2026-08-26 B/Eff stmt pass: RECLASSIFIED weaker -> ok. VERIFIED: aconv_cong_iff (StatesPredicates.lean:5354) is stated with ExistsUnique, so the point's trailing 'by the previous point h_~ is unique, if it exists' is on record; uniqueness comes from surjectivity of D_M q, i.e. from 193II.1, which is the point's own justification.
193II.3|aconv_cong_quotient|B/Eff/StatesPredicates|ok|faithful|Part 3's conclusion: (X/~, h_~) is an abstract M-convex set and q is M-affine. The structure is not left free - affineness of q IS the defining equation h_~ after D_M q = q after h, so h_~ is pinned. The displayed intermediate equation of part 3 is not stated separately; it is the h_mu field's proof.
193III|affine_kernel_cong|B/Eff/StatesPredicates|ok|faithful|Exercise affine-kernel-cong: the kernel of an affine map is a congruence. Proof is the obvious factorisation, which is the intended one.
193IV|least_conv_cong|B/Eff/StatesPredicates|ok|faithful|Exercise least-conv-cong, now stated in full and proved the Exercise's way. The derivation relation is MConvex.DerivStep (StatesPredicates.lean:5998) and MConvex.Deriv (:6010); sim is MConvex.derivSetoid (:6169), x sim y iff eta x approx eta y; the three conjuncts of the Exercise's conclusion are derivSetoid_isCongruence (:6267), rel_le_derivSetoid (:6274) and derivSetoid_least (:6286), and least_conv_cong (:6301) just returns them. Parts 1-3 of the Exercise have their own rows below, and the characterisation the point is really after is least_cong_iff_deriv (:6314). MODELLING NOTE, for whoever reads the definition next: D_M X is a support function in this tree and not a list of coefficient-point pairs, so the Exercise's `same coefficients, R*-related points' step is carried by ONE formal combination Theta over X x X whose support consists of R*-related pairs, with phi = D_M(pi1)(Theta) and psi = D_M(pi2)(Theta). The two readings agree: merging repeated pairs (x_j,y_j) turns a presentation into such a Theta, and Theta's support list is such a presentation.|repaired 2026-09-03: the calculus was built and least_conv_cong put on it, ~430 lines against eff.tex:2729-2760 and bsols.tex:2303-2400. THE 700-1100 ESTIMATE WAS HIGH BY ABOUT A FACTOR OF TWO and the reason is worth recording, since it was carried for three passes. The costing assumed the part-2 and part-3 computations would be done in PCM.IsSumOf with the list toolkit around MConvexComb.sum_one. They were not: with the Theta-over-X-x-X encoding of a step every computation stays inside naturality lemmas the file already had (map_comp, map_eta, map_const, map_id, mu_map, mu_map_eta, mu_eta and the algebra law h_mu), and not one new IsSumOf manipulation was needed. Four new support lemmas were the whole extra bill: MConvexComb.map_congr (:5785), exists_of_map_ne_zero (:5806), eq_of_eta_ne_zero (:5822) and exists_of_mu_ne_zero (:5831), none over 20 lines. The one real device is in deriv_mu_step (:6061): a family of steps of mixed kinds is split into an all-kind-1 step followed by an all-kind-2 step, using derivRel_self (:6018) - every phi stands in the kind-2 relation to itself - which is what lets part 2 be proved for a whole family at once rather than once per kind per point, as the costing had assumed. Part 3 needed no choice of representatives either: Quotient.out of the class is the r_x of bsols.tex:2360 and factors through q by construction. Downstream, exactly as the old costing predicted: 193IX's second half and 194I.4 are now both on the thesis's own route.
193IV|MConvex.DerivStep, MConvex.Deriv|B/Eff/StatesPredicates|ok|none|The relation approx of eff.tex:2737-2751: a tuple Phi_1..Phi_n with Phi_1 = psi_1, Phi_n = psi_2 and, at each step, either matching coefficients with R*-related points or h(Phi_i) = h(Phi_i+1). Deriv is the reflexive-transitive closure of the one-step relation DerivStep; it is symmetric too (deriv_symm, :6043), each step being so (derivStep_symm, :6031). R* is Relation.EqvGen R. The point prints a definition and no argument, hence proof none.|row added 2026-09-03 with the rest of 193IV's calculus. The encoding of the `matching coefficients' step by a single combination Theta over X x X, rather than by a pair of presentations, is written out on the least_conv_cong row.
193IV.1|MConvex.deriv_eta_h, MConvex.deriv_h|B/Eff/StatesPredicates|ok|faithful|Part 1: eta(h(psi)) approx psi, and phi approx psi implies h(phi) sim h(psi).|row added 2026-09-03: the solution's own two lines (bsols.tex:2305-2311) - eta(h(psi)) approx psi is a single step of the h-kind because h(eta(h(psi))) = h(psi), and the second half is the chain eta(h(phi)) approx phi approx psi approx eta(h(psi)).
193IV.2|MConvex.deriv_mu_update, MConvex.deriv_mu_congr|B/Eff/StatesPredicates|ok|faithful|Part 2: replacing a point psi of mu(lambda_0 ket psi ovee ovee_j lambda_j ket chi_j) by an approx-related phi gives an approx-related combination. deriv_mu_update (:6096) is the point as printed - the combination is presented as Xi over an index set with points F, and the point replaced is the one at a distinguished index. deriv_mu_congr (:6120) is the all-points-at-once form that part 3 uses.|row added 2026-09-03: bsols.tex:2312-2355 does the computation once per kind of step and then induces along the chain. Here deriv_mu_step (:6061) does one link for a whole family - the h-kind link is the solution's h after mu = h after D_M h computation, the R*-kind link glues the witnesses into mu(D_M Theta (Xi)) by naturality of mu - and deriv_mu_update inducts along the chain; deriv_mu_congr then replaces one point at a time along a repetition-free list enumerating the support of Xi.
193IV.3|MConvex.deriv_map_rep, MConvex.deriv_of_quot_eq|B/Eff/StatesPredicates|ok|faithful|Part 3: every phi is approx to its normal form D_M(rep)(phi), and phi sim psi implies phi approx psi.|row added 2026-09-03: bsols.tex:2356-2380. The solution's n-step computation along the support list is deriv_mu_congr applied to phi = mu(D_M eta (phi)) with the two families eta and eta after rep; the representatives r_x are Quotient.out of the class, which is what makes rep factor through q and hence makes the two normal forms equal when D_M q (phi) = D_M q (psi).
193IV|least_cong_iff_deriv|B/Eff/StatesPredicates|ok|faithful|The characterisation the Exercise is after (eff.tex:2733, `we need to know a bit more than mere existence'): ANY least congruence containing R relates x and y exactly when there is a derivation from eta x to eta y.|row added 2026-09-03: both directions are leastness applied twice, to derivSetoid and to the given congruence.
193IV|MConvex.derivSetoid, MConvex.derivSetoid_isCongruence, MConvex.rel_le_derivSetoid, MConvex.derivSetoid_least|B/Eff/StatesPredicates|ok|faithful|The relation x ~ y iff eta x is derivable to eta y as a setoid, and the three conjuncts of the Exercise's conclusion: it is a congruence, contains R, and is below every congruence containing R. least_conv_cong returns these three.|row added 2026-09-04 with the 193IV conversion.
193IV.2|MConvex.deriv_mu_step|B/Eff/StatesPredicates|ok|faithful|Private device of part 2: a mixed family of derivation steps splits into an all-kind-1 step followed by an all-kind-2 step, so part 2 is proved for a whole family at once.|row added 2026-09-04 with the 193IV conversion.
193IV.3|MConvex.deriv_le_of_congruence|B/Eff/StatesPredicates|ok|faithful|Part 3's other direction: a derivable pair is related by every congruence containing R.|row added 2026-09-04 with the 193IV conversion.
193V|aconv_coprod, AConvMCat.coprodRel|B/Eff/StatesPredicates|ok|faithful|Proposition aconv-coprod, rendered as HasBinaryCoproducts (AConvMCat.{u, max u v} M). The Proposition asserts more: that the SPECIFIC C = D_M(X+Y)/~ with c_i = q after eta after kappa_i is a coproduct. The construction is inside the proof and neither C nor the c_i is pinned, so 193IX's "by our construction, every element of X+Y is h of a combination of coprojected elements" cannot be read off the statement - which is why coprodQuot_surjective has to be re-proved from the universal property. Also a universe departure the doc records and justifies: the carrier lands in Type (max u v), and at Type v with v < u the statement would be false. Proof is 193VI-193VIII. 2026-08-27 unrowed pass: AConvMCat.coprodRel (StatesPredicates.lean:5992) added to lean_name. It is the relation of eff.tex:2787 that the repair introduced so that aconv_coprod could pin the Proposition's own construction C = D_M(X+Y)/~ rather than assert only HasBinaryCoproducts. Verdict unchanged.|repaired - aconv_coprod (StatesPredicates.lean:5520) now pins the construction: for every X, Y it asserts a least congruence r on the free algebra containing the new def AConvMCat.coprodRel (the relation of eff.tex:2787), a convex structure on the quotient, and coprojections given literally by c_i x = q(eta(kappa_i x)), with IsColimit of the cofan. HasBinaryCoproducts survives as the second conjunct. The universe departure to AConvMCat.{u, max u v} is stated and justified in the doc.  2026-08-26 B/Eff stmt pass: RECLASSIFIED weaker -> ok. VERIFIED: aconv_coprod (StatesPredicates.lean:5524) pins the construction the Proposition asserts -- for every X, Y a least congruence r on the free algebra containing AConvMCat.coprodRel (the relation of eff.tex:2787), a convex structure on the quotient, coprojections given literally by c_i x = q(eta(kappa_i x)), and IsColimit of that cofan; HasBinaryCoproducts survives as the second conjunct. The universe departure to AConvMCat.{u, max u v} is stated in the doc and is forced (at Type v with v < u the statement is false).
193IX|AConvMCat.coprodQuot_surjective|B/Eff/StatesPredicates|ok|faithful|Remark elements-coprod-conv, existence half: every element of X + Y is h of a combination of coprojected elements. Proved the Remark's own way (`by our construction'): 193V's construction is redone in situ and coprodQuot descends to an affine retraction of the quotient map. The Remark's second half - the characterisation of when two such expressions are equal - is now stated too, on the AConvMCat.coprodQuot_eq_iff row below.|repaired 2026-09-04: faithful, re-checked 2026-09-03 against eff.tex:2884-2913. The stmt verdict moves weaker -> ok because the half this row was graded weaker for is now in the tree: AConvMCat.coprodQuot_eq_iff (StatesPredicates.lean:6917), which is 193IV's derivation calculus instantiated at the free algebra (D_M(X+Y), mu) and coprodRel. The proof of the existence half is unchanged and is still the Remark's own; the 700-1100 line figure this row carried was the least_conv_cong figure and is spent.
193IX|AConvMCat.coprodQuot_eq_iff|B/Eff/StatesPredicates|ok|faithful|Remark elements-coprod-conv, second half: two formal combinations have the same image in X + Y iff there is a derivation Phi_1..Phi_l in D^2_M(X+Y), in the sense of 193IV for the free algebra (D_M(X+Y), mu) and coprodRel. This is the half the Remark exists for (`we need to know more about the coproduct than Linton's construction provides') and the one the thesis appeals to at eff.tex:3069, 3085, 3092, 3445 and 3528; 194I.4 runs its induction on it.|row added 2026-09-03, 111 lines, once 193IV's calculus existed. Left to right: [c1,c2] after coprodQuot and the quotient map q are two affine maps out of the free algebra agreeing on the Diracs, so freeStr_ext makes them equal, and coprodQuot phi = coprodQuot psi therefore forces q phi = q psi, which by definition of derivSetoid is the derivation. Right to left: the kernel of coprodQuot is a congruence (193III) containing coprodRel, so deriv_le_of_congruence carries the derivation into it. NOTE for whoever reads eff.tex:2920-2947: the thesis lists the R*-classes of coprodRel concretely (equal, or both D_M kappa_1 of things with equal h_X, or both D_M kappa_2 of things with equal h_Y); that normal form is NOT derived here and is not needed - 194I.4's induction runs on Relation.EqvGen coprodRel directly, through two invariants that are constant on it.
193X|n_times_one_aconvm_terminal|B/Eff/StatesPredicates|ok|faithful|Exercise n-times-one-aconvm, first half: the one-element set is an abstract M-convex set and the final object of AConv_M. Both halves present (AConvMCat.punit carries the structure).
193X|n_times_one_aconvm|B/Eff/StatesPredicates|ok|faithful|Second half: n.1 iso D_M{1..n} in AConv_M. Proof is the exercise's own hint - D_M X is free, so D_M{1..n} is the n-fold coproduct of D_M 1 = 1 - and needs nothing from 193V's construction.
194I.4|AConvMCat.coprod_inl_injective|B/Eff/StatesPredicates|ok|faithful|An ingredient of 194I.4 rather than a clause: kappa_1 is injective in AConv_M. Proved as the thesis proves it, by the induction over derivations of eff.tex:3062-3175, the longest argument of parsec 194.|repaired 2026-09-03: rewritten onto the printed route, ~100 lines, statement byte-identical. From kappa_1(x_0) = kappa_1(x'_0) the derivation of 193IX (AConvMCat.coprodQuot_eq_iff) is taken and the induction runs on the thesis's IH(i) - the Y-mass of mu(Phi_i) is zero and h_X of its X-part is x_0 - whose first half is stated here as `mu(Phi_i) is D_M kappa_1 of some chi'. Two invariants carry a step whose points are only known to be coprodRel*-related, and both are constant on coprodRel* by a four-case induction on Relation.EqvGen, so the thesis's concrete normal form for R* is not needed. The first is D_M(isRight)(phi), which is eta(false) on the image of D_M kappa_1 and eta(true) on that of D_M kappa_2; it transports the first half of IH and is the formal content of the thesis's `the third possibility does not occur'. The second is h_X(D_M[id_X, x_0](phi)), which IS the thesis's padded value h_X(r_j ket x_0 ovee ovee_x phi(kappa_1 x) ket x) - collapsing Y onto x_0 is exactly what adds the r_j ket x_0 term - and with h after mu = h after D_M h it transports the second half. The old proof (retract kappa_1 by [id_X, const x_0], empty X separately) is gone. On record, since the old costing raised it: 178V emond_lemma_for_conv is STILL unused - the thesis cites it at eff.tex:3127 for zeta_ij odot r_ij = 0, a step the padded-map formulation never has to take - so the dead limb at docs/DEAD-LIMBS.md stands but its recorded reason, that it is blocked on this row, is now wrong.
194I|aconvalmosteffectus_coproducts|B/Eff/StatesPredicates|ok|faithful|Proposition aconvalmosteffectus, part 1: AConv_M has finite coproducts. Universe max u v, as at 193V. The proof splits on 1 = 0 exactly as the (now corrected) text does - for the trivial effect monoid the empty set is not an object of AConv_M and 1 is initial instead. QUESTIONS B7 -- is the trivial effect monoid admitted? -- is settled by that same case split: Bas answered on 2026-08-15 (d61feea) that effect monoids stay possibly trivial and corrected 194I to split explicitly, and the question was deleted from QUESTIONS.md on 2026-08-16 at f277d72.|repaired 2026-09-03, mild -> faithful on re-derivation. The single recorded deviation - that binary coproducts are cited from aconv_coprod (StatesPredicates.lean:6017) instead of being re-derived inline - is not a deviation: eff.tex:2969 opens the printed proof with 'In aconv-coprod we proved AConv_M has binary coproducts and in n-times-one-aconvm that the one-element set 1 is its final object', so the thesis cites the same two lemmas we do. What remains, the initial object, is the printed argument case for case: for M = 1 every abstract M-convex set is a singleton and any of them is initial (ours takes 1), and for M non-trivial D_M(empty) is empty so the empty set is an object and is initial. aconvalmosteffectus_coproducts is at :6607 and aconv_coprod at :6017, both current. The 1 = 0 split is the corrected text's own and is what settled QUESTIONS B7 (Bas, 2026-08-15, d61feea; entry deleted 2026-08-16, f277d72).
194I|aconvalmosteffectus_terminal|B/Eff/StatesPredicates|ok|faithful|Part 2: AConv_M has a final object, from 193X as the thesis says. Stated at AConvMCat.{u,v} (no universe restriction needed here).
194I|aconvalmosteffectus_jointlyMonic|B/Eff/StatesPredicates|ok|faithful|Part 3: the two cotuples 1+1+1 -> 1+1 are jointly monic. Proof is the thesis's: identify 1+1+1 with D_M{1,2,3} and 1+1 with D_M{1,2} by 193X, under which the maps become (a,b,c) -> (a, b ⋁ c) and (a,b,c) -> (b, a ⋁ c), and then a = a', b = b', c = (a ⋁ b)^perp.
194I|aconvalmosteffectus_kappaPullback|B/Eff/StatesPredicates|ok|faithful|Part 4: the right (kappa_1) pullback squares hold. The thesis's argument is followed for this declaration: zero Y-mass forces alpha(z) = kappa_1(x_z), and gamma is affine because kappa_1 is monic. The two facts the printed proof defers -- surjectivity of coprodQuot and injectivity of kappa_1 -- are cited from their own declarations, which carry their own rows (193IX and 194I.4) and their own verdicts.|REFILED mild -> faithful 2026-09-03 on re-derivation. aconvalmosteffectus_kappaPullback (B/Eff/StatesPredicates.lean:6753) follows eff.tex:3013-3055 for what it itself proves, and follows it closely: from (!+!) after alpha = kappa_1 after ! every alpha(z) is shown to have zero Y-mass (hzero, via MConvexComb.eq_zero_of_map_eq_zero), hence alpha(z) = kappa_1(x_z) (MConvexComb.exists_map_inl), and gamma = x_(-) is affine because kappa_1 is monic (hgaff). The printed proof itself DEFERS the two ingredients - 'For the moment, assume kappa_1 is injective' - and so does ours: injectivity of kappa_1 is cited from AConvMCat.coprod_inl_injective (:6566, calls at :6811 and :6864) and surjectivity of D_M(X+Y) -> X+Y from AConvMCat.coprodQuot_surjective (:6477, call at :6821). Those two carry the divergence from 193IV's derivation calculus and each has its own row and its own costed verdict (194I.4 and 193IX); charging it to this row as well counted it twice, which is what the LEFT-COST filed here did. THE EARLIER CORRECTION STANDS: the field once named '194I.4 and 196II' as the two ingredients, and 196II AConvMCat.aconv_left_pullback is the LEFT pullback square and is not called from here at all.
195II|EffectDivisoid|B/Eff/StatesPredicates|ok|none|Definition dfn-effect-divisoid, compared field by field against the CORRECTED reading the Beware 195IIa supplies. div_le = "a/b <= b/b", mul_div = "b ⊙ (a/b) = a", div_unique = "if c <= b/b and b ⊙ c = a then c = a/b" (the Beware's two bullets, replacing the circular "is the unique element"), le_div_self = axiom 2, div_div_self = axiom 3. div is a total operation whose axioms are all guarded by a ≼ b, which is the standard rendering of a partial operation and is documented. Nothing is missing.
195IV.1|exc_divisoid_basics_1|B/Eff/StatesPredicates|ok|faithful|Exercise exc-divisoid-basics clause 1: all five identities (0/0 = 0, 1/1 = 1, a/1 = a, (a/a)⊙(a/a) = a/a, (a⊙b)/a = (a/a)⊙b) in one conjunction. Each closed by the uniqueness axiom, which is what the exercise intends.
195IV.2|exc_divisoid_basics_2|B/Eff/StatesPredicates|ok|faithful|Clause 2: (b/c) ⊙ (a/b) = a/c for a <= b <= c. Again by uniqueness.
195V.1|unitInterval.effectDivisoid|B/Eff/StatesPredicates|ok|none|Examples clause 1, first half: [0,1] is an effect divisoid with the ordinary quotient and 0/0 = 0. The division is made total by truncating at 1, which the doc notes changes nothing where a <= b. The two-element effect monoid 2 is covered by the (untagged) instance immediately below, so clause 1 is complete. The point as a whole is NOT fully stated: its clauses 4 and 5 are stated nowhere, and that defect is recorded on the 195V.2 prodEffectDivisoid row below (which is graded weaker for it); clause 3 is carried by 213I andthen_effect_divisoid in beff-dagger-diamondamp.csv. The Examples point prints no argument; clause 1 only states the division.|repaired 2026-09-04, regraded 2026-09-04: reclassified faithful -> none. the point prints no argument -- 195V is an Examples point (eff.tex:3243-3279) and clause 1 only states the division on [0,1] and on 2 -- so there is nothing for faithful to match.
195V.2|prodEffectDivisoid|B/Eff/StatesPredicates|ok|none|Examples clause 2: a product of effect divisoids is one, componentwise; `in particular [0,1]^n' follows by iteration and is not stated. This row remains the Examples point's defect-carrying row. CARRIED: clause 1 by unitInterval.effectDivisoid and the untagged Bool instance below it; clause 2 by prodEffectDivisoid itself; clause 3 by 213I andthen_effect_divisoid in beff-dagger-diamondamp.csv; clause 4 by the 195V.4 row below; clause 5's first half by the 195V.5 row below. clause 5's second half, that the effect monoid on the unit interval of L^inf[0,1] IS an effect divisoid, since 2026-09-04 by linfty_unitInterval_divisoid and linfty_Icc_unitInterval_divisoid in Theses/B/Eff/VNExamples.lean, rowed as 195V.5 in beff-vnexamples.csv. NOTHING IS MISSING ANY MORE, so this row is regraded weaker -> ok; it was the point's defect carrier and there is no longer a defect.|repaired 2026-09-04, regraded weaker -> ok: the last open clause is built. The L^inf half went into VNExamples.lean and not beside cIcc_unitInterval_not_divisoid because thesis B may import thesis A only through that file (author ruling 2026-08-17) and the tree's L^inf is Linfty mu of Theses/A/VN/Basic.lean. The 250-400 line estimate below was right in size (577 lines) and wrong in route: nothing had to be identified with C(X) for a hyperstonean X, and no Gelfand theory was used. The division is built directly on a.e. classes; two thirds of the cost was re-deriving the C*-order of Linfty mu as the a.e. pointwise order from the public interface, thesis A's construction block being private. See the 195V.5 row in beff-vnexamples.csv. Clause 4 was BUILT 2026-09-03 (DivisionEffectMonoid StatesPredicates.lean:7651 and opEffectDivisoid :7703) and so was clause 5's first half (cIcc_unitInterval_not_divisoid :8477).
195V.4|DivisionEffectMonoid, opEffectDivisoid|B/Eff/StatesPredicates|ok|none|Examples clause 4: if M is a division effect monoid as in Cho, Total and partial computation in categorical quantum foundations, dfn 6.3, then M^op is an effect divisoid in the obvious way. DivisionEffectMonoid (StatesPredicates.lean:7651) transcribes that definition - for a <= b with b nonzero there is a unique q with q odot b = a, i.e. division on the side opposite to a divisoid's - and opEffectDivisoid (:7703) is the instance. The point prints no argument (`in the obvious way'), hence proof none.|row added 2026-09-03. The five divisoid fields come out as: b/b = 1 for b nonzero, so a/b <= b/b and a <= a/a are both ea_le_one; 1/1 = 1, so (a/a)/(a/a) = a/a; and at b = 0 the hypothesis a <= 0 forces a = 0 and everything is 0, which is why opDiv (:7678) sets a/0 = 0 - an effect divisoid's uniqueness axiom constrains a/b at b = 0, where Cho's definition says nothing. The transcription was CHECKED against the source (arXiv:1511.01569v1, dfn 6.3, quoted verbatim in the class's doc comment): `an effect monoid M has division if for all s, t in M with s <= t and t nonzero, there exists unique quotient q in M such that q . t = s'. The Lean class is that, field for field, with the quotient made a total function as EffectDivisoid's division is.
195V.5|cIcc_unitInterval_not_divisoid|B/Eff/StatesPredicates|ok|faithful|Examples clause 5, first half: the effect monoid on the unit interval of C[0,1] is NOT an effect divisoid. The clause's second half, that the unit interval of L^inf[0,1] IS one, is carried since 2026-09-04 by linfty_unitInterval_divisoid and linfty_Icc_unitInterval_divisoid in Theses/B/Eff/VNExamples.lean, which has its own 195V.5 row in beff-vnexamples.csv (it lives there because thesis B may import thesis A only through that file). Both halves of the clause are therefore stated and this row is regraded weaker -> ok.|row added 2026-09-03, 53 lines. The route is the one the clause names (`see basic-divisoid-equiv'): by 195VI the unit interval of C(X) is a divisoid iff X is basically disconnected, and [0,1] is not - the support of f(x) = max (x - 1/2) 0 is the half-open (1/2, 1], whose closure [1/2, 1] is not open in [0,1] because 1/2 is not interior to it. Regraded weaker -> ok on 2026-09-04, when the L^infty half landed; the flag this status used to carry against the 195VI row is discharged, that row's note now naming both carriers.
195VI|basic_divisoid_equiv|B/Eff/StatesPredicates|ok|faithful|Exercise* basic-divisoid-equiv: for compact Hausdorff X, the unit interval of C(X) is an effect divisoid iff X is basically disconnected. Both directions stated as an iff; the equivalent formulations offered by the point (sigma-Dedekind completeness, bounded omega-completeness) are not, nor is the 'in particular C[0,1] is not, L^infty[0,1] is' that closes 195V.5 - that consequence is now carried on both sides - for C[0,1] by cIcc_unitInterval_not_divisoid (row 195V.5 above) and for L^infty[0,1] by linfty_Icc_unitInterval_divisoid in Theses/B/Eff/VNExamples.lean (2026-09-04, rowed as 195V.5 in beff-vnexamples.csv), the latter NOT through this Exercise's criterion but by a direct construction on a.e. classes, since applying the criterion would need L^infty[0,1] presented as C(X) for a hyperstonean X. The forward direction is the Exercise's part 1 and the converse its part 2.|REFILED mild -> faithful 2026-09-03 on re-derivation against eff.tex:3280 (basic-divisoid-equiv) and basic_divisoid_equiv at B/Eff/StatesPredicates.lean:7601. The recorded deviation - that the divisoid axioms are discharged in a different order from the Exercise's - is not a divergence from the printed route: the Exercise's part 2 says 'Show f/f is the characteristic function of the closure of the support and f/g <= g/g. Prove that this partial division turns the unit interval of C(X) into an effect divisoid', and that is exactly the order the converse runs in - hone (f/f is the characteristic function), then div_le (f/g <= g/g), then mul_div, div_unique, le_div_self, div_div_self. The FORWARD direction is part 1 verbatim: Urysohn (exists_continuous_zero_one_of_isClosed) gives g with g(y) = 0 and g = 1 on the closure of the support, min(f/f, g) is the Exercise's competitor 0 <= g <= f/f, div_unique forces min(f/f, g) = f/f and so (f/f)(y) = 0, and f/f is 0-1 valued because it is idempotent; the closure of the support is then the open preimage of (1/2, infinity). The converse's division is the Exercise's own supremum of the truncations h_n (exists_divisoid_div). No step is hidden. Statement side unchanged and recorded above. Dead-limb check re-run: exc_divisoid_basics_1 (195IV.1, :6900) still has zero uses and eff.tex still carries no sref to exc-divisoid-basics, so it is a terminal exercise rather than an orphan of this route.
195VII|divisoid_div_ovee|B/Eff/StatesPredicates|ok|faithful|Proposition eff-divisoid-add: a perp b and a ⋁ b <= c give (a⋁b)/c = a/c ⋁ b/c, with the orthogonality of a/c and b/c delivered as part of the conclusion (the thesis leaves it implicit in writing the ⋁). Audited against the corrected proof: the doc's claim that the printed proof used to open with a false lemma and that the step is now deleted upstream is BORNE OUT by eff.tex as it stands, whose 195VIII is exactly the two-step argument the Lean proof runs.
196II|AConvMCat.aconv_left_pullback|B/Eff/StatesPredicates|ok|route|Theorem aconvm-is-effectus, the one remaining axiom: the left square is a pullback in AConv_M. Divergence class 2, recorded in the doc and in three ERRATA rows: the thesis interleaves two derivations into one over two pages (and ERRATA notes the paragraph is additionally garbled - alpha and beta swapped, the q_i renumbered, two kappas interchanged), whereas here every element of X+Y is first shown to be a BINARY mixture over an effect divisoid (AConvMCat.exists_mix, which is the thesis's own normalization step applied globally), after which the result is two applications of "constant maps are affine". Affineness of gamma is likewise free from joint injectivity of its two legs. ERRATA already records both simplifications as informational.|left-thesis, re-derived 2026-09-03 against eff.tex and ERRATA.md; the verdict, the ground and the four ERRATA line numbers are all current. Matching the printed route would import exactly what an erratum corrects, and would additionally need a calculus the tree does not have. ERRATA.md:94 (196II) says of the two-page interleaved-derivation construction at eff.tex:3446-3590 'no defect, but the whole construction can be deleted', and names AConvMCat.exists_mix (StatesPredicates.lean:8411) and AConvMCat.coprod_jointly_injective (:8504) as the formalization; ERRATA.md:95 says of the by-hand affineness of gamma at eff.tex:3592-3657 'no defect, but it is free'. ERRATA.md:92 and :93 record that the printed paragraph is additionally garbled - alpha and beta swapped, the q_i renumbered, two kappas interchanged. Our AConvMCat.aconv_left_pullback (:8630) instead shows every element of X+Y to be a BINARY mixture over an effect divisoid, which is the thesis's own normalization step applied globally, after which well-definedness is two applications of 'constant maps are affine' and affineness of gamma is free from joint injectivity of its two legs. The printed route also needs 193IV's derivation calculus, which the tree does not have; the 194I.4 AConvMCat.coprod_inl_injective row in this file itemises what building it would cost. The divergence is deliberate and stays.
196II|aconvm_is_effectus|B/Eff/StatesPredicates|ok|faithful|Theorem aconvm-is-effectus: if M is an effect divisoid then AConv_M is an effectus. Assembled from 194I.1-.4 and the left square, exactly as the proof says. Universe max u v, for the reason recorded at 193V; that is a departure from the text, which is universe-blind, and the doc justifies it.
174II|PCM|B/Eff/EffectAlgebras|ok|none|Definition dfn-pcm, compared field by field. Clause 1 (partial commutativity) is perp_comm + ovee_comm; clause 2 (partial associativity) is perp_of_ovee_perp, perp_ovee_of_ovee_perp and ovee_assoc - all three conclusions of the point, none dropped; clause 3 (zero) is zero_perp + zero_ovee. Partiality is modelled by a definedness relation plus an operation on its graph, which is the standard rendering. Nothing missing.
174II|PCM.le|B/Eff/EffectAlgebras|ok|none|a <= b iff a ⋁ c = b for some c. Matches the closing sentence of dfn-pcm; written ≼ to avoid clashing with ambient orders.
174II|PCMHom|B/Eff/EffectAlgebras|ok|none|PCM homomorphism: a perp b implies f a perp f b and f a ⋁ f b = f (a ⋁ b). Matches.
174II|PCMCat|B/Eff/EffectAlgebras|ok|none|The category PCM. Matches.
174III|pcm_preorder_refl|B/Eff/EffectAlgebras|ok|faithful|Exercise pcm-preorder, reflexivity half. a ⋁ 0 = a.
174III|pcm_preorder_trans|B/Eff/EffectAlgebras|ok|faithful|Exercise pcm-preorder, transitivity half; together the two are "a PCM is preordered by <=".
174IV|PCM.isSumOf_swap|B/Eff/EffectAlgebras|ok|none|Helper: transposing the first two summands. Not a numbered point.
174IV|PCM.isSumOf_perm|B/Eff/EffectAlgebras|ok|none|RECLASSIFIED session 96, 2026-08-26: NOT a divergence -- eff.tex:223 states permutation-invariance of PCM sums with no proof at all (checked: parsec 1740 point 40 is two displays, then "Thus parantheses are superfluous", then the end of the point). There is nothing to match; the induction over List.Perm with PCM.assoc_left doing the transposition is ours by necessity. Category (1). Not a dead limb: PCM.isSumOf_perm is consumed in EffectAlgebras (effect-monoid distributivity), three times in StatesPredicates, and now by cotupl_pcm_key's four-summand regrouping in Effectus.
175I|EffectAlgebra|B/Eff/EffectAlgebras|ok|none|Definition dfn-ea, field by field: orth together with perp_orth and ovee_orth (existence of the orthocomplement), orth_unique (the point's UNIQUENESS, which is easy to drop and is not dropped), and eq_zero_of_perp_one (zero-one). Nothing missing.
175I|EAHom|B/Eff/EffectAlgebras|ok|none|Effect algebra homomorphism = PCM homomorphism preserving 1, i.e. the point's (additive) and (unital). The point's parenthetical consequences f(0) = 0 and f(a^perp) = f(a)^perp are 176V, stated there.
175I|EACat|B/Eff/EffectAlgebras|ok|none|The category EA. Matches.
175I|SubEffectAlgebra|B/Eff/EffectAlgebras|ok|none|Sub-effect algebra: 0, 1 in D, closed under defined sums and under orthocomplement. All four clauses present.
175II.1|unitInterval.effectAlgebra|B/Eff/EffectAlgebras|ok|none|Examples clause 1: [0,1] with x perp y iff x + y <= 1, x ⋁ y = x + y, x^perp = 1 - x. All three data match the display. The Examples point prints no argument; clause 1 only exhibits the three data.|repaired 2026-09-04, regraded 2026-09-04: reclassified faithful -> none. the point prints no argument -- 175II eaexamples is an Examples point (eff.tex:289-337) and clause 1 only exhibits the three data on [0,1] -- so there is nothing for faithful to match.
175II.2|orderIntervalEffectAlgebra|B/Eff/EffectAlgebras|weaker|none|Examples clause 2: the order interval [0,u]_G of an ordered group with distinguished element u. Lean assumes 0 <= u, which the point does not - and needs to: without it [0,u] is empty and carries no effect algebra, so this is a silent repair of the source, of the same shape as the four recorded in the standing observations. Also specialised to ABELIAN groups (the point says "ordered group"), which is harmless here since the operation used is +. The Examples point prints no argument; clause 2 only exhibits the three data.|repaired 2026-09-04, regraded 2026-09-04: the point prints no argument -- 175II eaexamples is an Examples point (eff.tex:289-337) and clause 2 only exhibits the three data on the order interval [0,1]_G -- so there is nothing for faithful to match. left-thesis - VERDICT CHANGED 2026-08-29 as read back, and the ground is now in words. The field grounded itself as reason 1 of the 2026-08-26 B/Eff statement pass, a hyphenated spelling that reads back as costed machinery for every numeral; there is no machinery here at all. Re-derived this pass: the printed point is FALSE as it stands, so the divergence belongs to the source. eff.tex:299 (eaexamples, Examples) clause 2 asserts that the order interval [0,1]_G of an ordered group G with a distinguished element 1 is an effect algebra, with NO hypothesis 0 <= 1. Counterexample, checked: at G = the integers with the distinguished element taken to be minus one, the interval of x with 0 <= x <= minus one is EMPTY, and the empty set is not an effect algebra - it has neither a 0 nor a 1. Our orderIntervalEffectAlgebra (EffectAlgebras.lean:391) adds hu : 0 <= u, which is the minimal fix, and the doc comment at :378 now says so rather than leaving it unexplained. Which fix the authors want is their call, so the row in ERRATA.md (line 88, 175II.2) stays OPEN and the Lean statement is unchanged; matching the printed statement is not an option, because the printed statement is not true. The specialisation to abelian groups is harmless: only + is used, and the point's ovee has to be commutative anyway, which the erratum's nit already records ("ordered group" is left undefined and occurs nowhere else in either thesis). Nothing to build and nothing costed.
175II.3|effectsEffectAlgebra|B/Eff/EffectAlgebras|ok|none|Examples clause 3: the effects [0,1]_A of a von Neumann algebra, with a perp b iff a + b <= 1. The [VonNeumannAlgebra] binder is present, as in the source (it is in fact not needed for the structure, so nothing is generalised here). The Examples point prints no argument; clause 3 only exhibits the three data.|repaired 2026-09-04, regraded 2026-09-04: reclassified faithful -> none. the point prints no argument -- 175II eaexamples is an Examples point (eff.tex:289-337) and clause 3 only exhibits the three data on the effects of a von Neumann algebra -- so there is nothing for faithful to match.
175II.4|orthomodularEffectAlgebra|B/Eff/EffectAlgebras|ok|none|Examples clause 4: an orthomodular lattice is an effect algebra with the same orthocomplement, x perp y iff x <= y^c, x ⋁ y = x ⊔ y. Stated after parsec 177 because it needs the definition of OML, which is where eff.tex puts it too. The Examples point prints no argument; clause 4 only exhibits the data, closing on the bare citation "(See e.g. [basmsc, prop. 27].)".|repaired 2026-09-04, regraded 2026-09-04: reclassified faithful -> none. the point prints no argument -- 175II eaexamples is an Examples point (eff.tex:289-337) and clause 4 only exhibits the data on an orthomodular lattice, closing on the bare citation "(See e.g. [basmsc, prop. 27].)" -- so there is nothing for faithful to match.
175II.5|booleanEffectAlgebra|B/Eff/EffectAlgebras|ok|none|Examples clause 5: a Boolean algebra with complement as orthocomplement, x perp y iff x ⊓ y = bot, x ⋁ y = x ⊔ y. Matches. The Examples point prints no argument; clause 5 only exhibits the data.|repaired 2026-09-04, regraded 2026-09-04: reclassified faithful -> none. the point prints no argument -- 175II eaexamples is an Examples point (eff.tex:289-337) and clause 5 only exhibits the data on a Boolean algebra -- so there is nothing for faithful to match.
175II.6|eaexamples_final|B/Eff/EffectAlgebras|ok|none|Examples clause 6, first half: the one-element Boolean algebra is final in EA. The Examples point prints no argument; the clause only asserts it.|repaired 2026-09-04, regraded 2026-09-04: reclassified faithful -> none. the point prints no argument -- 175II eaexamples is an Examples point (eff.tex:289-337) and clause 6 only asserts that the one-element Boolean algebra is final in EA -- so there is nothing for faithful to match.
175II.6|eaexamples_initial|B/Eff/EffectAlgebras|ok|none|Examples clause 6, second half: the two-element Boolean algebra is initial in EA. Stated in universe 0 (where Bool lives), which is a Lean restriction and not a mathematical one; the thesis's EA is a single large category. The Examples point prints no argument; the clause only asserts it.|repaired 2026-09-04, regraded 2026-09-04: reclassified faithful -> none. the point prints no argument -- 175II eaexamples is an Examples point (eff.tex:289-337) and clause 6 only asserts that the two-element Boolean algebra is initial in EA -- so there is nothing for faithful to match.
175III|prodEffectAlgebra|B/Eff/EffectAlgebras|ok|faithful|Exercise ea-product, part 1: E x F with componentwise operations is an effect algebra. Every field is the componentwise pair.
175III|ea_product_categorical|B/Eff/EffectAlgebras|ok|faithful|Exercise ea-product, part 2: "show that this IS the categorical product of E and F in EA". What is stated is only HasBinaryProducts EACat - the doc admits it ("stated here as: EA has binary products"), and so neither the carrier E x F nor the two projections is pinned. The construction inside the proof is the componentwise one with fst and snd, so the content is present but not asserted.|repaired - ea_product_categorical (EffectAlgebras.lean:655) now pins the product: a first conjunct giving, for each X and Y, the two morphisms out of the componentwise carrier whose underlying functions are Prod.fst and Prod.snd and a limit of pair X Y on that fan. HasBinaryProducts is derived from it and kept as the second conjunct.  2026-08-26 B/Eff stmt pass: RECLASSIFIED weaker -> ok. VERIFIED: ea_product_categorical (EffectAlgebras.lean:654) pins the product -- for each X, Y two morphisms out of the componentwise carrier whose underlying functions are literally Prod.fst and Prod.snd, and a limit of pair X Y on that fan. HasBinaryProducts EA survives as the second conjunct, derived from it.
175IV|EASansZero|B/Eff/EffectAlgebras|ok|none|The data of an effect algebra minus the zero axiom, needed to state 175IV. Checked against PCM/EffectAlgebra field by field: exactly zero_perp and zero_ovee are dropped, and everything else - including orth_unique and eq_zero_of_perp_one - is kept, which is what the exercise asks.
175IV|ea_redund|B/Eff/EffectAlgebras|ok|faithful|Exercise ea-redund: the zero axiom follows from partial commutativity, partial associativity, orthocomplement and zero-one. Stated as: for the reduced data, 0 perp a and 0 ⋁ a = a for every a. Both halves of the zero axiom, not just the equation.
175V.1|eabasics_orth_orth|B/Eff/EffectAlgebras|ok|faithful|Proposition eabasics clause 1 (involution), by the thesis's own argument (uniqueness of the orthocomplement applied to a^perp ⋁ a = 1 = a^perp ⋁ a^perp-perp).
175V.2|eabasics_orth_one|B/Eff/EffectAlgebras|ok|faithful|Clause 2, first half: 1^perp = 0.
175V.2|eabasics_orth_zero|B/Eff/EffectAlgebras|ok|faithful|Clause 2, second half: 0^perp = 1. Both from 0 ⋁ 1 = 1, as the text says.
175V.3|eabasics_positivity|B/Eff/EffectAlgebras|ok|faithful|Clause 3 (positivity): a ⋁ b = 0 gives a = 0 AND b = 0 - both conjuncts, as the point states. The thesis's route (a ⋁ b perp 1, so b perp 1 by associativity, so b = 0 by zero-one).
175V.4|eabasics_cancellation|B/Eff/EffectAlgebras|ok|faithful|Clause 4 (cancellation). The thesis's route: c ⋁ (a ⋁ c)^perp is an orthocomplement of both a and b.
175V.5|eabasics_le_antisymm|B/Eff/EffectAlgebras|ok|faithful|Clause 5: ≼ partially orders E. Only antisymmetry is stated, which is correct - the point itself says "By pcm-preorder we only need to show that <= is antisymmetric", and reflexivity and transitivity are 174III above.
175V.6|eabasics_le_iff_orth_le|B/Eff/EffectAlgebras|ok|faithful|Clause 6: a ≼ b iff b^perp ≼ a^perp, both directions.
175V.7|eabasics_le_perp_compat|B/Eff/EffectAlgebras|ok|faithful|Clause 7: a ≼ b and b perp c give a perp c and a ⋁ c ≼ b ⋁ c. Both conclusions.
175V.8|eabasics_perp_iff_le_orth|B/Eff/EffectAlgebras|ok|faithful|Clause 8: a perp b iff a ≼ b^perp, both directions.
176I|IsDiff|B/Eff/EffectAlgebras|ok|none|Definition of b ⊖ a as the unique c with a ⋁ c = b, in relational form.
176I|isDiff_unique|B/Eff/EffectAlgebras|ok|none|The point's parenthetical "(by cancellation) unique", proved by 175V.4, which is what that parenthetical cites; the Definition prints no argument of its own.|repaired 2026-09-04, regraded 2026-09-04: reclassified faithful -> none. the point prints no argument -- it is the Definition of b ominus a (eff.tex:430-436), whose whole justification is the parenthetical bare citation "(by cancellation)" -- so there is nothing for faithful to match.
176I|ominus|B/Eff/EffectAlgebras|ok|none|The functional form of the difference, by choice from a ≼ b.
176II|exc_dposet_D1|B/Eff/EffectAlgebras|ok|faithful|Exercise* exc-dposet (D1): a ⊖ b is defined iff b ≼ a. True by rfl in this encoding, which is the honest reading.
176II|exc_dposet_D2|B/Eff/EffectAlgebras|ok|faithful|(D2): a ⊖ b ≼ a.
176II|exc_dposet_D3|B/Eff/EffectAlgebras|ok|faithful|(D3): a ⊖ (a ⊖ b) = b, in relational form.
176II|exc_dposet_D4|B/Eff/EffectAlgebras|ok|faithful|(D4): both conclusions - c ⊖ b ≼ c ⊖ a and (c ⊖ a) ⊖ (c ⊖ b) = b ⊖ a.
176IV|DPoset|B/Eff/EffectAlgebras|ok|none|Remark 176IV, the D-poset: a poset with maximum 1 and partial ⊖ satisfying (D1)-(D4). (D1) is built into the type of sub (the operation takes a proof b <= a), and sub_le, sub_sub, sub_antitone, sub_sub_eq are (D2), (D3) and the two halves of (D4). Nothing missing.
176III|DPoset.sub_left_cancel|B/Eff/EffectAlgebras|ok|faithful|A step of 176III: ⊖ is cancellative in its first argument, which is what makes a ⋁ b = c iff c ⊖ b = a single-valued. Not a numbered clause.
176III|DPoset.DPerp|B/Eff/EffectAlgebras|ok|none|The definedness relation a perp b of the effect algebra on a D-poset, read off the point's "a ⋁ b = c iff c ⊖ b = a".
176III|DPoset.dovee|B/Eff/EffectAlgebras|ok|none|The partial sum on a D-poset, by choice.
176III|DPoset.dzero_le|B/Eff/EffectAlgebras|ok|faithful|1 ⊖ 1 is least - the zero of the induced effect algebra.
176III|DPoset.dsub_zero|B/Eff/EffectAlgebras|ok|faithful|x ⊖ (1 ⊖ 1) = x, via (D4).
176III|dposetEffectAlgebra|B/Eff/EffectAlgebras|ok|faithful|The effect algebra structure of 176III, with 0 = 1 ⊖ 1, 1 the maximum, a^perp = 1 ⊖ a and a ⋁ b determined by c ⊖ b = a. Every EffectAlgebra field discharged from (D1)-(D4).
176III|exc_dposet_ea|B/Eff/EffectAlgebras|ok|faithful|Exercise* 176III as a statement: a D-poset carries an effect algebra whose algebraic order is the given order and whose orthocomplement is 1 ⊖ a. The point also asks for compatibility of ⊖ itself; only the orthocomplement case is stated, but general compatibility follows at once from the order clause and dovee_eq, so nothing is really missing.
176V.1|exc_eamorphism_map_zero|B/Eff/EffectAlgebras|ok|faithful|Exercise exc-eamorphism clause 1: f(0) = 0.
176V.2|exc_eamorphism_monotone|B/Eff/EffectAlgebras|ok|faithful|Clause 2: f is order preserving.
176V.3|exc_eamorphism_map_diff|B/Eff/EffectAlgebras|ok|faithful|Clause 3: f(a ⊖ b) = f a ⊖ f b when defined, in relational form.
176V.4|exc_eamorphism_map_orth|B/Eff/EffectAlgebras|ok|faithful|Clause 4: f(a^perp) = f(a)^perp.
177Ia|WrightTriangle.not_ea_modularity_prop|B/Eff/EffectAlgebras|ok|faithful|Negative result kept in the tree: 177Ia ea-modularity-prop is FALSE AS PRINTED - in the Wright triangle a1 perp a2 and a1 ∧ a2 = 0 exists while a1 ∨ a2 does not. Machine-checked by decide. Already in ERRATA.
177Ia|WrightTriangle.not_modularity_lemma|B/Eff/EffectAlgebras|ok|faithful|The lemma that 177Ib's proof rests on is false too, even with c perp d added. Same witness.
177Ia|dual_modularity_lemma|B/Eff/EffectAlgebras|ok|faithful|The dual of 177Ib's lemma, which IS true: hypothesise the supremum of the two differences and conclude the infimum of c, d. Strictly more general than 177Ia (no c perp d, x arbitrary). Divergence class 2 and forced - the printed lemma is false, so there is no sound argument to transcribe; the route is through the master's thesis's Corollary 14.2, whose sound half is transcribed as msc_cor14_2_inf.|repaired 2026-08-22 - the note's premise had expired. It says 'the printed lemma is false, so there is no sound argument to transcribe'; eff.tex corrected 177Ia and its proof on 2026-08-14, and the printed proof of the lemma is sound in exactly the direction we state. It is now transcribed step for step: x - c = (x^p or c)^p (isDiff_eq_orth_ovee_orth), the orthocomplement anti-isomorphism turns the supremum j into the infimum of x^p or c and x^p or d (isInf_orth_of_isSup), that infimum is above x^p so equals x^p or r, and r = c meet d by the order embedding b -> x^p or b of msc_prop13_1, packaged as msc_cor14_1_inf. DEAD LIMB BROUGHT BACK: msc_prop13_1 (master's thesis Prop. 13.1) and msc_cor14_1_inf (Cor. 14.1, infimum half) had ZERO uses - they are the printed proof's own machinery, transcribed and then bypassed by the Cor.-14.2 route. msc_cor14_1_sup and msc_cor14_2_sup_below remain unreferenced by design: they are the record of the false first printing, like the WrightTriangle refutations.
177Ia|ea_modularity_prop|B/Eff/EffectAlgebras|ok|faithful|Proposition ea-modularity-prop, REALIGNED: the printed claim is that for a perp b the existence of a ∧ b already yields a ∨ b and a ⋁ b = (a ∧ b) ⋁ (a ∨ b). Ours assumes BOTH the infimum and the supremum exist and concludes only the identity. That is weaker, deliberately, because the printed statement is false (previous two rows); ERRATA carries the row. Proof is msc_cor16_2, not 177Ib.|repaired 2026-08-22 - the note is stale in both columns. It describes the FIRST printing ('the printed claim is that for a perp b the existence of a meet b already yields a join b') and says ours 'assumes BOTH ... and concludes only the identity'. eff.tex has printed the corrected Proposition since 2026-08-14 and ea_modularity_prop states it in full: supremum hypothesised, infimum concluded, identity concluded. The proof is now eff.tex's own 'Indeed: ...' derivation, msc_prop15'_of_dual applied to the repaired dual_modularity_lemma. The stmt column still reads 'weaker' and should be re-verified: the declaration is no longer a weaker remnant (Dagger/DiamondAmp worker, 2026-08-22).  2026-08-26 B/Eff stmt pass: RECLASSIFIED weaker -> ok; the recorded reason had EXPIRED. Checked against eff.tex:484-492 today: the Proposition now reads 'If the supremum a v b exists for some a, b with a perp b, then their infimum a ^ b exists as well and a ovee b = (a ^ b) ovee (a v b)'. ea_modularity_prop (EffectAlgebras.lean:1661) is exactly that -- hypotheses Perp a b and PCM.IsSup a b j, conclusion exists m, PCM.IsInf a b m and ovee a b = ovee m j. Nothing is dropped and nothing extra is assumed. The note's 'ours assumes BOTH the infimum and the supremum exist and concludes only the identity' describes the FIRST printing and has been stale since 2026-08-14.
177IV|Ortholattice|B/Eff/EffectAlgebras|ok|none|Definition dfn-orthomodular-lattice, first half: a bounded lattice with orthocomplement satisfying a ⊓ a^c = 0, a ⊔ a^c = 1, antitonicity and involutivity. All four axioms present.
177IV|OrthomodularLattice|B/Eff/EffectAlgebras|ok|none|Second half: orthomodularity a <= b implies a ⊔ (a^c ⊓ b) = b. Matches. (177V, the Example that the projections of a von Neumann algebra form an OML, is moved to VNExamples.lean by an author ruling, as the comment in this file records.)
177VI|orth_ea_is_orthomodular|B/Eff/EffectAlgebras|ok|faithful|Proposition orth-ea-is-orthomodular: an effect algebra that is an ortholattice is orthomodular. The two hypotheses hle and hcompl (that the lattice order is the algebraic order and the lattice complement the orthocomplement) are not extra assumptions but the content of the point's "that is an ortholattice", which Lean cannot leave implicit. Proof is 177VII: a ∧ (a^c ∧ b) = 0, so 177Ia gives a ∨ (a^c ∧ b) = a ⋁ (a^c ∧ b), and then a^c ∧ b = b ⊖ a.
178II|EffectMonoid|B/Eff/EffectAlgebras|ok|none|Definition dfn-effect-monoid, field by field: (unit) as one_mul and mul_one, (associativity) as mul_assoc, (distributivity) as distrib - which carries BOTH halves of clause 3, the existence of the four-fold sum and its value, through PCM.IsSumOf. Nothing missing.
178II|EffectMonoid.Commutative|B/Eff/EffectAlgebras|ok|none|a ⊙ b = b ⊙ a. Matches.
178II|EffectMonoidHom|B/Eff/EffectAlgebras|ok|none|An effect algebra homomorphism that preserves ⊙. Matches.
178III.1|unitInterval.effectMonoid|B/Eff/EffectAlgebras|ok|faithful|Examples clause 1, first half: [0,1] with the usual product is a commutative effect monoid.
178III.1|unitInterval_effectMonoid_unique|B/Eff/EffectAlgebras|ok|none|RECLASSIFIED session 96, 2026-08-26: NOT a divergence -- eff.tex:637 gives the parenthetical "This is the only way to turn [0,1] into an effect monoid" with a bare citation to basmsc prop. 41 and no argument in either thesis. Category (1); the Cauchy-functional-equation proof is ours by necessity.
178III.2|booleanEffectMonoid|B/Eff/EffectAlgebras|ok|faithful|Examples clause 2, first half: a Boolean algebra is an effect monoid with x ⊙ y = x ⊓ y.
178III.2|finite_effectMonoid_commutative|B/Eff/EffectAlgebras|ok|none|RECLASSIFIED session 96, 2026-08-26: NOT a divergence -- eff.tex:645 reads "every finite (not necessarily commutative) effect monoid is of this form [basmsc prop. 40] and thus commutative"; the whole argument is the word "thus", resting on a result cited without proof. Category (1). Re-checked that the dependency also cannot be inverted here: our proof of finite_effectMonoid_boolean CONSUMES this corollary (emon_finite_orth_mul, emon_finite_orth_ovee and emon_finite_perp_mul_orth each rewrite by it), so deriving commutativity from the Boolean form would mean rebuilding the Boolean structure without commutativity, not transcribing anything.
178III.2|finite_effectMonoid_boolean|B/Eff/EffectAlgebras|ok|none|RECLASSIFIED session 96, 2026-08-26: NOT a divergence -- bare citation to basmsc prop. 40 at eff.tex:645, no proof in either thesis. Category (1). Rendered strongly, as an equality of STRUCTURES on the carrier M itself rather than merely an isomorphism, so nothing is lost.
178III.3|(instance : EffectMonoid Bool)|B/Eff/EffectAlgebras|ok|faithful|Examples clause 3: the two-element Boolean algebra as an effect monoid with x ⊙ y = x ∧ y. Instance from booleanEffectMonoid.
178III.4|exists_noncommutative_effectMonoid|B/Eff/EffectAlgebras|ok|none|RECLASSIFIED session 96, 2026-08-26: NOT a divergence -- eff.tex:652 cites basmsc cor. 51 for the lexicographically ordered R^5 and gives no construction whatever. Category (1); the LexNC development builds the witness on the announced space and verifies non-commutativity.
178IIIa|exc_emonzero|B/Eff/EffectAlgebras|ok|faithful|Exercise exc-emonzero: a ⊙ 0 = 0 = 0 ⊙ a. Audited against the CORRECTED text - the doc records that the exercise used to read "a ⊙ 0 = a = 0 ⊙ a", false in [0,1], and that this was corrected upstream; eff.tex now reads as Lean does. Proof is the distributivity expansion plus cancellation and positivity. (Examples clause 5, M^op, is not formalized here; the opposite effect monoid is built in StatesPredicates.lean for 192VII, carrying no 178III.5 label.)
178V|emond_lemma_for_conv|B/Eff/EffectAlgebras|ok|faithful|Exercise emond-lemma-for-conv: if ⋁ a_i = 1 and ⋁ a_i ⊙ b_i = 1 then a_i ⊙ b_i = a_i for every i. Quantifier structure and both hypotheses match; no thesis proof to follow, and the list-level argument is the natural one.
179II|EffectModule|B/Eff/EffectAlgebras|ok|none|Definition dfn-effect-module, field by field: clause 1 as mul_smul, clause 2 as smul_perp (both the orthogonality and the equation), clause 3 as perp_smul (likewise), clause 4 as one_smul. Nothing missing.
179II|EffectModuleHom|B/Eff/EffectAlgebras|ok|none|An effect algebra homomorphism with f(l . a) = l . f a. Matches.
179II|EModCat|B/Eff/EffectAlgebras|ok|none|The category EMod_M. Matches.
179III.1|effectModuleBool|B/Eff/EffectAlgebras|ok|none|Examples clause 1, first sentence: every effect algebra is an effect module over 2, with b . a = a if b else 0. The uniqueness of that structure is the untagged helper effectModule_bool_smul. The Examples point prints no argument; the clause only asserts it.|repaired 2026-09-04, regraded 2026-09-04: reclassified faithful -> none. the point prints no argument -- 179III is an Examples point (eff.tex:722-745) and clause 1 only asserts that every effect algebra is an effect module over 2 -- so there is nothing for faithful to match.
179III.1|ea_equiv_emod_two, eaToEModTwo, eModTwoToEA|B/Eff/EffectAlgebras|ok|none|Examples clause 1, parenthetical "In fact EA iso EMod_2" - an ISOMORPHISM of categories in the source, rendered as Nonempty (EACat ≌ EModCat Bool). This is the standing observation's recurring shape (188III/188IV). The gap is recoverable in the file: both functors are identity on carriers, and effectModule_bool_smul shows the 2-module structure on an effect algebra is unique, so the round trip is the identity on the nose up to structure equality - but that is never stated. 2026-08-27 unrowed pass: the two functors are moved from the status field into lean_name. eaToEModTwo (EffectAlgebras.lean:3367) is EA ⥤ EMod₂, the identity on carriers, an effect algebra homomorphism being 2-linear because it preserves 0; eModTwoToEA (3381) is the forgetful functor back, also the identity on carriers. They are what makes the source's \cong an isomorphism rather than an equivalence. The parenthetical is a bare assertion; 179III prints no argument. Verdict unchanged.|repaired 2026-09-04, regraded 2026-09-04: the point prints no argument -- 179III is an Examples point (eff.tex:722-745) and clause 1's parenthetical "(In fact EA iso EMod_2.)" is a bare assertion -- so there is nothing for faithful to match. repaired - ea_equiv_emod_two (EffectAlgebras.lean:3293) now asserts the isomorphism the source's \cong means: two functors eaToEModTwo and eModTwoToEA (3265, 3272), both the identity on carriers, with both composites equal to the identity functors on the nose. The extra ingredient is effectModule_bool_unique, that the 2-action on an effect algebra is literally unique. The equivalence is kept as the second conjunct.  2026-08-26 B/Eff stmt pass: RECLASSIFIED weaker -> ok. VERIFIED: ea_equiv_emod_two (EffectAlgebras.lean:3401) asserts the isomorphism the source's cong means -- two functors eaToEModTwo and eModTwoToEA, both pinned identity-on-carriers, with BOTH composites equal to the identity functors on the nose; the equivalence is kept as a second conjunct. The extra ingredient is effectModule_bool_unique, that the 2-action on an effect algebra is literally unique.
179III.1|emod_punit_subsingleton|B/Eff/EffectAlgebras|ok|none|Examples clause 1, second sentence: the only effect module over the one-element effect monoid is the one-element effect algebra, rendered as Subsingleton E. The Examples point prints no argument; the clause only asserts the claim. Ours is a ⋁ a = (1 ⋁ 1) . a = a plus cancellation.|repaired 2026-09-04, regraded 2026-09-04: reclassified faithful -> none. the point prints no argument -- 179III is an Examples point (eff.tex:722-745) and clause 1's second sentence only asserts that 1 is the only effect module over the one-element effect monoid -- so there is nothing for faithful to match.
179III.2|orderIntervalEffectModule|B/Eff/EffectAlgebras|ok|none|Examples clause 2, third sentence: if V is an ordered real vector space with order unit u then [0,u] is an effect module over [0,1]. [PosSMulMono ℝ V] and [SMulPosMono ℝ V] are present and are part of "ordered real VECTOR space" (the positive cone closed under nonnegative scalars); 0 <= u replaces "order unit", which is weaker than the source but is all this direction needs. The first sentence ("effect modules over [0,1] are the same as convex effect algebras") is a naming remark and is not formalized. The Examples point prints no argument; clause 2 only asserts the claim, citing [gudder1998representation].|repaired 2026-09-04, regraded 2026-09-04: reclassified faithful -> none. the point prints no argument -- 179III is an Examples point (eff.tex:722-745) and clause 2 only asserts that [0,u] is an effect module over [0,1], citing [gudder1998representation] -- so there is nothing for faithful to match.
179III.2|effectModule_unitInterval_representation, IsOrderUnit|B/Eff/EffectAlgebras|ok|none|Examples clause 2, fourth sentence, the Gudder-Pulmannova representation theorem, cited by eff.tex to gudder1998representation without proof. Ruled (a) of docs/DECISIONS.md section 1.5 on 2026-09-04 and restated accordingly, so the statement now matches the cited theorem: the produced V carries [PosSMulMono R V] and [SMulPosMono R V] beside [PartialOrder] and [IsOrderedAddMonoid] - the same scalar half of "ordered real vector space" that the sibling orderIntervalEffectModule assumes - and u is an IsOrderUnit (every v satisfies v <= n . u for some n : N), with 0 <= u kept beside it because it costs nothing and keeps the statement visibly stronger than the old one. IsOrderUnit is defined in this file rather than reused from OrderUnitSpace in B/Eff/OrderUnit.lean, because that file imports StatesPredicates imports Effectus imports this one, so importing it would be a cycle. The Examples point prints no argument at all - the sentence is a bare citation - so there is nothing for faithful to match.|repaired 2026-09-04: statement strengthened exactly as the ruling asks AND PROVED; the sorry is gone and the theorem is axiom-clean (propext, Classical.choice, Quot.sound). The proof is ours - eff.tex prints none - and is the classical cone-and-differences construction, carried out concretely in namespace GP of this file. GP.Cone E is the set of formal multiples r . a (r : NNReal, a : E), with (r,a) ~ (s,b) iff (r/N) . a = (s/N) . b at some, equivalently any, common bound N; addition r.a + s.b = (r+s) . ((r/(r+s)) . a ovee (s/(r+s)) . b) is TOTAL because the two coefficients sum to at most 1, which is where convexity enters, and the cone is a cancellative (GP.Cone.add_right_cancel) salient (GP.Cone.eq_zero_of_add_eq_zero) commutative monoid with an NNReal action. GP.Vec E is its group of formal differences, carrying t . x = t+ . x - t- . x for real t and the order x <= y iff y - x lies in the cone; u is the class of 1 . 1 and f a the class of 1 . a. Two lemmas about effect modules over [0,1] carry the weight, both proved from the four module axioms alone by the same trick (pick n and c with l * c = 1/n, then induct on k/n for k <= n): GP.smul_left_cancel, that l . a = l . b with l nonzero forces a = b - without it the relation on formal multiples is not even transitive and f need not be injective - and GP.exists_smul_eq, divisibility, that a <= l . 1 with l nonzero gives a = l . e for some e, which is what makes the image of f the WHOLE interval [0,u] and not merely a convex subset of it. About 1050 new lines. Previously left-ruling.
